id,platform,place_id,place_name,place_category,place_address,query,video_url,video_caption,video_views,video_likes,video_comment_count,comment_id,comment_text,comment_author,comment_likes,comment_created_at,is_useful_comment,comment_text_quality_score,comment_is_likely_spam,comment_is_reply,comment_language,comment_emoji_ratio,scraped_at
5d2ddbb46cf8daca770f98eacf19a239014d4896dea4192ac89856f21bbaf63e,tiktok,dalat_002,Horizon Coffee Da Lat,Quán cà phê,"31/6 3/4, Xuân Hương - Đà Lạt, Lâm Đồng, Việt Nam",Horizon Coffee Da Lat Đà Lạt review,https://www.tiktok.com/@trongtamdalat/video/7633379755215047944,"Bỏ ra 59k đi ăn cơm trưa ngắm view đồi thông liệu có đáng ko? 59k là 5 móm: 1 mặn, 1 xào, 1 rau salad, 1 canh, 1 tráng . Còn trên clip mình đi gia đình nên gọi thêm vài món mặn tính thêm nha mọi người #dalat #ongboreviewdalat",217200,3147,113,7633803313256366856,59K/ng hen,,1,2026-04-28T13:35:57.000Z,False,0.3,False,False,en,0.0,2026-05-23T19:54:55.078018
6e5075a1a71424e98cc261bb7bc24024daa1e93598209bbd96d10e223432c4e6,tiktok,dalat_002,Horizon Coffee Da Lat,Quán cà phê,"31/6 3/4, Xuân Hương - Đà Lạt, Lâm Đồng, Việt Nam",Horizon Coffee Da Lat Đà Lạt review,https://www.tiktok.com/@trongtamdalat/video/7633379755215047944,"Bỏ ra 59k đi ăn cơm trưa ngắm view đồi thông liệu có đáng ko? 59k là 5 móm: 1 mặn, 1 xào, 1 rau salad, 1 canh, 1 tráng . Còn trên clip mình đi gia đình nên gọi thêm vài món mặn tính thêm nha mọi người #dalat #ongboreviewdalat",217200,3147,113,7633846309195121415,Đúng rồi b,,0,2026-04-28T16:22:37.000Z,False,0.3,False,False,en,0.0,2026-05-23T19:54:55.078018
8b25e9ad06828dd3c107791d0dda8f57b7e14f561dc44add7fe1725d164a9494,tiktok,dalat_002,Horizon Coffee Da Lat,Quán cà phê,"31/6 3/4, Xuân Hương - Đà Lạt, Lâm Đồng, Việt Nam",Horizon Coffee Da Lat Đà Lạt review,https://www.tiktok.com/@trongtamdalat/video/7633379755215047944,"Bỏ ra 59k đi ăn cơm trưa ngắm view đồi thông liệu có đáng ko? 59k là 5 móm: 1 mặn, 1 xào, 1 rau salad, 1 canh, 1 tráng . Còn trên clip mình đi gia đình nên gọi thêm vài món mặn tính thêm nha mọi người #dalat #ongboreviewdalat",217200,3147,113,7634728886819947271,cách chợ Đà lạt bn km bạn,,0,2026-05-01T01:27:37.000Z,False,0.5,False,False,en,0.0,2026-05-23T19:54:55.078018
5ef823b26f518ec30644445ce41e2f92f5a5da83da71274a7ef1d1d498f87a78,tiktok,dalat_002,Horizon Coffee Da Lat,Quán cà phê,"31/6 3/4, Xuân Hương - Đà Lạt, Lâm Đồng, Việt Nam",Horizon Coffee Da Lat Đà Lạt review,https://www.tiktok.com/@trongtamdalat/video/7633379755215047944,"Bỏ ra 59k đi ăn cơm trưa ngắm view đồi thông liệu có đáng ko? 59k là 5 móm: 1 mặn, 1 xào, 1 rau salad, 1 canh, 1 tráng . Còn trên clip mình đi gia đình nên gọi thêm vài món mặn tính thêm nha mọi người #dalat #ongboreviewdalat",217200,3147,113,7635904262694372103,đà lạt nói thật đồ ăn nấu ko ngon,,3,2026-05-04T05:28:35.000Z,True,0.5,False,False,en,0.0,2026-05-23T19:54:55.078018
3b62b2a5ae3573a6c6198881ff4dc2245ef676a4e6ab28a2cb9b4b4d8ddfca27,tiktok,dalat_002,Horizon Coffee Da Lat,Quán cà phê,"31/6 3/4, Xuân Hương - Đà Lạt, Lâm Đồng, Việt Nam",Horizon Coffee Da Lat Đà Lạt review,https://www.tiktok.com/@trongtamdalat/video/7633379755215047944,"Bỏ ra 59k đi ăn cơm trưa ngắm view đồi thông liệu có đáng ko? 59k là 5 móm: 1 mặn, 1 xào, 1 rau salad, 1 canh, 1 tráng . Còn trên clip mình đi gia đình nên gọi thêm vài món mặn tính thêm nha mọi người #dalat #ongboreviewdalat",217200,3147,113,7637164899776578322,"Trước đây caffe ak,nay có bán cơm lun gòy",,0,2026-05-07T15:00:27.000Z,False,0.7,False,False,en,0.0,2026-05-23T19:54:55.078018
e61c7ee5b7ad89af117f9a808b7abc718136f6ad0d74ed6122a6a7c699b1ea50,tiktok,dalat_002,Horizon Coffee Da Lat,Quán cà phê,"31/6 3/4, Xuân Hương - Đà Lạt, Lâm Đồng, Việt Nam",Horizon Coffee Da Lat Đà Lạt review,https://www.tiktok.com/@trongtamdalat/video/7633379755215047944,"Bỏ ra 59k đi ăn cơm trưa ngắm view đồi thông liệu có đáng ko? 59k là 5 móm: 1 mặn, 1 xào, 1 rau salad, 1 canh, 1 tráng . Còn trên clip mình đi gia đình nên gọi thêm vài món mặn tính thêm nha mọi người #dalat #ongboreviewdalat",217200,3147,113,7638851726845887252,59k 1 người phần quay cho 5 người phải không.,,0,2026-05-12T04:06:23.000Z,False,0.7,False,False,en,0.0,2026-05-23T19:54:55.078018
c82eeaad7025e53abbf04bf51167e18edf500fe5b96be757e64667088055dde9,tiktok,dalat_002,Horizon Coffee Da Lat,Quán cà phê,"31/6 3/4, Xuân Hương - Đà Lạt, Lâm Đồng, Việt Nam",Horizon Coffee Da Lat Đà Lạt review,https://www.tiktok.com/@trongtamdalat/video/7633379755215047944,"Bỏ ra 59k đi ăn cơm trưa ngắm view đồi thông liệu có đáng ko? 59k là 5 móm: 1 mặn, 1 xào, 1 rau salad, 1 canh, 1 tráng . Còn trên clip mình đi gia đình nên gọi thêm vài món mặn tính thêm nha mọi người #dalat #ongboreviewdalat",217200,3147,113,7634184487731184385,"thắc mắc sao đà lạt xứ sở rau mà rau lại mắc hơn sg, ăn cơm toàn phải kêu thêm mới có, 60k dĩa rất ít",,13,2026-04-29T14:14:57.000Z,False,0.7,False,False,en,0.0,2026-05-23T19:54:55.078018
ed5bc5fe4edb96b17da00d155225eb0ee62d67b4832ba1298730926237d111d2,tiktok,dalat_002,Horizon Coffee Da Lat,Quán cà phê,"31/6 3/4, Xuân Hương - Đà Lạt, Lâm Đồng, Việt Nam",Horizon Coffee Da Lat Đà Lạt review,https://www.tiktok.com/@trongtamdalat/video/7633379755215047944,"Bỏ ra 59k đi ăn cơm trưa ngắm view đồi thông liệu có đáng ko? 59k là 5 móm: 1 mặn, 1 xào, 1 rau salad, 1 canh, 1 tráng . Còn trên clip mình đi gia đình nên gọi thêm vài món mặn tính thêm nha mọi người #dalat #ongboreviewdalat",217200,3147,113,7642589143780131605,"Đẹp ạ , cho mình ké , homestay nguyên căn 3 phòng đơn (6 -8 khách ) ngay trung tâm đà lạt , view đẹp , full kính lớn 1tr5 ạ m.n tham khảo nha zl 0359867397",,0,2026-05-22T05:49:24.000Z,True,0.7,False,False,en,0.0,2026-05-23T19:54:55.078018
2bc2fd249460817508ad08679208f910a89f19342324fb56f4e6cf34c57f6ef2,tiktok,dalat_002,Horizon Coffee Da Lat,Quán cà phê,"31/6 3/4, Xuân Hương - Đà Lạt, Lâm Đồng, Việt Nam",Horizon Coffee Da Lat Đà Lạt review,https://www.tiktok.com/@trongtamdalat/video/7633379755215047944,"Bỏ ra 59k đi ăn cơm trưa ngắm view đồi thông liệu có đáng ko? 59k là 5 móm: 1 mặn, 1 xào, 1 rau salad, 1 canh, 1 tráng . Còn trên clip mình đi gia đình nên gọi thêm vài món mặn tính thêm nha mọi người #dalat #ongboreviewdalat",217200,3147,113,7634497814680290068,"59k được 1 món mặn thôi, thêm dĩa trứng 16k nữa, cf muối 60k nói chung trải nghiệm tệ, thịt nhạt, cơm nhão nhẹt. Lên thiếu món phải đợi lâu, thiếu đũa thiếu thìa. Bàn bên cạnh có order thịt gà nhưng ăn tới cuối buổi vẫn chưa có full món 🤣🤣",,15,2026-04-30T10:30:53.000Z,True,0.7,False,False,en,0.004,2026-05-23T19:54:55.078018
174ce89d6eb2d92e97a9662c0f2f93a9e2ebcec78099e6ac369986f25bddec02,tiktok,dalat_002,Horizon Coffee Da Lat,Quán cà phê,"31/6 3/4, Xuân Hương - Đà Lạt, Lâm Đồng, Việt Nam",Horizon Coffee Da Lat Đà Lạt review,https://www.tiktok.com/@trongtamdalat/video/7633379755215047944,"Bỏ ra 59k đi ăn cơm trưa ngắm view đồi thông liệu có đáng ko? 59k là 5 móm: 1 mặn, 1 xào, 1 rau salad, 1 canh, 1 tráng . Còn trên clip mình đi gia đình nên gọi thêm vài món mặn tính thêm nha mọi người #dalat #ongboreviewdalat",217200,3147,113,7633380540482601746,này xưa quán cafe pk,,5,2026-04-27T10:15:20.000Z,False,0.5,False,False,en,0.0,2026-05-23T19:54:55.078018
eda8ae489e5a9e637df40524e108824d37bd4feac6365429a816bf8fbc40aec7,tiktok,dalat_002,Horizon Coffee Da Lat,Quán cà phê,"31/6 3/4, Xuân Hương - Đà Lạt, Lâm Đồng, Việt Nam",Horizon Coffee Da Lat Đà Lạt review,https://www.tiktok.com/@trongtamdalat/video/7633379755215047944,"Bỏ ra 59k đi ăn cơm trưa ngắm view đồi thông liệu có đáng ko? 59k là 5 móm: 1 mặn, 1 xào, 1 rau salad, 1 canh, 1 tráng . Còn trên clip mình đi gia đình nên gọi thêm vài món mặn tính thêm nha mọi người #dalat #ongboreviewdalat",217200,3147,113,7633395684524671762,giá rẻ vậy,,1,2026-04-27T11:14:11.000Z,False,0.3,False,False,en,0.0,2026-05-23T19:54:55.078018
e85ad68c749bd4daa7b9b73963a7e5a2a8c6f3b08b39b6bcdd465194abcf0dcc,tiktok,dalat_002,Horizon Coffee Da Lat,Quán cà phê,"31/6 3/4, Xuân Hương - Đà Lạt, Lâm Đồng, Việt Nam",Horizon Coffee Da Lat Đà Lạt review,https://www.tiktok.com/@trongtamdalat/video/7633379755215047944,"Bỏ ra 59k đi ăn cơm trưa ngắm view đồi thông liệu có đáng ko? 59k là 5 móm: 1 mặn, 1 xào, 1 rau salad, 1 canh, 1 tráng . Còn trên clip mình đi gia đình nên gọi thêm vài món mặn tính thêm nha mọi người #dalat #ongboreviewdalat",217200,3147,113,7633478064995140360,"59k là 5 móm: 1 mặn, 1 xào, 1 rau salad, 1 canh, 1 tráng . Còn trên clip mình đi gia đình nên gọi thêm vài món mặn tính thêm nha mọi người 🥰",,0,2026-04-27T16:33:39.000Z,True,0.7,False,False,en,0.007,2026-05-23T19:54:55.078018
4318991d4401a502be970f344aa3c33f5ded0531a45ad5c1c398b7942a55303c,tiktok,dalat_002,Horizon Coffee Da Lat,Quán cà phê,"31/6 3/4, Xuân Hương - Đà Lạt, Lâm Đồng, Việt Nam",Horizon Coffee Da Lat Đà Lạt review,https://www.tiktok.com/@trongtamdalat/video/7633379755215047944,"Bỏ ra 59k đi ăn cơm trưa ngắm view đồi thông liệu có đáng ko? 59k là 5 móm: 1 mặn, 1 xào, 1 rau salad, 1 canh, 1 tráng . Còn trên clip mình đi gia đình nên gọi thêm vài món mặn tính thêm nha mọi người #dalat #ongboreviewdalat",217200,3147,113,7634012076474598162,"59k/nguoi mn để ý nhé ,trên bàn của a này cỡ 2 phần (2 người) và gọi thêm món riêng chứ ko phải 59k mà hết cả trên bàn đâu nha cá bạn",,3,2026-04-29T03:06:01.000Z,False,0.7,False,False,en,0.0,2026-05-23T19:54:55.078018
bf2e7fd88c2f11482b63d0a58db12ac3c9c1bfb98a1208f809e8a7a05e963433,tiktok,dalat_002,Horizon Coffee Da Lat,Quán cà phê,"31/6 3/4, Xuân Hương - Đà Lạt, Lâm Đồng, Việt Nam",Horizon Coffee Da Lat Đà Lạt review,https://www.tiktok.com/@trongtamdalat/video/7633379755215047944,"Bỏ ra 59k đi ăn cơm trưa ngắm view đồi thông liệu có đáng ko? 59k là 5 móm: 1 mặn, 1 xào, 1 rau salad, 1 canh, 1 tráng . Còn trên clip mình đi gia đình nên gọi thêm vài món mặn tính thêm nha mọi người #dalat #ongboreviewdalat",217200,3147,113,7634043023562670855,"Minh có ghi rõ á b, các món trên bàn là mình gọi thêm ăn gia đình",,0,2026-04-29T05:05:59.000Z,False,0.7,False,False,en,0.0,2026-05-23T19:54:55.078018
a6ddaba5a93f8c729d0594f54a4047eafb667509bb5f581570ca0db6c26f3672,tiktok,dalat_002,Horizon Coffee Da Lat,Quán cà phê,"31/6 3/4, Xuân Hương - Đà Lạt, Lâm Đồng, Việt Nam",Horizon Coffee Da Lat Đà Lạt review,https://www.tiktok.com/@trongtamdalat/video/7633379755215047944,"Bỏ ra 59k đi ăn cơm trưa ngắm view đồi thông liệu có đáng ko? 59k là 5 móm: 1 mặn, 1 xào, 1 rau salad, 1 canh, 1 tráng . Còn trên clip mình đi gia đình nên gọi thêm vài món mặn tính thêm nha mọi người #dalat #ongboreviewdalat",217200,3147,113,7633530140475917074,"Sắp đi Đalat tìm quán ăn cơm, ai đi rồi xin ít thông tin có giống clip ko ạ 😁",,2,2026-04-27T19:55:52.000Z,False,0.7,False,False,en,0.013,2026-05-23T19:54:55.078018
2cf073bbe08d9761085cb936b1d3e4387275f5d992880bca71a86234187526a7,tiktok,dalat_002,Horizon Coffee Da Lat,Quán cà phê,"31/6 3/4, Xuân Hương - Đà Lạt, Lâm Đồng, Việt Nam",Horizon Coffee Da Lat Đà Lạt review,https://www.tiktok.com/@trongtamdalat/video/7633379755215047944,"Bỏ ra 59k đi ăn cơm trưa ngắm view đồi thông liệu có đáng ko? 59k là 5 móm: 1 mặn, 1 xào, 1 rau salad, 1 canh, 1 tráng . Còn trên clip mình đi gia đình nên gọi thêm vài món mặn tính thêm nha mọi người #dalat #ongboreviewdalat",217200,3147,113,7633606472102560519,"59k là 5 móm: 1 mặn, 1 xào, 1 rau salad, 1 canh, 1 tráng . Còn trên clip mình đi gia đình nên gọi thêm vài món mặn tính thêm nha mọi người 🥰",,2,2026-04-28T00:52:04.000Z,True,0.7,False,False,en,0.007,2026-05-23T19:54:55.078018
5c3b7920066508e82a844503c5f8d557fe704fcf186987d85f1a8af01bb9cba9,tiktok,dalat_002,Horizon Coffee Da Lat,Quán cà phê,"31/6 3/4, Xuân Hương - Đà Lạt, Lâm Đồng, Việt Nam",Horizon Coffee Da Lat Đà Lạt review,https://www.tiktok.com/@trongtamdalat/video/7633379755215047944,"Bỏ ra 59k đi ăn cơm trưa ngắm view đồi thông liệu có đáng ko? 59k là 5 móm: 1 mặn, 1 xào, 1 rau salad, 1 canh, 1 tráng . Còn trên clip mình đi gia đình nên gọi thêm vài món mặn tính thêm nha mọi người #dalat #ongboreviewdalat",217200,3147,113,7633411981130760967,ô tô vào tới nơi được không?,,0,2026-04-27T12:17:11.000Z,False,0.5,False,False,en,0.0,2026-05-23T19:54:55.078018
4daeb5f8b7876fc1931ca9f0a713384685c5d4662678a50479bc040d110220c1,tiktok,dalat_002,Horizon Coffee Da Lat,Quán cà phê,"31/6 3/4, Xuân Hương - Đà Lạt, Lâm Đồng, Việt Nam",Horizon Coffee Da Lat Đà Lạt review,https://www.tiktok.com/@trongtamdalat/video/7633379755215047944,"Bỏ ra 59k đi ăn cơm trưa ngắm view đồi thông liệu có đáng ko? 59k là 5 móm: 1 mặn, 1 xào, 1 rau salad, 1 canh, 1 tráng . Còn trên clip mình đi gia đình nên gọi thêm vài món mặn tính thêm nha mọi người #dalat #ongboreviewdalat",217200,3147,113,7633416041040773906,Đầu clip có chiếc oto đậu kìa😂,,2,2026-04-27T12:32:56.000Z,False,0.5,False,False,en,0.033,2026-05-23T19:54:55.078018
ac4615bd5f4b9f0c424a31db07b10acf3f83b88b19d5f433a1d959319b3b7297,tiktok,dalat_002,Horizon Coffee Da Lat,Quán cà phê,"31/6 3/4, Xuân Hương - Đà Lạt, Lâm Đồng, Việt Nam",Horizon Coffee Da Lat Đà Lạt review,https://www.tiktok.com/@trongtamdalat/video/7633379755215047944,"Bỏ ra 59k đi ăn cơm trưa ngắm view đồi thông liệu có đáng ko? 59k là 5 móm: 1 mặn, 1 xào, 1 rau salad, 1 canh, 1 tráng . Còn trên clip mình đi gia đình nên gọi thêm vài món mặn tính thêm nha mọi người #dalat #ongboreviewdalat",217200,3147,113,7633673620367098644,59k chắc k thể có rồi.,,0,2026-04-28T05:12:36.000Z,False,0.5,False,False,en,0.0,2026-05-23T19:54:55.078018
04ee50d8e27f41be974c00852e129cc979fb13e650326adccda40a573df21692,tiktok,dalat_002,Horizon Coffee Da Lat,Quán cà phê,"31/6 3/4, Xuân Hương - Đà Lạt, Lâm Đồng, Việt Nam",Horizon Coffee Da Lat Đà Lạt review,https://www.tiktok.com/@trongtamdalat/video/7633379755215047944,"Bỏ ra 59k đi ăn cơm trưa ngắm view đồi thông liệu có đáng ko? 59k là 5 móm: 1 mặn, 1 xào, 1 rau salad, 1 canh, 1 tráng . Còn trên clip mình đi gia đình nên gọi thêm vài món mặn tính thêm nha mọi người #dalat #ongboreviewdalat",217200,3147,113,7633678988598084360,"Xem kĩ trong clip nói rõ b : 59k là 5 món: 1 mặn, 1 xào, 1 rau salad, 1 canh, 1 tráng . Còn trên clip mình đi gia đình nên gọi thêm vài món mặn tính thêm nha mọi người",,0,2026-04-28T05:33:22.000Z,True,0.7,False,False,en,0.0,2026-05-23T19:54:55.078018
a290bc1fe83a49148ce633a03a9e97dc28fb023b2cd67928f2f7e4774bafd186,tiktok,dalat_002,Horizon Coffee Da Lat,Quán cà phê,"31/6 3/4, Xuân Hương - Đà Lạt, Lâm Đồng, Việt Nam",Horizon Coffee Da Lat Đà Lạt review,https://www.tiktok.com/@trongtamdalat/video/7633379755215047944,"Bỏ ra 59k đi ăn cơm trưa ngắm view đồi thông liệu có đáng ko? 59k là 5 móm: 1 mặn, 1 xào, 1 rau salad, 1 canh, 1 tráng . Còn trên clip mình đi gia đình nên gọi thêm vài món mặn tính thêm nha mọi người #dalat #ongboreviewdalat",217200,3147,113,7633843585183531793,quán này sáng moi đi,,0,2026-04-28T16:12:02.000Z,False,0.5,False,False,en,0.0,2026-05-23T19:54:55.078018
8255fc95c161a609dc46f7a011682b1ea41b078feb47db9d66536d6f79e7e525,tiktok,dalat_002,Horizon Coffee Da Lat,Quán cà phê,"31/6 3/4, Xuân Hương - Đà Lạt, Lâm Đồng, Việt Nam",Horizon Coffee Da Lat Đà Lạt review,https://www.tiktok.com/@trongtamdalat/video/7633379755215047944,"Bỏ ra 59k đi ăn cơm trưa ngắm view đồi thông liệu có đáng ko? 59k là 5 móm: 1 mặn, 1 xào, 1 rau salad, 1 canh, 1 tráng . Còn trên clip mình đi gia đình nên gọi thêm vài món mặn tính thêm nha mọi người #dalat #ongboreviewdalat",217200,3147,113,7639281209298748168,Quán đl nhiều quán đẹp . Mà mỗi tội đi oto lên phải thuê xe máy đi chứ đường toàn len lõi mới đến quán đc 🥺,,0,2026-05-13T07:52:56.000Z,True,0.7,False,False,en,0.009,2026-05-23T19:54:55.078018
524146523ddd9982ea7521788eec5cda48db2d6c3d136307824e8b4f66a06e73,tiktok,dalat_002,Horizon Coffee Da Lat,Quán cà phê,"31/6 3/4, Xuân Hương - Đà Lạt, Lâm Đồng, Việt Nam",Horizon Coffee Da Lat Đà Lạt review,https://www.tiktok.com/@trongtamdalat/video/7633379755215047944,"Bỏ ra 59k đi ăn cơm trưa ngắm view đồi thông liệu có đáng ko? 59k là 5 móm: 1 mặn, 1 xào, 1 rau salad, 1 canh, 1 tráng . Còn trên clip mình đi gia đình nên gọi thêm vài món mặn tính thêm nha mọi người #dalat #ongboreviewdalat",217200,3147,113,7633383584204800775,Xin địa chỉ,,0,2026-04-27T10:27:10.000Z,False,0.3,False,False,en,0.0,2026-05-23T19:54:55.078018
4e7b2ee6610609f0b68d9b1b0a221beeb4c749bbd68f7a92d6341d014faa3772,tiktok,dalat_002,Horizon Coffee Da Lat,Quán cà phê,"31/6 3/4, Xuân Hương - Đà Lạt, Lâm Đồng, Việt Nam",Horizon Coffee Da Lat Đà Lạt review,https://www.tiktok.com/@trongtamdalat/video/7633379755215047944,"Bỏ ra 59k đi ăn cơm trưa ngắm view đồi thông liệu có đáng ko? 59k là 5 móm: 1 mặn, 1 xào, 1 rau salad, 1 canh, 1 tráng . Còn trên clip mình đi gia đình nên gọi thêm vài món mặn tính thêm nha mọi người #dalat #ongboreviewdalat",217200,3147,113,7633467228865053458,Phai ko .. 60 nhu vay co re wua ko,,0,2026-04-27T15:51:40.000Z,False,0.5,False,False,en,0.0,2026-05-23T19:54:55.078018
908dc9e92f981fa02c4ae5ba3fb46a6c7ad5b210852ec34beae5d762706074db,tiktok,dalat_002,Horizon Coffee Da Lat,Quán cà phê,"31/6 3/4, Xuân Hương - Đà Lạt, Lâm Đồng, Việt Nam",Horizon Coffee Da Lat Đà Lạt review,https://www.tiktok.com/@trongtamdalat/video/7633379755215047944,"Bỏ ra 59k đi ăn cơm trưa ngắm view đồi thông liệu có đáng ko? 59k là 5 móm: 1 mặn, 1 xào, 1 rau salad, 1 canh, 1 tráng . Còn trên clip mình đi gia đình nên gọi thêm vài món mặn tính thêm nha mọi người #dalat #ongboreviewdalat",217200,3147,113,7633606568998912786,": 59k là 5 móm: 1 mặn, 1 xào, 1 rau salad, 1 canh, 1 tráng . Còn trên clip mình đi gia đình nên gọi thêm vài món mặn tính thêm nha mọi người 🥰",,0,2026-04-28T00:52:24.000Z,True,0.7,False,False,en,0.007,2026-05-23T19:54:55.078018
22decb93971c11c89797a90ce62c1246aa989e1175a9685d69ce7aac8ecc7566,tiktok,dalat_002,Horizon Coffee Da Lat,Quán cà phê,"31/6 3/4, Xuân Hương - Đà Lạt, Lâm Đồng, Việt Nam",Horizon Coffee Da Lat Đà Lạt review,https://www.tiktok.com/@trongtamdalat/video/7633379755215047944,"Bỏ ra 59k đi ăn cơm trưa ngắm view đồi thông liệu có đáng ko? 59k là 5 móm: 1 mặn, 1 xào, 1 rau salad, 1 canh, 1 tráng . Còn trên clip mình đi gia đình nên gọi thêm vài món mặn tính thêm nha mọi người #dalat #ongboreviewdalat",217200,3147,113,7633402569641935636,ô tô vô được không ạ?,,1,2026-04-27T11:40:50.000Z,False,0.6,False,False,mixed,0.0,2026-05-23T19:54:55.078018
b59dbed4ae91fd731f2247caa4c68e30fb0df40e997034452c6a6c7acc774b20,tiktok,dalat_002,Horizon Coffee Da Lat,Quán cà phê,"31/6 3/4, Xuân Hương - Đà Lạt, Lâm Đồng, Việt Nam",Horizon Coffee Da Lat Đà Lạt review,https://www.tiktok.com/@trongtamdalat/video/7633379755215047944,"Bỏ ra 59k đi ăn cơm trưa ngắm view đồi thông liệu có đáng ko? 59k là 5 móm: 1 mặn, 1 xào, 1 rau salad, 1 canh, 1 tráng . Còn trên clip mình đi gia đình nên gọi thêm vài món mặn tính thêm nha mọi người #dalat #ongboreviewdalat",217200,3147,113,7633394738603934471,"đúng ko vậy,xin đ���a chỉ",,0,2026-04-27T11:10:19.000Z,False,0.5,False,False,en,0.0,2026-05-23T19:54:55.078018
6facdad278090de019a66d43ae3eb80de827aa7a1adad032637dc59ab0e6ec0a,tiktok,dalat_002,Horizon Coffee Da Lat,Quán cà phê,"31/6 3/4, Xuân Hương - Đà Lạt, Lâm Đồng, Việt Nam",Horizon Coffee Da Lat Đà Lạt review,https://www.tiktok.com/@trongtamdalat/video/7633379755215047944,"Bỏ ra 59k đi ăn cơm trưa ngắm view đồi thông liệu có đáng ko? 59k là 5 móm: 1 mặn, 1 xào, 1 rau salad, 1 canh, 1 tráng . Còn trên clip mình đi gia đình nên gọi thêm vài món mặn tính thêm nha mọi người #dalat #ongboreviewdalat",217200,3147,113,7633423070078616328,Search Horizon coffee Dalat là ra ạ,,1,2026-04-27T13:00:17.000Z,False,0.5,False,False,en,0.0,2026-05-23T19:54:55.078018
a6768956c5fac08b1046c536b00a21138ebac7e8837092eb4e1b21353ad37f1f,tiktok,dalat_002,Horizon Coffee Da Lat,Quán cà phê,"31/6 3/4, Xuân Hương - Đà Lạt, Lâm Đồng, Việt Nam",Horizon Coffee Da Lat Đà Lạt review,https://www.tiktok.com/@trongtamdalat/video/7633379755215047944,"Bỏ ra 59k đi ăn cơm trưa ngắm view đồi thông liệu có đáng ko? 59k là 5 móm: 1 mặn, 1 xào, 1 rau salad, 1 canh, 1 tráng . Còn trên clip mình đi gia đình nên gọi thêm vài món mặn tính thêm nha mọi người #dalat #ongboreviewdalat",217200,3147,113,7642534845412049671,Uh dc vậy cũng mừng,,0,2026-05-22T02:18:44.000Z,False,0.3,False,False,en,0.0,2026-05-23T19:54:55.078018
4c49f9f1769e559809658bdbb14f6b1045095b383167d8fe38fc610ae555dcff,tiktok,dalat_002,Horizon Coffee Da Lat,Quán cà phê,"31/6 3/4, Xuân Hương - Đà Lạt, Lâm Đồng, Việt Nam",Horizon Coffee Da Lat Đà Lạt review,https://www.tiktok.com/@trongtamdalat/video/7633379755215047944,"Bỏ ra 59k đi ăn cơm trưa ngắm view đồi thông liệu có đáng ko? 59k là 5 móm: 1 mặn, 1 xào, 1 rau salad, 1 canh, 1 tráng . Còn trên clip mình đi gia đình nên gọi thêm vài món mặn tính thêm nha mọi người #dalat #ongboreviewdalat",217200,3147,113,7636115935355519745,mai t ghé ăn thử 😅,,1,2026-05-04T19:10:06.000Z,False,0.3,False,False,en,0.056,2026-05-23T19:54:55.078018
78c3d92b4409c7feab6e9d1a409adfb13ff02b1615767cbd825447e3d2c862f6,tiktok,dalat_002,Horizon Coffee Da Lat,Quán cà phê,"31/6 3/4, Xuân Hương - Đà Lạt, Lâm Đồng, Việt Nam",Horizon Coffee Da Lat Đà Lạt review,https://www.tiktok.com/@trongtamdalat/video/7633379755215047944,"Bỏ ra 59k đi ăn cơm trưa ngắm view đồi thông liệu có đáng ko? 59k là 5 móm: 1 mặn, 1 xào, 1 rau salad, 1 canh, 1 tráng . Còn trên clip mình đi gia đình nên gọi thêm vài món mặn tính thêm nha mọi người #dalat #ongboreviewdalat",217200,3147,113,7633453583317566216,Quá Ok la,,1,2026-04-27T14:58:42.000Z,False,0.3,False,False,en,0.0,2026-05-23T19:54:55.078018
90cfd9addcc03ab3eb1cc50d307349416077038af35cbe6f0d2f783d21038ef7,tiktok,dalat_002,Horizon Coffee Da Lat,Quán cà phê,"31/6 3/4, Xuân Hương - Đà Lạt, Lâm Đồng, Việt Nam",Horizon Coffee Da Lat Đà Lạt review,https://www.tiktok.com/@trongtamdalat/video/7633379755215047944,"Bỏ ra 59k đi ăn cơm trưa ngắm view đồi thông liệu có đáng ko? 59k là 5 móm: 1 mặn, 1 xào, 1 rau salad, 1 canh, 1 tráng . Còn trên clip mình đi gia đình nên gọi thêm vài món mặn tính thêm nha mọi người #dalat #ongboreviewdalat",217200,3147,113,7634684408528044821,1 thời là quán cf hót.h bán cơm,,0,2026-04-30T22:35:11.000Z,False,0.5,False,False,en,0.0,2026-05-23T19:54:55.078018
a229520f17ee214328c7381a860bfd2e7b21c2c6ed28ad1b3b4c0b3dd654ffbe,tiktok,dalat_002,Horizon Coffee Da Lat,Quán cà phê,"31/6 3/4, Xuân Hương - Đà Lạt, Lâm Đồng, Việt Nam",Horizon Coffee Da Lat Đà Lạt review,https://www.tiktok.com/@trongtamdalat/video/7633379755215047944,"Bỏ ra 59k đi ăn cơm trưa ngắm view đồi thông liệu có đáng ko? 59k là 5 móm: 1 mặn, 1 xào, 1 rau salad, 1 canh, 1 tráng . Còn trên clip mình đi gia đình nên gọi thêm vài món mặn tính thêm nha mọi người #dalat #ongboreviewdalat",217200,3147,113,7635192860866265863,Cho xin Menu,,0,2026-05-02T07:27:59.000Z,False,0.3,False,False,en,0.0,2026-05-23T19:54:55.078018
43b5d3e578068d05f140765d659f03b1483cbeedb4e2a84fcd2b150480fb7f39,tiktok,dalat_002,Horizon Coffee Da Lat,Quán cà phê,"31/6 3/4, Xuân Hương - Đà Lạt, Lâm Đồng, Việt Nam",Horizon Coffee Da Lat Đà Lạt review,https://www.tiktok.com/@trongtamdalat/video/7633379755215047944,"Bỏ ra 59k đi ăn cơm trưa ngắm view đồi thông liệu có đáng ko? 59k là 5 móm: 1 mặn, 1 xào, 1 rau salad, 1 canh, 1 tráng . Còn trên clip mình đi gia đình nên gọi thêm vài món mặn tính thêm nha mọi người #dalat #ongboreviewdalat",217200,3147,113,7642944902527271696,Quán này đẹp nhưng tui nói cái dốc nó kinh dị đã dốc chúi còn xa nửa. Đi oto hay xe máy đều rén. Nhưng quán view rất đẹp. Đồ ăn cũng tạm. Nhưng nếu ai sợ dốc dộ cao thì bỏ qua nha.,,0,2026-05-23T04:49:55.000Z,True,0.7,False,False,en,0.0,2026-05-23T19:54:55.078018
43ef6f2b5210e0dcab71cae05b06846487a954ed27eaf710e0045ec22f03b811,tiktok,dalat_002,Horizon Coffee Da Lat,Quán cà phê,"31/6 3/4, Xuân Hương - Đà Lạt, Lâm Đồng, Việt Nam",Horizon Coffee Da Lat Đà Lạt review,https://www.tiktok.com/@trongtamdalat/video/7633379755215047944,"Bỏ ra 59k đi ăn cơm trưa ngắm view đồi thông liệu có đáng ko? 59k là 5 móm: 1 mặn, 1 xào, 1 rau salad, 1 canh, 1 tráng . Còn trên clip mình đi gia đình nên gọi thêm vài món mặn tính thêm nha mọi người #dalat #ongboreviewdalat",217200,3147,113,7642210912593691400,quán này k lên đi,,0,2026-05-21T05:21:35.000Z,False,0.3,False,False,en,0.0,2026-05-23T19:54:55.078018
95ddb0a3b118de1a5c94b1f3345ab2f3542f44565f9457bdbcc53b769dbe69c1,tiktok,dalat_002,Horizon Coffee Da Lat,Quán cà phê,"31/6 3/4, Xuân Hương - Đà Lạt, Lâm Đồng, Việt Nam",Horizon Coffee Da Lat Đà Lạt review,https://www.tiktok.com/@trongtamdalat/video/7633379755215047944,"Bỏ ra 59k đi ăn cơm trưa ngắm view đồi thông liệu có đáng ko? 59k là 5 móm: 1 mặn, 1 xào, 1 rau salad, 1 canh, 1 tráng . Còn trên clip mình đi gia đình nên gọi thêm vài món mặn tính thêm nha mọi người #dalat #ongboreviewdalat",217200,3147,113,7635192801085653778,Ở đâu vậy anh,,0,2026-05-02T07:27:47.000Z,False,0.3,False,False,en,0.0,2026-05-23T19:54:55.078018
3862a434adb68264863753f528daa7f158cf5ff4cb4ebc9bacb8ad7160dddddd,tiktok,dalat_002,Horizon Coffee Da Lat,Quán cà phê,"31/6 3/4, Xuân Hương - Đà Lạt, Lâm Đồng, Việt Nam",Horizon Coffee Da Lat Đà Lạt review,https://www.tiktok.com/@trongtamdalat/video/7633379755215047944,"Bỏ ra 59k đi ăn cơm trưa ngắm view đồi thông liệu có đáng ko? 59k là 5 móm: 1 mặn, 1 xào, 1 rau salad, 1 canh, 1 tráng . Còn trên clip mình đi gia đình nên gọi thêm vài món mặn tính thêm nha mọi người #dalat #ongboreviewdalat",217200,3147,113,7634233944125293319,Vô thấy đánh giá 1* ko 😂,,0,2026-04-29T17:26:54.000Z,True,0.5,False,False,en,0.042,2026-05-23T19:54:55.078018
bd2c3ce1a151ff72bc692bc294b8088f07a24f7b1db42a7e3a8e0d341652afd0,tiktok,dalat_002,Horizon Coffee Da Lat,Quán cà phê,"31/6 3/4, Xuân Hương - Đà Lạt, Lâm Đồng, Việt Nam",Horizon Coffee Da Lat Đà Lạt review,https://www.tiktok.com/@trongtamdalat/video/7633379755215047944,"Bỏ ra 59k đi ăn cơm trưa ngắm view đồi thông liệu có đáng ko? 59k là 5 móm: 1 mặn, 1 xào, 1 rau salad, 1 canh, 1 tráng . Còn trên clip mình đi gia đình nên gọi thêm vài món mặn tính thêm nha mọi người #dalat #ongboreviewdalat",217200,3147,113,7642893964049236757,59k chắc là 1món,,0,2026-05-23T01:32:30.000Z,False,0.3,False,False,en,0.0,2026-05-23T19:54:55.078018
a4068eb284929cbb6618d45d9edbd6ec0a2cea17d882af9be3be6c385cc40ded,tiktok,dalat_002,Horizon Coffee Da Lat,Quán cà phê,"31/6 3/4, Xuân Hương - Đà Lạt, Lâm Đồng, Việt Nam",Horizon Coffee Da Lat Đà Lạt review,https://www.tiktok.com/@trongtamdalat/video/7633379755215047944,"Bỏ ra 59k đi ăn cơm trưa ngắm view đồi thông liệu có đáng ko? 59k là 5 móm: 1 mặn, 1 xào, 1 rau salad, 1 canh, 1 tráng . Còn trên clip mình đi gia đình nên gọi thêm vài món mặn tính thêm nha mọi người #dalat #ongboreviewdalat",217200,3147,113,7636851473993188114,Trc là quán cf giờ chuyển qua cơm nhà rồi😅,,0,2026-05-06T18:44:17.000Z,False,0.7,False,False,en,0.024,2026-05-23T19:54:55.078018
ed9840cc7870a2ac4bb1bd8a3364b4a612b42570f34df5d890ffce3eea78472c,tiktok,dalat_002,Horizon Coffee Da Lat,Quán cà phê,"31/6 3/4, Xuân Hương - Đà Lạt, Lâm Đồng, Việt Nam",Horizon Coffee Da Lat Đà Lạt review,https://www.tiktok.com/@trongtamdalat/video/7633379755215047944,"Bỏ ra 59k đi ăn cơm trưa ngắm view đồi thông liệu có đáng ko? 59k là 5 móm: 1 mặn, 1 xào, 1 rau salad, 1 canh, 1 tráng . Còn trên clip mình đi gia đình nên gọi thêm vài món mặn tính thêm nha mọi người #dalat #ongboreviewdalat",217200,3147,113,7635479047396557586,Có đồ chay k ad,,0,2026-05-03T01:58:31.000Z,False,0.3,False,False,en,0.0,2026-05-23T19:54:55.078018
5ea576924abe2225ec34573b47f9347d9a861f99d364ff483a34cbfc8702fa5b,tiktok,dalat_002,Horizon Coffee Da Lat,Quán cà phê,"31/6 3/4, Xuân Hương - Đà Lạt, Lâm Đồng, Việt Nam",Horizon Coffee Da Lat Đà Lạt review,https://www.tiktok.com/@trongtamdalat/video/7633379755215047944,"Bỏ ra 59k đi ăn cơm trưa ngắm view đồi thông liệu có đáng ko? 59k là 5 móm: 1 mặn, 1 xào, 1 rau salad, 1 canh, 1 tráng . Còn trên clip mình đi gia đình nên gọi thêm vài món mặn tính thêm nha mọi người #dalat #ongboreviewdalat",217200,3147,113,7635221950919770897,Chiều có bán cơm k nhỉ a,,0,2026-05-02T09:21:20.000Z,False,0.5,False,False,en,0.0,2026-05-23T19:54:55.078018
3889c9644acef232bceb37dd2b2ac98ef4ad3f0c379200dd177cc4f6e5291187,tiktok,dalat_002,Horizon Coffee Da Lat,Quán cà phê,"31/6 3/4, Xuân Hương - Đà Lạt, Lâm Đồng, Việt Nam",Horizon Coffee Da Lat Đà Lạt review,https://www.tiktok.com/@trongtamdalat/video/7633379755215047944,"Bỏ ra 59k đi ăn cơm trưa ngắm view đồi thông liệu có đáng ko? 59k là 5 móm: 1 mặn, 1 xào, 1 rau salad, 1 canh, 1 tráng . Còn trên clip mình đi gia đình nên gọi thêm vài món mặn tính thêm nha mọi người #dalat #ongboreviewdalat",217200,3147,113,7634159802890257173,Cho xin địa chỉ ạ,,0,2026-04-29T12:39:21.000Z,False,0.3,False,False,en,0.0,2026-05-23T19:54:55.078018
54e2117b1abd831d23cc015812956340508ed9488717b0fd6774339ddd0d93c3,tiktok,dalat_002,Horizon Coffee Da Lat,Quán cà phê,"31/6 3/4, Xuân Hương - Đà Lạt, Lâm Đồng, Việt Nam",Horizon Coffee Da Lat Đà Lạt review,https://www.tiktok.com/@trongtamdalat/video/7633379755215047944,"Bỏ ra 59k đi ăn cơm trưa ngắm view đồi thông liệu có đáng ko? 59k là 5 móm: 1 mặn, 1 xào, 1 rau salad, 1 canh, 1 tráng . Còn trên clip mình đi gia đình nên gọi thêm vài món mặn tính thêm nha mọi người #dalat #ongboreviewdalat",217200,3147,113,7634138133819294480,B này nói đúng nha,,0,2026-04-29T11:15:20.000Z,False,0.3,False,False,en,0.0,2026-05-23T19:54:55.078018
452339ed4662042bfb3bc20926e56dfc21cac22e5d47a640519a005aad371449,tiktok,dalat_002,Horizon Coffee Da Lat,Quán cà phê,"31/6 3/4, Xuân Hương - Đà Lạt, Lâm Đồng, Việt Nam",Horizon Coffee Da Lat Đà Lạt review,https://www.tiktok.com/@trongtamdalat/video/7633379755215047944,"Bỏ ra 59k đi ăn cơm trưa ngắm view đồi thông liệu có đáng ko? 59k là 5 móm: 1 mặn, 1 xào, 1 rau salad, 1 canh, 1 tráng . Còn trên clip mình đi gia đình nên gọi thêm vài món mặn tính thêm nha mọi người #dalat #ongboreviewdalat",217200,3147,113,7633471373785416466,Cộng thêm 1 quán cơm một điều ước nữa.,,0,2026-04-27T16:07:47.000Z,False,0.5,False,False,en,0.0,2026-05-23T19:54:55.078018
fbe2bc0432e7ad2a2a48036a63b2bd2c593f36c3ded9447cbac1ef81b3d5a670,tiktok,dalat_002,Horizon Coffee Da Lat,Quán cà phê,"31/6 3/4, Xuân Hương - Đà Lạt, Lâm Đồng, Việt Nam",Horizon Coffee Da Lat Đà Lạt review,https://www.tiktok.com/@trongtamdalat/video/7633379755215047944,"Bỏ ra 59k đi ăn cơm trưa ngắm view đồi thông liệu có đáng ko? 59k là 5 móm: 1 mặn, 1 xào, 1 rau salad, 1 canh, 1 tráng . Còn trên clip mình đi gia đình nên gọi thêm vài món mặn tính thêm nha mọi người #dalat #ongboreviewdalat",217200,3147,113,7638524219701576469,"Trải nghiệm tệ 😂😂, k gọi thêm nước uống riêng, xác định ăn xong là nhịn khát",,1,2026-05-11T06:55:29.000Z,True,0.7,False,False,en,0.013,2026-05-23T19:54:55.078018
8b6fb7a14d4e12858e6bc088dba52dfd4b55346f70559d216b7fd82bba14d865,tiktok,dalat_002,Horizon Coffee Da Lat,Quán cà phê,"31/6 3/4, Xuân Hương - Đà Lạt, Lâm Đồng, Việt Nam",Horizon Coffee Da Lat Đà Lạt review,https://www.tiktok.com/@trongtamdalat/video/7633379755215047944,"Bỏ ra 59k đi ăn cơm trưa ngắm view đồi thông liệu có đáng ko? 59k là 5 móm: 1 mặn, 1 xào, 1 rau salad, 1 canh, 1 tráng . Còn trên clip mình đi gia đình nên gọi thêm vài món mặn tính thêm nha mọi người #dalat #ongboreviewdalat",217200,3147,113,7634200505661588225,"Đúng, rau củ trái tự trồng dc mà mắc như quỷ,chặt chém kiểu ăn trên đầu trên cổ người ta, kiểu ăn cướp",,10,2026-04-29T15:17:09.000Z,True,0.7,False,False,en,0.0,2026-05-23T19:54:55.078018
2994f548f682f1e821d1717ee2916a03102c542feb456609a2e66aa64618b421,tiktok,dalat_002,Horizon Coffee Da Lat,Quán cà phê,"31/6 3/4, Xuân Hương - Đà Lạt, Lâm Đồng, Việt Nam",Horizon Coffee Da Lat Đà Lạt review,https://www.tiktok.com/@trongtamdalat/video/7633379755215047944,"Bỏ ra 59k đi ăn cơm trưa ngắm view đồi thông liệu có đáng ko? 59k là 5 móm: 1 mặn, 1 xào, 1 rau salad, 1 canh, 1 tráng . Còn trên clip mình đi gia đình nên gọi thêm vài món mặn tính thêm nha mọi người #dalat #ongboreviewdalat",217200,3147,113,7634483604030636818,59k 1 người mâm này là 10nguoi😂,,1,2026-04-30T09:35:44.000Z,False,0.5,False,False,en,0.032,2026-05-23T19:54:55.078018
e1f7272b66d8f9bfbbedfdd1f85ad064ea1f7f67d7d6995dabe63f75df26623a,tiktok,dalat_002,Horizon Coffee Da Lat,Quán cà phê,"31/6 3/4, Xuân Hương - Đà Lạt, Lâm Đồng, Việt Nam",Horizon Coffee Da Lat Đà Lạt review,https://www.tiktok.com/@trongtamdalat/video/7633379755215047944,"Bỏ ra 59k đi ăn cơm trưa ngắm view đồi thông liệu có đáng ko? 59k là 5 móm: 1 mặn, 1 xào, 1 rau salad, 1 canh, 1 tráng . Còn trên clip mình đi gia đình nên gọi thêm vài món mặn tính thêm nha mọi người #dalat #ongboreviewdalat",217200,3147,113,7638535347470680840,kk. hên không nghe. Có người bảo cơm lá chuối ngon...mà ngon thiệt 😅,,0,2026-05-11T07:38:30.000Z,True,0.7,False,False,en,0.015,2026-05-23T19:54:55.078018
b4164ca492d56eb54c6bbff22cfc7b79a327f60d26265307c0e85436b4f61c60,tiktok,dalat_002,Horizon Coffee Da Lat,Quán cà phê,"31/6 3/4, Xuân Hương - Đà Lạt, Lâm Đồng, Việt Nam",Horizon Coffee Da Lat Đà Lạt review,https://www.tiktok.com/@trongtamdalat/video/7633379755215047944,"Bỏ ra 59k đi ăn cơm trưa ngắm view đồi thông liệu có đáng ko? 59k là 5 móm: 1 mặn, 1 xào, 1 rau salad, 1 canh, 1 tráng . Còn trên clip mình đi gia đình nên gọi thêm vài món mặn tính thêm nha mọi người #dalat #ongboreviewdalat",217200,3147,113,7633668803150660353,Chill quá,,0,2026-04-28T04:53:53.000Z,False,0.3,False,False,en,0.0,2026-05-23T19:54:55.078018
cc4a0bba65d4be9376ee54be70542fad0a4fd540eded2a7c03caf44cbb2a89f7,tiktok,dalat_002,Horizon Coffee Da Lat,Quán cà phê,"31/6 3/4, Xuân Hương - Đà Lạt, Lâm Đồng, Việt Nam",Horizon Coffee Da Lat Đà Lạt review,https://www.tiktok.com/@trongtamdalat/video/7633379755215047944,"Bỏ ra 59k đi ăn cơm trưa ngắm view đồi thông liệu có đáng ko? 59k là 5 móm: 1 mặn, 1 xào, 1 rau salad, 1 canh, 1 tráng . Còn trên clip mình đi gia đình nên gọi thêm vài món mặn tính thêm nha mọi người #dalat #ongboreviewdalat",217200,3147,113,7633658501042078484,cho xin địa chỉ,,0,2026-04-28T04:13:59.000Z,False,0.3,False,False,en,0.0,2026-05-23T19:54:55.078018
13ed77af28dde0bc09dc215e4e7b8b633528ee8de154b77b97a18a9f2da1e31c,tiktok,dalat_002,Horizon Coffee Da Lat,Quán cà phê,"31/6 3/4, Xuân Hương - Đà Lạt, Lâm Đồng, Việt Nam",Horizon Coffee Da Lat Đà Lạt review,https://www.tiktok.com/@trongtamdalat/video/7633379755215047944,"Bỏ ra 59k đi ăn cơm trưa ngắm view đồi thông liệu có đáng ko? 59k là 5 móm: 1 mặn, 1 xào, 1 rau salad, 1 canh, 1 tráng . Còn trên clip mình đi gia đình nên gọi thêm vài món mặn tính thêm nha mọi người #dalat #ongboreviewdalat",217200,3147,113,7633462210569126664,Mang cún theo đc hong,,0,2026-04-27T15:32:13.000Z,False,0.5,False,False,en,0.0,2026-05-23T19:54:55.078018
5b2fc37ee62e1baccfe9aeb281a08525222d991b21e94eef3b9e38a328c50ac3,tiktok,dalat_002,Horizon Coffee Da Lat,Quán cà phê,"31/6 3/4, Xuân Hương - Đà Lạt, Lâm Đồng, Việt Nam",Horizon Coffee Da Lat Đà Lạt review,https://www.tiktok.com/@trongtamdalat/video/7633379755215047944,"Bỏ ra 59k đi ăn cơm trưa ngắm view đồi thông liệu có đáng ko? 59k là 5 móm: 1 mặn, 1 xào, 1 rau salad, 1 canh, 1 tráng . Còn trên clip mình đi gia đình nên gọi thêm vài món mặn tính thêm nha mọi người #dalat #ongboreviewdalat",217200,3147,113,7634073825248133908,Thấy sao bạn,,0,2026-04-29T07:05:40.000Z,False,0.3,False,False,en,0.0,2026-05-23T19:54:55.078018
4fa09e57aab4e2c213e7583e5bdc4de7ee3e04e3b53f0ce76cb53863f3e9f1d6,tiktok,dalat_002,Horizon Coffee Da Lat,Quán cà phê,"31/6 3/4, Xuân Hương - Đà Lạt, Lâm Đồng, Việt Nam",Horizon Coffee Da Lat Đà Lạt review,https://www.tiktok.com/@trongtamdalat/video/7633379755215047944,"Bỏ ra 59k đi ăn cơm trưa ngắm view đồi thông liệu có đáng ko? 59k là 5 móm: 1 mặn, 1 xào, 1 rau salad, 1 canh, 1 tráng . Còn trên clip mình đi gia đình nên gọi thêm vài món mặn tính thêm nha mọi người #dalat #ongboreviewdalat",217200,3147,113,7633444223761908487,Thoải mái b,,1,2026-04-27T14:22:24.000Z,False,0.3,False,False,en,0.0,2026-05-23T19:54:55.078018
2bec854e0baf78ca846bad4ca53d06260c1ea0d8fd6a5f792cc53fa69caaf677,tiktok,dalat_002,Horizon Coffee Da Lat,Quán cà phê,"31/6 3/4, Xuân Hương - Đà Lạt, Lâm Đồng, Việt Nam",Horizon Coffee Da Lat Đà Lạt review,https://www.tiktok.com/@trongtamdalat/video/7633379755215047944,"Bỏ ra 59k đi ăn cơm trưa ngắm view đồi thông liệu có đáng ko? 59k là 5 móm: 1 mặn, 1 xào, 1 rau salad, 1 canh, 1 tráng . Còn trên clip mình đi gia đình nên gọi thêm vài món mặn tính thêm nha mọi người #dalat #ongboreviewdalat",217200,3147,113,7633630492604318481,Dạ mình tìm Horizon coffe Đà Lạt trên gg là thấy ạ,,0,2026-04-28T02:25:20.000Z,False,0.7,False,False,en,0.0,2026-05-23T19:54:55.078018
6dcb531fbaf687535c1ef021ae023ff5c6c6678647643b9eedf5dbaf9a0faafd,tiktok,dalat_002,Horizon Coffee Da Lat,Quán cà phê,"31/6 3/4, Xuân Hương - Đà Lạt, Lâm Đồng, Việt Nam",Horizon Coffee Da Lat Đà Lạt review,https://www.tiktok.com/@trongtamdalat/video/7633379755215047944,"Bỏ ra 59k đi ăn cơm trưa ngắm view đồi thông liệu có đáng ko? 59k là 5 móm: 1 mặn, 1 xào, 1 rau salad, 1 canh, 1 tráng . Còn trên clip mình đi gia đình nên gọi thêm vài món mặn tính thêm nha mọi người #dalat #ongboreviewdalat",217200,3147,113,7633629962344301313,Dạ bên em mở thêm cơm trưa nữa ạ,,0,2026-04-28T02:23:16.000Z,False,0.5,False,False,en,0.0,2026-05-23T19:54:55.078018
e0fe9568d9f28468788e586becbb7e8eb5327155bfae466e24d7aa0c15977461,tiktok,dalat_002,Horizon Coffee Da Lat,Quán cà phê,"31/6 3/4, Xuân Hương - Đà Lạt, Lâm Đồng, Việt Nam",Horizon Coffee Da Lat Đà Lạt review,https://www.tiktok.com/@trongtamdalat/video/7633379755215047944,"Bỏ ra 59k đi ăn cơm trưa ngắm view đồi thông liệu có đáng ko? 59k là 5 móm: 1 mặn, 1 xào, 1 rau salad, 1 canh, 1 tráng . Còn trên clip mình đi gia đình nên gọi thêm vài món mặn tính thêm nha mọi người #dalat #ongboreviewdalat",217200,3147,113,7633418464498008840,được dốc hơi cao chỗ đê xe được 10 chiếc xe,,1,2026-04-27T12:42:25.000Z,False,0.7,False,False,en,0.0,2026-05-23T19:54:55.078018
5bce7a63138925b04c7fffdf6f47c6ae6ebc29005a42fb13e8b90a09375b218a,tiktok,dalat_002,Horizon Coffee Da Lat,Quán cà phê,"31/6 3/4, Xuân Hương - Đà Lạt, Lâm Đồng, Việt Nam",Horizon Coffee Da Lat Đà Lạt review,https://www.tiktok.com/@trongtamdalat/video/7633379755215047944,"Bỏ ra 59k đi ăn cơm trưa ngắm view đồi thông liệu có đáng ko? 59k là 5 móm: 1 mặn, 1 xào, 1 rau salad, 1 canh, 1 tráng . Còn trên clip mình đi gia đình nên gọi thêm vài món mặn tính thêm nha mọi người #dalat #ongboreviewdalat",217200,3147,113,7633629903241478929,Dạ được ạ,,1,2026-04-28T02:23:00.000Z,False,0.5,False,False,vi,0.0,2026-05-23T19:54:55.078018
