id,platform,place_id,place_name,target_origin,source_url,post_url,post_id,post_text,post_author,post_comments_count,post_relevance_score,comment_id,comment_text,comment_author,comment_author_url,comment_likes,comment_created_at,comment_depth,is_useful_comment,comment_quality_score,comment_language,comment_reject_reason,scraped_at
fe0b66b45cadb328c4f534ae7400a3d9cbc295ed32100ee7943b7f0583a7da62,facebook,dalat_001,Tiệm gà Túk Túk - Gà nướng sốt tiêu xanh chính gốc Đà Lạt,direct_source,https://www.facebook.com/tiemgatuktukdalat/posts/t%C3%BAk-t%C3%BAk-th%C3%B4ng-b%C3%A1o-menu-m%E1%BB%9Bi-c%E1%BB%B1c-ngon-kh%C3%A1ch-%C4%83n-xong-l%C3%A0-ph%E1%BA%A3i-g%E1%BA%ADt-%C4%91%E1%BA%A7u-ngon-qu%C3%A1-%C4%91%C3%A1ng-/1167920882189558,https://www.facebook.com/tiemgatuktukdalat/posts/t%C3%BAk-t%C3%BAk-th%C3%B4ng-b%C3%A1o-menu-m%E1%BB%9Bi-c%E1%BB%B1c-ngon-kh%C3%A1ch-%C4%83n-xong-l%C3%A0-ph%E1%BA%A3i-g%E1%BA%ADt-%C4%91%E1%BA%A7u-ngon-qu%C3%A1-%C4%91%C3%A1ng-/1167920882189558,,Túk Túk thông báo: Menu mới cực ngon Khách ăn xong là ...,,,4,1527393335254263,"""DEAL CHỜ LƯƠNG ĐỔ BỘ CHỈ 99K 📣

Ngon no nê mà chẳng “lăn tăn” cuối tháng, Deal chờ lương chỉ 99K đã trở lại với hội mê gà đây!

😋️ Combo 2 Gà giòn 🍗 + 1 Mì Ý 🍝 tặng 1 Khoai tây lắc vị BBQ vừa 🍟 + 2 Pepsi vừa 🥤 đã bao gồm trong combo (giá gốc 150K)

📅 Áp dụng từ 24–30/11/2025
📍 Chỉ áp dụng kênh giao hàng tận nơi (Jollibee App; Website; Hotline; Zalo OA; Mini App MoMo) và kênh đặt trước qua App đến lấy tại cửa hàng

Rủ hội mê gà săn ngay!
-------------------------
🏠Jollibee 49 Đinh Tiên Hoàng, phường Xuân Hương, Đà Lạt.
☎ Hotline:  02633 858 555 hoặc 079 776 1533",,,0,2025-11-24T07:34:29.000Z,0,False,0.65,en,junk_question_or_tag,2026-05-23T20:07:08.397529
4fe963f141d6363bb625400342b7cc816ed823c7087732bc50cd25abbc51d200,facebook,dalat_001,Tiệm gà Túk Túk - Gà nướng sốt tiêu xanh chính gốc Đà Lạt,direct_source,https://www.facebook.com/tiemgatuktukdalat/posts/t%C3%BAk-t%C3%BAk-th%C3%B4ng-b%C3%A1o-menu-m%E1%BB%9Bi-c%E1%BB%B1c-ngon-kh%C3%A1ch-%C4%83n-xong-l%C3%A0-ph%E1%BA%A3i-g%E1%BA%ADt-%C4%91%E1%BA%A7u-ngon-qu%C3%A1-%C4%91%C3%A1ng-/1167920882189558,https://www.facebook.com/tiemgatuktukdalat/posts/t%C3%BAk-t%C3%BAk-th%C3%B4ng-b%C3%A1o-menu-m%E1%BB%9Bi-c%E1%BB%B1c-ngon-kh%C3%A1ch-%C4%83n-xong-l%C3%A0-ph%E1%BA%A3i-g%E1%BA%ADt-%C4%91%E1%BA%A7u-ngon-qu%C3%A1-%C4%91%C3%A1ng-/1167920882189558,,Túk Túk thông báo: Menu mới cực ngon Khách ăn xong là ...,,,4,1637281087656444,"🤗 Chào cả nhà !Bên em là dịch vụ Xe 4 - 7chỗ tại Đà Lạt , gồm các dịch vụ sau : 
✈️ Đà Lạt => Sân Bay và ngược lại 
 .Xe 4c : 250k/1 chiều
 .Xe 7c : 300k/1 chiều

⛅Tour săn mây sáng từ 4h-8h sáng : 
.Xe 4c : 600k
.Xe 7c : 700k.
Lưu ý giá trên chưa bao gồm vé tham quan 

🌲Bảng giá thuê xe có tài xế đi tham quan Đà Lạt. 
👉 Tour nội thành Đà Lạt :
.Xe 4c : 800k/ngày
.Xe 7c : 1.000k/ngày
👉 Tour ngoại thành Đà Lạt :
.Xe 4c : 1.000k/ngày
.Xe 7c : 1.200k/ngày                
💥 Đặc biệt Tour bên em hoàn toàn đi theo lịch trình và sở thích của khách , được hỗ trợ thêm thời gian cho khách nghỉ ngơi buổi trưa, book nhiều ngày được giảm giá ).
(Lưu ý giá thuê xe sẽ thay đổi trong ngày lễ, Tết)

 🚘Hợp đồng xe đi các tỉnh thành lân cận với giá rẻ.
. Đà Lạt <--> Nha Trang, Cam Ranh
. Đà Lạt <--> Phan Thiết, Mũi Né
. Đà Lạt <--> Tp.HCM

💥💥 Bên em xuất hóa đơn điện tử theo nhu cầu của khách

📸📸📸Ngoài ra bên em còn cung cấp dịch vụ chụp ảnh (có thợ theo chụp tại các điểm tham quan trong lịch trình).

UY TÍN - CHẤT LƯỢNG - AN TOÀN
----------------------------------
Hân hạnh được phục vụ quý khách
Sđt và zalo : 0352414111",,,0,2025-11-27T04:10:31.000Z,0,False,0.0,en,greeting_or_page_reply,2026-05-23T20:07:08.397529
6acbece4572242dd861cfb748cc92979942b71342ff21b0abc37180f592d4785,facebook,dalat_001,Tiệm gà Túk Túk - Gà nướng sốt tiêu xanh chính gốc Đà Lạt,direct_source,https://www.facebook.com/tiemgatuktukdalat/posts/t%C3%BAk-t%C3%BAk-th%C3%B4ng-b%C3%A1o-menu-m%E1%BB%9Bi-c%E1%BB%B1c-ngon-kh%C3%A1ch-%C4%83n-xong-l%C3%A0-ph%E1%BA%A3i-g%E1%BA%ADt-%C4%91%E1%BA%A7u-ngon-qu%C3%A1-%C4%91%C3%A1ng-/1167920882189558,https://www.facebook.com/tiemgatuktukdalat/posts/t%C3%BAk-t%C3%BAk-th%C3%B4ng-b%C3%A1o-menu-m%E1%BB%9Bi-c%E1%BB%B1c-ngon-kh%C3%A1ch-%C4%83n-xong-l%C3%A0-ph%E1%BA%A3i-g%E1%BA%ADt-%C4%91%E1%BA%A7u-ngon-qu%C3%A1-%C4%91%C3%A1ng-/1167920882189558,,Túk Túk thông báo: Menu mới cực ngon Khách ăn xong là ...,,,4,1402244798354663,"Quán chill , nhân viên dễ thương , đồ ăn ngon rẻ , nói chung là rất thích chỗ này 👍👍",,,1,2025-11-28T06:51:34.000Z,0,True,0.75,en,,2026-05-23T20:07:08.397529
e4f0575226bc44b4ade0c54d07d17b0d511089b218d4f9f54ecc490c7965dfec,facebook,dalat_001,Tiệm gà Túk Túk - Gà nướng sốt tiêu xanh chính gốc Đà Lạt,direct_source,https://www.facebook.com/tiemgatuktukdalat/posts/t%C3%BAk-t%C3%BAk-th%C3%B4ng-b%C3%A1o-menu-m%E1%BB%9Bi-c%E1%BB%B1c-ngon-kh%C3%A1ch-%C4%83n-xong-l%C3%A0-ph%E1%BA%A3i-g%E1%BA%ADt-%C4%91%E1%BA%A7u-ngon-qu%C3%A1-%C4%91%C3%A1ng-/1167920882189558,https://www.facebook.com/tiemgatuktukdalat/posts/t%C3%BAk-t%C3%BAk-th%C3%B4ng-b%C3%A1o-menu-m%E1%BB%9Bi-c%E1%BB%B1c-ngon-kh%C3%A1ch-%C4%83n-xong-l%C3%A0-ph%E1%BA%A3i-g%E1%BA%ADt-%C4%91%E1%BA%A7u-ngon-qu%C3%A1-%C4%91%C3%A1ng-/1167920882189558,,Túk Túk thông báo: Menu mới cực ngon Khách ăn xong là ...,,,4,1348252446998946,"Ăn gà dơ tay câng ngay e này 
https://s.shopee.vn/1qUajHR55V",,,0,2025-11-29T11:12:18.000Z,0,False,0.75,en,no_review_signal,2026-05-23T20:07:08.397529
a1dbfbcea5e0c6fd1154fc6f2311c92c92931dc17c000342557c76485e6cc44d,facebook,dalat_001,Tiệm gà Túk Túk - Gà nướng sốt tiêu xanh chính gốc Đà Lạt,direct_source,https://www.facebook.com/tiemgatuktukdalat/posts/t%C3%BAk-t%C3%BAk-th%C3%B4ng-b%C3%A1o-menu-m%E1%BB%9Bi-c%E1%BB%B1c-ngon-kh%C3%A1ch-%C4%83n-xong-l%C3%A0-ph%E1%BA%A3i-g%E1%BA%ADt-%C4%91%E1%BA%A7u-ngon-qu%C3%A1-%C4%91%C3%A1ng-/1167920882189558,https://www.facebook.com/tiemgatuktukdalat/posts/t%C3%BAk-t%C3%BAk-th%C3%B4ng-b%C3%A1o-menu-m%E1%BB%9Bi-c%E1%BB%B1c-ngon-kh%C3%A1ch-%C4%83n-xong-l%C3%A0-ph%E1%BA%A3i-g%E1%BA%ADt-%C4%91%E1%BA%A7u-ngon-qu%C3%A1-%C4%91%C3%A1ng-/1167920882189558,,Túk Túk thông báo: Menu mới cực ngon Khách ăn xong là ...,,,4,1454972782268909,Không liên quan nhưng Hy có nhận làm tóc xinh cho các chị em tại Đà Lạt nhé💇‍♀️💇‍♀️💇‍♀️,,,0,2025-11-24T14:37:34.000Z,0,False,0.75,en,no_review_signal,2026-05-23T20:07:08.397529
4053da534e891762f9d15a33ff202954d28efa3d77882a75a2775cb8d69e64f0,facebook,dalat_001,Tiệm gà Túk Túk - Gà nướng sốt tiêu xanh chính gốc Đà Lạt,direct_source,https://www.facebook.com/tiemgatuktukdalat/posts/t%C3%BAk-t%C3%BAk-th%C3%B4ng-b%C3%A1o-menu-m%E1%BB%9Bi-c%E1%BB%B1c-ngon-kh%C3%A1ch-%C4%83n-xong-l%C3%A0-ph%E1%BA%A3i-g%E1%BA%ADt-%C4%91%E1%BA%A7u-ngon-qu%C3%A1-%C4%91%C3%A1ng-/1167920882189558,https://www.facebook.com/tiemgatuktukdalat/posts/t%C3%BAk-t%C3%BAk-th%C3%B4ng-b%C3%A1o-menu-m%E1%BB%9Bi-c%E1%BB%B1c-ngon-kh%C3%A1ch-%C4%83n-xong-l%C3%A0-ph%E1%BA%A3i-g%E1%BA%ADt-%C4%91%E1%BA%A7u-ngon-qu%C3%A1-%C4%91%C3%A1ng-/1167920882189558,,Túk Túk thông báo: Menu mới cực ngon Khách ăn xong là ...,,,4,1325464182659030,Lâm Đức Anh,,,0,2025-12-03T15:29:49.000Z,0,False,0.4,mixed,too_short,2026-05-23T20:07:08.397529
23f0848046e5e0af16473d0c8619bb2b62463adb491ff8dddc6c20a88caaaa56,facebook,dalat_001,Tiệm gà Túk Túk - Gà nướng sốt tiêu xanh chính gốc Đà Lạt,direct_source,https://www.facebook.com/tiemgatuktukdalat/posts/t%C3%BAk-t%C3%BAk-th%C3%B4ng-b%C3%A1o-menu-m%E1%BB%9Bi-c%E1%BB%B1c-ngon-kh%C3%A1ch-%C4%83n-xong-l%C3%A0-ph%E1%BA%A3i-g%E1%BA%ADt-%C4%91%E1%BA%A7u-ngon-qu%C3%A1-%C4%91%C3%A1ng-/1167920882189558,https://www.facebook.com/tiemgatuktukdalat/posts/t%C3%BAk-t%C3%BAk-th%C3%B4ng-b%C3%A1o-menu-m%E1%BB%9Bi-c%E1%BB%B1c-ngon-kh%C3%A1ch-%C4%83n-xong-l%C3%A0-ph%E1%BA%A3i-g%E1%BA%ADt-%C4%91%E1%BA%A7u-ngon-qu%C3%A1-%C4%91%C3%A1ng-/1167920882189558,,Túk Túk thông báo: Menu mới cực ngon Khách ăn xong là ...,,,4,1478865053215702,Đến lúc nào mình cũng thấy rất ngon!,,,0,2025-11-27T15:26:23.000Z,0,True,0.65,mixed,,2026-05-23T20:07:08.397529
da964f1d78815fe348b816eb2cee92f009843e798204b04e3553f8009c20afe3,facebook,dalat_001,Tiệm gà Túk Túk - Gà nướng sốt tiêu xanh chính gốc Đà Lạt,direct_source,https://www.facebook.com/tiemgatuktukdalat/posts/t%C3%BAk-t%C3%BAk-th%C3%B4ng-b%C3%A1o-menu-m%E1%BB%9Bi-c%E1%BB%B1c-ngon-kh%C3%A1ch-%C4%83n-xong-l%C3%A0-ph%E1%BA%A3i-g%E1%BA%ADt-%C4%91%E1%BA%A7u-ngon-qu%C3%A1-%C4%91%C3%A1ng-/1167920882189558,https://www.facebook.com/tiemgatuktukdalat/posts/t%C3%BAk-t%C3%BAk-th%C3%B4ng-b%C3%A1o-menu-m%E1%BB%9Bi-c%E1%BB%B1c-ngon-kh%C3%A1ch-%C4%83n-xong-l%C3%A0-ph%E1%BA%A3i-g%E1%BA%ADt-%C4%91%E1%BA%A7u-ngon-qu%C3%A1-%C4%91%C3%A1ng-/1167920882189558,,Túk Túk thông báo: Menu mới cực ngon Khách ăn xong là ...,,,4,928022960233922,Trúc Hàc,,,0,2026-04-05T15:31:03.000Z,0,False,0.4,mixed,too_short,2026-05-23T20:07:08.397529
c50cef323d5a281ffd44f2da1400ad94dbf315283d11860f10a63305ce98d461,facebook,dalat_001,Tiệm gà Túk Túk - Gà nướng sốt tiêu xanh chính gốc Đà Lạt,direct_source,https://www.facebook.com/tiemgatuktukdalat/posts/t%C3%BAk-t%C3%BAk-th%C3%B4ng-b%C3%A1o-menu-m%E1%BB%9Bi-c%E1%BB%B1c-ngon-kh%C3%A1ch-%C4%83n-xong-l%C3%A0-ph%E1%BA%A3i-g%E1%BA%ADt-%C4%91%E1%BA%A7u-ngon-qu%C3%A1-%C4%91%C3%A1ng-/1167920882189558,https://www.facebook.com/tiemgatuktukdalat/posts/t%C3%BAk-t%C3%BAk-th%C3%B4ng-b%C3%A1o-menu-m%E1%BB%9Bi-c%E1%BB%B1c-ngon-kh%C3%A1ch-%C4%83n-xong-l%C3%A0-ph%E1%BA%A3i-g%E1%BA%ADt-%C4%91%E1%BA%A7u-ngon-qu%C3%A1-%C4%91%C3%A1ng-/1167920882189558,,Túk Túk thông báo: Menu mới cực ngon Khách ăn xong là ...,,,4,1500308451084109,Ngon quá,,,0,2025-12-01T23:52:26.000Z,0,False,0.35,en,too_short,2026-05-23T20:07:08.397529
d396f32f8a92d90c37c35d86fe2c2558736b83371ab9786fdeb1096ea209cc37,facebook,dalat_001,Tiệm gà Túk Túk - Gà nướng sốt tiêu xanh chính gốc Đà Lạt,direct_source,https://www.facebook.com/tiemgatuktukdalat/posts/t%C3%BAk-t%C3%BAk-th%C3%B4ng-b%C3%A1o-menu-m%E1%BB%9Bi-c%E1%BB%B1c-ngon-kh%C3%A1ch-%C4%83n-xong-l%C3%A0-ph%E1%BA%A3i-g%E1%BA%ADt-%C4%91%E1%BA%A7u-ngon-qu%C3%A1-%C4%91%C3%A1ng-/1167920882189558,https://www.facebook.com/tiemgatuktukdalat/posts/t%C3%BAk-t%C3%BAk-th%C3%B4ng-b%C3%A1o-menu-m%E1%BB%9Bi-c%E1%BB%B1c-ngon-kh%C3%A1ch-%C4%83n-xong-l%C3%A0-ph%E1%BA%A3i-g%E1%BA%ADt-%C4%91%E1%BA%A7u-ngon-qu%C3%A1-%C4%91%C3%A1ng-/1167920882189558,,Túk Túk thông báo: Menu mới cực ngon Khách ăn xong là ...,,,4,1644516813193390,Xin menu,,,0,2025-11-23T12:50:05.000Z,0,False,0.35,en,too_short,2026-05-23T20:07:08.397529
1dfb48906d5424b99ce7ea7304708a44d09f33b02b289f59572097374823615b,facebook,dalat_001,Tiệm gà Túk Túk - Gà nướng sốt tiêu xanh chính gốc Đà Lạt,direct_source,https://www.facebook.com/tiemgatuktukdalat/posts/t%C3%BAk-t%C3%BAk-th%C3%B4ng-b%C3%A1o-menu-m%E1%BB%9Bi-c%E1%BB%B1c-ngon-kh%C3%A1ch-%C4%83n-xong-l%C3%A0-ph%E1%BA%A3i-g%E1%BA%ADt-%C4%91%E1%BA%A7u-ngon-qu%C3%A1-%C4%91%C3%A1ng-/1167920882189558,https://www.facebook.com/tiemgatuktukdalat/posts/t%C3%BAk-t%C3%BAk-th%C3%B4ng-b%C3%A1o-menu-m%E1%BB%9Bi-c%E1%BB%B1c-ngon-kh%C3%A1ch-%C4%83n-xong-l%C3%A0-ph%E1%BA%A3i-g%E1%BA%ADt-%C4%91%E1%BA%A7u-ngon-qu%C3%A1-%C4%91%C3%A1ng-/1167920882189558,,Túk Túk thông báo: Menu mới cực ngon Khách ăn xong là ...,,,4,928022960233922,"TUK TUK VỪA RA MẮT MENU MỚI NHA, Tiệm đã ib gửi cho bạn 
1️⃣ Gần trung tâm Đà Lạt (cách hồ Xuân Hương 2.5km)
2️⃣ KHÔNG LO MƯA NẮNG có hơn 150 bàn trong nhà ấm áp, ngoài trời 150 bàn
3️⃣ Bãi đậu xe siêu rộng 4000m2 (xe 50c, 16c, taxi  ... thoải mái)
4️⃣ Nhân viên nhiệt tình và nhanh nhẹn
5️⃣ Menu đầy đủ món mùa lạnh cho mọi người luôn.
Nghe acoustic ngắm hoàng hôn miển phí các ngày cuối tuần 
𝐓𝐢𝐞̣̂𝐦 𝐠𝐚̀ 𝐓𝐮́𝐤 𝐓𝐮́𝐤
⏰10h - 23h
📍39 Trần Đại Nghĩa, Phường 8, Đà Lạt.
☎081 430 2507",,,0,2026-04-05T15:31:14.000Z,1,False,0.75,en,junk_question_or_tag,2026-05-23T20:07:08.397529
40c1cf92b6d9836e4490cf8a3af32eb6f642978cd1a1cbb8c1c26dacdf2c54f1,facebook,dalat_001,Tiệm gà Túk Túk - Gà nướng sốt tiêu xanh chính gốc Đà Lạt,direct_source,https://www.facebook.com/tiemgatuktukdalat/posts/t%C3%BAk-t%C3%BAk-th%C3%B4ng-b%C3%A1o-menu-m%E1%BB%9Bi-c%E1%BB%B1c-ngon-kh%C3%A1ch-%C4%83n-xong-l%C3%A0-ph%E1%BA%A3i-g%E1%BA%ADt-%C4%91%E1%BA%A7u-ngon-qu%C3%A1-%C4%91%C3%A1ng-/1167920882189558,https://www.facebook.com/tiemgatuktukdalat/posts/t%C3%BAk-t%C3%BAk-th%C3%B4ng-b%C3%A1o-menu-m%E1%BB%9Bi-c%E1%BB%B1c-ngon-kh%C3%A1ch-%C4%83n-xong-l%C3%A0-ph%E1%BA%A3i-g%E1%BA%ADt-%C4%91%E1%BA%A7u-ngon-qu%C3%A1-%C4%91%C3%A1ng-/1167920882189558,,Túk Túk thông báo: Menu mới cực ngon Khách ăn xong là ...,,,4,1348252446998946,"TUK TUK VỪA RA MẮT MENU MỚI NHA, Tiệm đã ib gửi cho bạn 
1️⃣ Gần trung tâm Đà Lạt (cách hồ Xuân Hương 2.5km)
2️⃣ KHÔNG LO MƯA NẮNG có hơn 150 bàn trong nhà ấm áp, ngoài trời 150 bàn
3️⃣ Bãi đậu xe siêu rộng 4000m2 (xe 50c, 16c, taxi  ... thoải mái)
4️⃣ Nhân viên nhiệt tình và nhanh nhẹn
5️⃣ Menu đầy đủ món mùa lạnh cho mọi người luôn.
Nghe acoustic ngắm hoàng hôn miển phí các ngày cuối tuần 
𝐓𝐢𝐞̣̂𝐦 𝐠𝐚̀ 𝐓𝐮́𝐤 𝐓𝐮́𝐤
⏰10h - 23h
📍39 Trần Đại Nghĩa, Phường 8, Đà Lạt.
☎081 430 2507",,,0,2025-11-29T11:12:27.000Z,1,False,0.75,en,junk_question_or_tag,2026-05-23T20:07:08.397529
299546a79d75fbf0f6b2237976f3c2eda2ea81e25210eabe8d7bda197514e19e,facebook,dalat_001,Tiệm gà Túk Túk - Gà nướng sốt tiêu xanh chính gốc Đà Lạt,direct_source,https://www.facebook.com/tiemgatuktukdalat/posts/t%C3%BAk-t%C3%BAk-th%C3%B4ng-b%C3%A1o-menu-m%E1%BB%9Bi-c%E1%BB%B1c-ngon-kh%C3%A1ch-%C4%83n-xong-l%C3%A0-ph%E1%BA%A3i-g%E1%BA%ADt-%C4%91%E1%BA%A7u-ngon-qu%C3%A1-%C4%91%C3%A1ng-/1167920882189558,https://www.facebook.com/tiemgatuktukdalat/posts/t%C3%BAk-t%C3%BAk-th%C3%B4ng-b%C3%A1o-menu-m%E1%BB%9Bi-c%E1%BB%B1c-ngon-kh%C3%A1ch-%C4%83n-xong-l%C3%A0-ph%E1%BA%A3i-g%E1%BA%ADt-%C4%91%E1%BA%A7u-ngon-qu%C3%A1-%C4%91%C3%A1ng-/1167920882189558,,Túk Túk thông báo: Menu mới cực ngon Khách ăn xong là ...,,,4,1644516813193390,"TUK TUK VỪA RA MẮT MENU MỚI NHA, Tiệm đã ib gửi cho bạn 
1️⃣ Gần trung tâm Đà Lạt (cách hồ Xuân Hương 2.5km)
2️⃣ KHÔNG LO MƯA NẮNG có hơn 150 bàn trong nhà ấm áp, ngoài trời 150 bàn
3️⃣ Bãi đậu xe siêu rộng 4000m2 (xe 50c, 16c, taxi  ... thoải mái)
4️⃣ Nhân viên nhiệt tình và nhanh nhẹn
5️⃣ Menu đầy đủ món mùa lạnh cho mọi người luôn.
Nghe acoustic ngắm hoàng hôn miển phí các ngày cuối tuần 
𝐓𝐢𝐞̣̂𝐦 𝐠𝐚̀ 𝐓𝐮́𝐤 𝐓𝐮́𝐤
⏰10h - 23h
📍39 Trần Đại Nghĩa, Phường 8, Đà Lạt.
☎081 430 2507",,,0,2025-11-23T12:50:10.000Z,1,False,0.75,en,junk_question_or_tag,2026-05-23T20:07:08.397529
cb9b977bab6840fc18e3f24f62563447b4bd8543794b48216154bdf03c1a5078,facebook,dalat_001,Tiệm gà Túk Túk - Gà nướng sốt tiêu xanh chính gốc Đà Lạt,direct_source,https://www.facebook.com/tiemgatuktukdalat/posts/t%C3%BAk-t%C3%BAk-th%C3%B4ng-b%C3%A1o-menu-m%E1%BB%9Bi-c%E1%BB%B1c-ngon-kh%C3%A1ch-%C4%83n-xong-l%C3%A0-ph%E1%BA%A3i-g%E1%BA%ADt-%C4%91%E1%BA%A7u-ngon-qu%C3%A1-%C4%91%C3%A1ng-/1167920882189558,https://www.facebook.com/tiemgatuktukdalat/posts/t%C3%BAk-t%C3%BAk-th%C3%B4ng-b%C3%A1o-menu-m%E1%BB%9Bi-c%E1%BB%B1c-ngon-kh%C3%A1ch-%C4%83n-xong-l%C3%A0-ph%E1%BA%A3i-g%E1%BA%ADt-%C4%91%E1%BA%A7u-ngon-qu%C3%A1-%C4%91%C3%A1ng-/1167920882189558,,Túk Túk thông báo: Menu mới cực ngon Khách ăn xong là ...,,,4,1637281087656444,"TUK TUK VỪA RA MẮT MENU MỚI NHA, Tiệm đã ib gửi cho bạn 
1️⃣ Gần trung tâm Đà Lạt (cách hồ Xuân Hương 2.5km)
2️⃣ KHÔNG LO MƯA NẮNG có hơn 150 bàn trong nhà ấm áp, ngoài trời 150 bàn
3️⃣ Bãi đậu xe siêu rộng 4000m2 (xe 50c, 16c, taxi  ... thoải mái)
4️⃣ Nhân viên nhiệt tình và nhanh nhẹn
5️⃣ Menu đầy đủ món mùa lạnh cho mọi người luôn.
Nghe acoustic ngắm hoàng hôn miển phí các ngày cuối tuần 
𝐓𝐢𝐞̣̂𝐦 𝐠𝐚̀ 𝐓𝐮́𝐤 𝐓𝐮́𝐤
⏰10h - 23h
📍39 Trần Đại Nghĩa, Phường 8, Đà Lạt.
☎081 430 2507",,,0,2025-11-27T04:10:37.000Z,1,False,0.75,en,junk_question_or_tag,2026-05-23T20:07:08.397529
43cd09c40fb3ff319e2a45983e5a059461607d302b75feb4089b1de52aa79032,facebook,dalat_001,Tiệm gà Túk Túk - Gà nướng sốt tiêu xanh chính gốc Đà Lạt,direct_source,https://www.facebook.com/tiemgatuktukdalat/posts/t%C3%BAk-t%C3%BAk-th%C3%B4ng-b%C3%A1o-menu-m%E1%BB%9Bi-c%E1%BB%B1c-ngon-kh%C3%A1ch-%C4%83n-xong-l%C3%A0-ph%E1%BA%A3i-g%E1%BA%ADt-%C4%91%E1%BA%A7u-ngon-qu%C3%A1-%C4%91%C3%A1ng-/1167920882189558,https://www.facebook.com/tiemgatuktukdalat/posts/t%C3%BAk-t%C3%BAk-th%C3%B4ng-b%C3%A1o-menu-m%E1%BB%9Bi-c%E1%BB%B1c-ngon-kh%C3%A1ch-%C4%83n-xong-l%C3%A0-ph%E1%BA%A3i-g%E1%BA%ADt-%C4%91%E1%BA%A7u-ngon-qu%C3%A1-%C4%91%C3%A1ng-/1167920882189558,,Túk Túk thông báo: Menu mới cực ngon Khách ăn xong là ...,,,4,1402244798354663,Trang Nguyen dạ tiệm cảm ơn gia đình đã tin và sử dụng dịch vụ tại tiệm ạ🫶🏻🫶🏻,,,1,2025-11-28T06:52:12.000Z,1,True,0.75,en,,2026-05-23T20:07:08.397529
064371b25193d75f148d639384f98040e20eed19ecd4852e653f02329a15a9c5,facebook,dalat_001,Tiệm gà Túk Túk - Gà nướng sốt tiêu xanh chính gốc Đà Lạt,direct_source,https://www.facebook.com/tiemgatuktukdalat/posts/t%C3%BAk-t%C3%BAk-th%C3%B4ng-b%C3%A1o-menu-m%E1%BB%9Bi-c%E1%BB%B1c-ngon-kh%C3%A1ch-%C4%83n-xong-l%C3%A0-ph%E1%BA%A3i-g%E1%BA%ADt-%C4%91%E1%BA%A7u-ngon-qu%C3%A1-%C4%91%C3%A1ng-/1167920882189558,https://www.facebook.com/tiemgatuktukdalat/posts/t%C3%BAk-t%C3%BAk-th%C3%B4ng-b%C3%A1o-menu-m%E1%BB%9Bi-c%E1%BB%B1c-ngon-kh%C3%A1ch-%C4%83n-xong-l%C3%A0-ph%E1%BA%A3i-g%E1%BA%ADt-%C4%91%E1%BA%A7u-ngon-qu%C3%A1-%C4%91%C3%A1ng-/1167920882189558,,Túk Túk thông báo: Menu mới cực ngon Khách ăn xong là ...,,,4,1527393335254263,"TUK TUK VỪA RA MẮT MENU MỚI NHA, Tiệm đã ib gửi cho bạn 
1️⃣ Gần trung tâm Đà Lạt (cách hồ Xuân Hương 2.5km)
2️⃣ KHÔNG LO MƯA NẮNG có hơn 150 bàn trong nhà ấm áp, ngoài trời 150 bàn
3️⃣ Bãi đậu xe siêu rộng 4000m2 (xe 50c, 16c, taxi  ... thoải mái)
4️⃣ Nhân viên nhiệt tình và nhanh nhẹn
5️⃣ Menu đầy đủ món mùa lạnh cho mọi người luôn.
Nghe acoustic ngắm hoàng hôn miển phí các ngày cuối tuần 
𝐓𝐢𝐞̣̂𝐦 𝐠𝐚̀ 𝐓𝐮́𝐤 𝐓𝐮́𝐤
⏰10h - 23h
📍39 Trần Đại Nghĩa, Phường 8, Đà Lạt.
☎081 430 2507",,,0,2025-11-24T07:34:37.000Z,1,False,0.75,en,junk_question_or_tag,2026-05-23T20:07:08.397529
65c98c5c6f3ff39e738f71def95aefc357a394e7a3b64fbcb7c98e011452f76f,facebook,dalat_001,Tiệm gà Túk Túk - Gà nướng sốt tiêu xanh chính gốc Đà Lạt,direct_source,https://www.facebook.com/tiemgatuktukdalat/posts/t%C3%BAk-t%C3%BAk-th%C3%B4ng-b%C3%A1o-menu-m%E1%BB%9Bi-c%E1%BB%B1c-ngon-kh%C3%A1ch-%C4%83n-xong-l%C3%A0-ph%E1%BA%A3i-g%E1%BA%ADt-%C4%91%E1%BA%A7u-ngon-qu%C3%A1-%C4%91%C3%A1ng-/1167920882189558,https://www.facebook.com/tiemgatuktukdalat/posts/t%C3%BAk-t%C3%BAk-th%C3%B4ng-b%C3%A1o-menu-m%E1%BB%9Bi-c%E1%BB%B1c-ngon-kh%C3%A1ch-%C4%83n-xong-l%C3%A0-ph%E1%BA%A3i-g%E1%BA%ADt-%C4%91%E1%BA%A7u-ngon-qu%C3%A1-%C4%91%C3%A1ng-/1167920882189558,,Túk Túk thông báo: Menu mới cực ngon Khách ăn xong là ...,,,4,1454972782268909,"TUK TUK VỪA RA MẮT MENU MỚI NHA, Tiệm đã ib gửi cho bạn 
1️⃣ Gần trung tâm Đà Lạt (cách hồ Xuân Hương 2.5km)
2️⃣ KHÔNG LO MƯA NẮNG có hơn 150 bàn trong nhà ấm áp, ngoài trời 150 bàn
3️⃣ Bãi đậu xe siêu rộng 4000m2 (xe 50c, 16c, taxi  ... thoải mái)
4️⃣ Nhân viên nhiệt tình và nhanh nhẹn
5️⃣ Menu đầy đủ món mùa lạnh cho mọi người luôn.
Nghe acoustic ngắm hoàng hôn miển phí các ngày cuối tuần 
𝐓𝐢𝐞̣̂𝐦 𝐠𝐚̀ 𝐓𝐮́𝐤 𝐓𝐮́𝐤
⏰10h - 23h
📍39 Trần Đại Nghĩa, Phường 8, Đà Lạt.
☎081 430 2507",,,0,2025-11-24T14:37:39.000Z,1,False,0.75,en,junk_question_or_tag,2026-05-23T20:07:08.397529
8512581b978c9e6d7f08ba2b99c5683d28123051501ce6e46ff32ffa559581af,facebook,dalat_001,Tiệm gà Túk Túk - Gà nướng sốt tiêu xanh chính gốc Đà Lạt,direct_source,https://www.facebook.com/tiemgatuktukdalat/posts/t%C3%BAk-t%C3%BAk-th%C3%B4ng-b%C3%A1o-menu-m%E1%BB%9Bi-c%E1%BB%B1c-ngon-kh%C3%A1ch-%C4%83n-xong-l%C3%A0-ph%E1%BA%A3i-g%E1%BA%ADt-%C4%91%E1%BA%A7u-ngon-qu%C3%A1-%C4%91%C3%A1ng-/1167920882189558,https://www.facebook.com/tiemgatuktukdalat/posts/t%C3%BAk-t%C3%BAk-th%C3%B4ng-b%C3%A1o-menu-m%E1%BB%9Bi-c%E1%BB%B1c-ngon-kh%C3%A1ch-%C4%83n-xong-l%C3%A0-ph%E1%BA%A3i-g%E1%BA%ADt-%C4%91%E1%BA%A7u-ngon-qu%C3%A1-%C4%91%C3%A1ng-/1167920882189558,,Túk Túk thông báo: Menu mới cực ngon Khách ăn xong là ...,,,4,1478865053215702,"TUK TUK VỪA RA MẮT MENU MỚI NHA, Tiệm đã ib gửi cho bạn 
1️⃣ Gần trung tâm Đà Lạt (cách hồ Xuân Hương 2.5km)
2️⃣ KHÔNG LO MƯA NẮNG có hơn 150 bàn trong nhà ấm áp, ngoài trời 150 bàn
3️⃣ Bãi đậu xe siêu rộng 4000m2 (xe 50c, 16c, taxi  ... thoải mái)
4️⃣ Nhân viên nhiệt tình và nhanh nhẹn
5️⃣ Menu đầy đủ món mùa lạnh cho mọi người luôn.
Nghe acoustic ngắm hoàng hôn miển phí các ngày cuối tuần 
𝐓𝐢𝐞̣̂𝐦 𝐠𝐚̀ 𝐓𝐮́𝐤 𝐓𝐮́𝐤
⏰10h - 23h
📍39 Trần Đại Nghĩa, Phường 8, Đà Lạt.
☎081 430 2507",,,0,2025-11-27T15:26:31.000Z,1,False,0.75,en,junk_question_or_tag,2026-05-23T20:07:08.397529
078032e1b8229a888ea929c28fef499957abfff41d083396f4656dec803d29b3,facebook,dalat_001,Tiệm gà Túk Túk - Gà nướng sốt tiêu xanh chính gốc Đà Lạt,direct_source,https://www.facebook.com/tiemgatuktukdalat/posts/t%C3%BAk-t%C3%BAk-th%C3%B4ng-b%C3%A1o-menu-m%E1%BB%9Bi-c%E1%BB%B1c-ngon-kh%C3%A1ch-%C4%83n-xong-l%C3%A0-ph%E1%BA%A3i-g%E1%BA%ADt-%C4%91%E1%BA%A7u-ngon-qu%C3%A1-%C4%91%C3%A1ng-/1167920882189558,https://www.facebook.com/tiemgatuktukdalat/posts/t%C3%BAk-t%C3%BAk-th%C3%B4ng-b%C3%A1o-menu-m%E1%BB%9Bi-c%E1%BB%B1c-ngon-kh%C3%A1ch-%C4%83n-xong-l%C3%A0-ph%E1%BA%A3i-g%E1%BA%ADt-%C4%91%E1%BA%A7u-ngon-qu%C3%A1-%C4%91%C3%A1ng-/1167920882189558,,Túk Túk thông báo: Menu mới cực ngon Khách ăn xong là ...,,,4,1325464182659030,"TUK TUK VỪA RA MẮT MENU MỚI NHA, Tiệm đã ib gửi cho bạn 
1️⃣ Gần trung tâm Đà Lạt (cách hồ Xuân Hương 2.5km)
2️⃣ KHÔNG LO MƯA NẮNG có hơn 150 bàn trong nhà ấm áp, ngoài trời 150 bàn
3️⃣ Bãi đậu xe siêu rộng 4000m2 (xe 50c, 16c, taxi  ... thoải mái)
4️⃣ Nhân viên nhiệt tình và nhanh nhẹn
5️⃣ Menu đầy đủ món mùa lạnh cho mọi người luôn.
Nghe acoustic ngắm hoàng hôn miển phí các ngày cuối tuần 
𝐓𝐢𝐞̣̂𝐦 𝐠𝐚̀ 𝐓𝐮́𝐤 𝐓𝐮́𝐤
⏰10h - 23h
📍39 Trần Đại Nghĩa, Phường 8, Đà Lạt.
☎081 430 2507",,,0,2025-12-03T15:29:54.000Z,1,False,0.75,en,junk_question_or_tag,2026-05-23T20:07:08.397529
36bfaa07487b4a169774dccaa1ab80152c9d86d0ddeb8fc420cb64230ae13a8e,facebook,dalat_001,Tiệm gà Túk Túk - Gà nướng sốt tiêu xanh chính gốc Đà Lạt,direct_source,https://www.facebook.com/tiemgatuktukdalat/posts/t%C3%BAk-t%C3%BAk-th%C3%B4ng-b%C3%A1o-menu-m%E1%BB%9Bi-c%E1%BB%B1c-ngon-kh%C3%A1ch-%C4%83n-xong-l%C3%A0-ph%E1%BA%A3i-g%E1%BA%ADt-%C4%91%E1%BA%A7u-ngon-qu%C3%A1-%C4%91%C3%A1ng-/1167920882189558,https://www.facebook.com/tiemgatuktukdalat/posts/t%C3%BAk-t%C3%BAk-th%C3%B4ng-b%C3%A1o-menu-m%E1%BB%9Bi-c%E1%BB%B1c-ngon-kh%C3%A1ch-%C4%83n-xong-l%C3%A0-ph%E1%BA%A3i-g%E1%BA%ADt-%C4%91%E1%BA%A7u-ngon-qu%C3%A1-%C4%91%C3%A1ng-/1167920882189558,,Túk Túk thông báo: Menu mới cực ngon Khách ăn xong là ...,,,4,1500308451084109,"TUK TUK VỪA RA MẮT MENU MỚI NHA, Tiệm đã ib gửi cho bạn 
1️⃣ Gần trung tâm Đà Lạt (cách hồ Xuân Hương 2.5km)
2️⃣ KHÔNG LO MƯA NẮNG có hơn 150 bàn trong nhà ấm áp, ngoài trời 150 bàn
3️⃣ Bãi đậu xe siêu rộng 4000m2 (xe 50c, 16c, taxi  ... thoải mái)
4️⃣ Nhân viên nhiệt tình và nhanh nhẹn
5️⃣ Menu đầy đủ món mùa lạnh cho mọi người luôn.
Nghe acoustic ngắm hoàng hôn miển phí các ngày cuối tuần 
𝐓𝐢𝐞̣̂𝐦 𝐠𝐚̀ 𝐓𝐮́𝐤 𝐓𝐮́𝐤
⏰10h - 23h
📍39 Trần Đại Nghĩa, Phường 8, Đà Lạt.
☎081 430 2507",,,0,2025-12-01T23:52:31.000Z,1,False,0.75,en,junk_question_or_tag,2026-05-23T20:07:08.397529
842155f31c17826a08ef1f419d820775b360ca628ab1627970db35a73f3f60d6,facebook,dalat_002,Horizon Coffee Da Lat,direct_source,https://www.facebook.com/horizondalat/videos/-horizon-coffee-n%C6%A1i-m%C3%A0-bu%E1%BB%95i-s%C3%A1ng-c%E1%BB%A7a-b%E1%BA%A1n-b%E1%BA%AFt-%C4%91%E1%BA%A7u-b%E1%BA%B1ng-v%E1%BB%8B-ngon-view-%C4%91%E1%BA%B9p-v%C3%A0-khung-/1309275880781930,https://www.facebook.com/horizondalat/videos/-horizon-coffee-n%C6%A1i-m%C3%A0-bu%E1%BB%95i-s%C3%A1ng-c%E1%BB%A7a-b%E1%BA%A1n-b%E1%BA%AFt-%C4%91%E1%BA%A7u-b%E1%BA%B1ng-v%E1%BB%8B-ngon-view-%C4%91%E1%BA%B9p-v%C3%A0-khung-/1309275880781930,,💛 Horizon Coffee – nơi mà buổi sáng của bạn bắt đầu bằng vị ...,,,7,2575769782784241,"https://maps.app.goo.gl/61KvNhPyS76gouJ29?g_st=ipc
Dạ em gửi địa chỉ bên em ạ",,,4,2025-08-21T15:46:45.000Z,0,False,0.0,en,greeting_or_page_reply,2026-05-23T20:10:05.987990
34ec8651b4307003b2f798fbbb0ffb86667b8a8daa3679c35317ac5781a7a85e,facebook,dalat_002,Horizon Coffee Da Lat,direct_source,https://www.facebook.com/horizondalat/videos/-horizon-coffee-n%C6%A1i-m%C3%A0-bu%E1%BB%95i-s%C3%A1ng-c%E1%BB%A7a-b%E1%BA%A1n-b%E1%BA%AFt-%C4%91%E1%BA%A7u-b%E1%BA%B1ng-v%E1%BB%8B-ngon-view-%C4%91%E1%BA%B9p-v%C3%A0-khung-/1309275880781930,https://www.facebook.com/horizondalat/videos/-horizon-coffee-n%C6%A1i-m%C3%A0-bu%E1%BB%95i-s%C3%A1ng-c%E1%BB%A7a-b%E1%BA%A1n-b%E1%BA%AFt-%C4%91%E1%BA%A7u-b%E1%BA%B1ng-v%E1%BB%8B-ngon-view-%C4%91%E1%BA%B9p-v%C3%A0-khung-/1309275880781930,,💛 Horizon Coffee – nơi mà buổi sáng của bạn bắt đầu bằng vị ...,,,7,24170749075867331,"Combo ăn sáng bên em là 1 tô phở, hoặc bún cá tầm + 1 ly nước trong menu tự chọn ạ,",,,10,2025-08-21T15:47:22.000Z,0,False,0.0,en,greeting_or_page_reply,2026-05-23T20:10:05.987990
4fe9440a5a64b86b73f61b84811bca246149a9b7c38f8fdbdf7b8cfe270fb033,facebook,dalat_002,Horizon Coffee Da Lat,direct_source,https://www.facebook.com/horizondalat/videos/-horizon-coffee-n%C6%A1i-m%C3%A0-bu%E1%BB%95i-s%C3%A1ng-c%E1%BB%A7a-b%E1%BA%A1n-b%E1%BA%AFt-%C4%91%E1%BA%A7u-b%E1%BA%B1ng-v%E1%BB%8B-ngon-view-%C4%91%E1%BA%B9p-v%C3%A0-khung-/1309275880781930,https://www.facebook.com/horizondalat/videos/-horizon-coffee-n%C6%A1i-m%C3%A0-bu%E1%BB%95i-s%C3%A1ng-c%E1%BB%A7a-b%E1%BA%A1n-b%E1%BA%AFt-%C4%91%E1%BA%A7u-b%E1%BA%B1ng-v%E1%BB%8B-ngon-view-%C4%91%E1%BA%B9p-v%C3%A0-khung-/1309275880781930,,💛 Horizon Coffee – nơi mà buổi sáng của bạn bắt đầu bằng vị ...,,,7,1455965292398534,,,,5,2025-08-21T15:48:30.000Z,0,False,0.0,unknown,empty_text,2026-05-23T20:10:05.987990
58f00d76d1c85e3d4b642e0c645c6288697a0b58cc56515e8b58e6bf4a1f71ce,facebook,dalat_002,Horizon Coffee Da Lat,direct_source,https://www.facebook.com/horizondalat/videos/-horizon-coffee-n%C6%A1i-m%C3%A0-bu%E1%BB%95i-s%C3%A1ng-c%E1%BB%A7a-b%E1%BA%A1n-b%E1%BA%AFt-%C4%91%E1%BA%A7u-b%E1%BA%B1ng-v%E1%BB%8B-ngon-view-%C4%91%E1%BA%B9p-v%C3%A0-khung-/1309275880781930,https://www.facebook.com/horizondalat/videos/-horizon-coffee-n%C6%A1i-m%C3%A0-bu%E1%BB%95i-s%C3%A1ng-c%E1%BB%A7a-b%E1%BA%A1n-b%E1%BA%AFt-%C4%91%E1%BA%A7u-b%E1%BA%B1ng-v%E1%BB%8B-ngon-view-%C4%91%E1%BA%B9p-v%C3%A0-khung-/1309275880781930,,💛 Horizon Coffee – nơi mà buổi sáng của bạn bắt đầu bằng vị ...,,,7,1737535416928485,,,,3,2025-08-21T15:48:34.000Z,0,False,0.0,unknown,empty_text,2026-05-23T20:10:05.987990
c1f4cad8bedb5385e0951b863eafc577cc6e5580e105975272d31b2189253908,facebook,dalat_002,Horizon Coffee Da Lat,direct_source,https://www.facebook.com/horizondalat/videos/-horizon-coffee-n%C6%A1i-m%C3%A0-bu%E1%BB%95i-s%C3%A1ng-c%E1%BB%A7a-b%E1%BA%A1n-b%E1%BA%AFt-%C4%91%E1%BA%A7u-b%E1%BA%B1ng-v%E1%BB%8B-ngon-view-%C4%91%E1%BA%B9p-v%C3%A0-khung-/1309275880781930,https://www.facebook.com/horizondalat/videos/-horizon-coffee-n%C6%A1i-m%C3%A0-bu%E1%BB%95i-s%C3%A1ng-c%E1%BB%A7a-b%E1%BA%A1n-b%E1%BA%AFt-%C4%91%E1%BA%A7u-b%E1%BA%B1ng-v%E1%BB%8B-ngon-view-%C4%91%E1%BA%B9p-v%C3%A0-khung-/1309275880781930,,💛 Horizon Coffee – nơi mà buổi sáng của bạn bắt đầu bằng vị ...,,,7,3845260972401135,80-120k thì quá bth so với tp đà lạt…chưa là gì đối với lenmax 81 với quanh q1,,,4,2025-08-20T14:57:54.000Z,0,False,0.75,en,no_review_signal,2026-05-23T20:10:05.987990
fbede8d5ec9c17e4360f523bd30ca43b8cf1a57b534eb23a519a04feae8d936a,facebook,dalat_002,Horizon Coffee Da Lat,direct_source,https://www.facebook.com/horizondalat/videos/-horizon-coffee-n%C6%A1i-m%C3%A0-bu%E1%BB%95i-s%C3%A1ng-c%E1%BB%A7a-b%E1%BA%A1n-b%E1%BA%AFt-%C4%91%E1%BA%A7u-b%E1%BA%B1ng-v%E1%BB%8B-ngon-view-%C4%91%E1%BA%B9p-v%C3%A0-khung-/1309275880781930,https://www.facebook.com/horizondalat/videos/-horizon-coffee-n%C6%A1i-m%C3%A0-bu%E1%BB%95i-s%C3%A1ng-c%E1%BB%A7a-b%E1%BA%A1n-b%E1%BA%AFt-%C4%91%E1%BA%A7u-b%E1%BA%B1ng-v%E1%BB%8B-ngon-view-%C4%91%E1%BA%B9p-v%C3%A0-khung-/1309275880781930,,💛 Horizon Coffee – nơi mà buổi sáng của bạn bắt đầu bằng vị ...,,,7,1634032174524020,Mn ơi cho mình hỏi địa chỉ quán này là ở đâu mình nghe ở bến xe liên tỉnh mà ko biếc,,,2,2026-04-28T07:07:35.000Z,0,False,0.75,en,junk_question_or_tag,2026-05-23T20:10:05.987990
a11954bb5ef48711829c05ee6af544849352cb2be9a26e55d4da3bfe17165dc0,facebook,dalat_002,Horizon Coffee Da Lat,direct_source,https://www.facebook.com/horizondalat/videos/-horizon-coffee-n%C6%A1i-m%C3%A0-bu%E1%BB%95i-s%C3%A1ng-c%E1%BB%A7a-b%E1%BA%A1n-b%E1%BA%AFt-%C4%91%E1%BA%A7u-b%E1%BA%B1ng-v%E1%BB%8B-ngon-view-%C4%91%E1%BA%B9p-v%C3%A0-khung-/1309275880781930,https://www.facebook.com/horizondalat/videos/-horizon-coffee-n%C6%A1i-m%C3%A0-bu%E1%BB%95i-s%C3%A1ng-c%E1%BB%A7a-b%E1%BA%A1n-b%E1%BA%AFt-%C4%91%E1%BA%A7u-b%E1%BA%B1ng-v%E1%BB%8B-ngon-view-%C4%91%E1%BA%B9p-v%C3%A0-khung-/1309275880781930,,💛 Horizon Coffee – nơi mà buổi sáng của bạn bắt đầu bằng vị ...,,,7,816279167813277,Quá rẻ,,,1,2026-04-30T00:57:36.000Z,0,False,0.4,mixed,too_short,2026-05-23T20:10:05.987990
52ac9891192fb4f7e858239ac6fc9347f714a122aadf25894c302d587b795cc4,facebook,dalat_002,Horizon Coffee Da Lat,direct_source,https://www.facebook.com/horizondalat/videos/-horizon-coffee-n%C6%A1i-m%C3%A0-bu%E1%BB%95i-s%C3%A1ng-c%E1%BB%A7a-b%E1%BA%A1n-b%E1%BA%AFt-%C4%91%E1%BA%A7u-b%E1%BA%B1ng-v%E1%BB%8B-ngon-view-%C4%91%E1%BA%B9p-v%C3%A0-khung-/1309275880781930,https://www.facebook.com/horizondalat/videos/-horizon-coffee-n%C6%A1i-m%C3%A0-bu%E1%BB%95i-s%C3%A1ng-c%E1%BB%A7a-b%E1%BA%A1n-b%E1%BA%AFt-%C4%91%E1%BA%A7u-b%E1%BA%B1ng-v%E1%BB%8B-ngon-view-%C4%91%E1%BA%B9p-v%C3%A0-khung-/1309275880781930,,💛 Horizon Coffee – nơi mà buổi sáng của bạn bắt đầu bằng vị ...,,,7,26668786656111509,Từ trung tâm Đà Lạt đến quán là bn cây vậy?,,,0,2026-05-06T00:41:16.000Z,0,False,0.8,mixed,no_review_signal,2026-05-23T20:10:05.987990
cec01c82cca2c083953d52c2179d0016d45d6c606a49fccd7457c7efa5822b56,facebook,dalat_002,Horizon Coffee Da Lat,direct_source,https://www.facebook.com/horizondalat/videos/-horizon-coffee-n%C6%A1i-m%C3%A0-bu%E1%BB%95i-s%C3%A1ng-c%E1%BB%A7a-b%E1%BA%A1n-b%E1%BA%AFt-%C4%91%E1%BA%A7u-b%E1%BA%B1ng-v%E1%BB%8B-ngon-view-%C4%91%E1%BA%B9p-v%C3%A0-khung-/1309275880781930,https://www.facebook.com/horizondalat/videos/-horizon-coffee-n%C6%A1i-m%C3%A0-bu%E1%BB%95i-s%C3%A1ng-c%E1%BB%A7a-b%E1%BA%A1n-b%E1%BA%AFt-%C4%91%E1%BA%A7u-b%E1%BA%B1ng-v%E1%BB%8B-ngon-view-%C4%91%E1%BA%B9p-v%C3%A0-khung-/1309275880781930,,💛 Horizon Coffee – nơi mà buổi sáng của bạn bắt đầu bằng vị ...,,,7,1088880423387673,thấy cái bang hiệu là phản quất rồi bỏ dan ta ko co tiếng Việt  ko co ngôn ngu rieng xao bạn muốn lấy ngôn ngữ nào cũng được nhưng chỉ la di kèm phía sau hoặc dưới chứ dòng đầu tien  phải tiếng Việt nha,,,0,2025-08-31T23:17:01.000Z,0,True,0.75,en,,2026-05-23T20:10:05.987990
5968db72be84e0e66a6d72d014acfac5817cc643ddbd245fba56c6d8673772ff,facebook,dalat_002,Horizon Coffee Da Lat,direct_source,https://www.facebook.com/horizondalat/videos/-horizon-coffee-n%C6%A1i-m%C3%A0-bu%E1%BB%95i-s%C3%A1ng-c%E1%BB%A7a-b%E1%BA%A1n-b%E1%BA%AFt-%C4%91%E1%BA%A7u-b%E1%BA%B1ng-v%E1%BB%8B-ngon-view-%C4%91%E1%BA%B9p-v%C3%A0-khung-/1309275880781930,https://www.facebook.com/horizondalat/videos/-horizon-coffee-n%C6%A1i-m%C3%A0-bu%E1%BB%95i-s%C3%A1ng-c%E1%BB%A7a-b%E1%BA%A1n-b%E1%BA%AFt-%C4%91%E1%BA%A7u-b%E1%BA%B1ng-v%E1%BB%8B-ngon-view-%C4%91%E1%BA%B9p-v%C3%A0-khung-/1309275880781930,,💛 Horizon Coffee – nơi mà buổi sáng của bạn bắt đầu bằng vị ...,,,7,1709991992988781,Phải hog chớ 2022 mình lên uống ly cf sửa bt quán wiew cx bt nốt mà 70k 1ly,,,0,2025-08-19T03:36:25.000Z,0,False,0.75,en,no_review_signal,2026-05-23T20:10:05.987990
3eeb2702cfe7440189e7eeeb98d198c3fcf41c1b56f6fedb8fcb4c493a0dcf4c,facebook,dalat_002,Horizon Coffee Da Lat,direct_source,https://www.facebook.com/horizondalat/videos/-horizon-coffee-n%C6%A1i-m%C3%A0-bu%E1%BB%95i-s%C3%A1ng-c%E1%BB%A7a-b%E1%BA%A1n-b%E1%BA%AFt-%C4%91%E1%BA%A7u-b%E1%BA%B1ng-v%E1%BB%8B-ngon-view-%C4%91%E1%BA%B9p-v%C3%A0-khung-/1309275880781930,https://www.facebook.com/horizondalat/videos/-horizon-coffee-n%C6%A1i-m%C3%A0-bu%E1%BB%95i-s%C3%A1ng-c%E1%BB%A7a-b%E1%BA%A1n-b%E1%BA%AFt-%C4%91%E1%BA%A7u-b%E1%BA%B1ng-v%E1%BB%8B-ngon-view-%C4%91%E1%BA%B9p-v%C3%A0-khung-/1309275880781930,,💛 Horizon Coffee – nơi mà buổi sáng của bạn bắt đầu bằng vị ...,,,7,3845260972401135,Sang Chọi t cũng dân đà lạt nên t biết mày ơi,,,0,2025-09-01T09:41:08.000Z,1,False,0.8,mixed,no_review_signal,2026-05-23T20:10:05.987990
7e0a6a82b77c33d94269751c583508c742cb39220c61d48d7108b971ee78484f,facebook,dalat_002,Horizon Coffee Da Lat,direct_source,https://www.facebook.com/horizondalat/videos/-horizon-coffee-n%C6%A1i-m%C3%A0-bu%E1%BB%95i-s%C3%A1ng-c%E1%BB%A7a-b%E1%BA%A1n-b%E1%BA%AFt-%C4%91%E1%BA%A7u-b%E1%BA%B1ng-v%E1%BB%8B-ngon-view-%C4%91%E1%BA%B9p-v%C3%A0-khung-/1309275880781930,https://www.facebook.com/horizondalat/videos/-horizon-coffee-n%C6%A1i-m%C3%A0-bu%E1%BB%95i-s%C3%A1ng-c%E1%BB%A7a-b%E1%BA%A1n-b%E1%BA%AFt-%C4%91%E1%BA%A7u-b%E1%BA%B1ng-v%E1%BB%8B-ngon-view-%C4%91%E1%BA%B9p-v%C3%A0-khung-/1309275880781930,,💛 Horizon Coffee – nơi mà buổi sáng của bạn bắt đầu bằng vị ...,,,7,26668786656111509,"Hương Thuý dạ từ Quảng Trường chạy ra đầu đèo chỗ bến xe Phương Trang, cỡ 3km
Bạn tìm trên gg map Horizon Coffe giúp mình nhé. 

https://maps.app.goo.gl/61KvNhPyS76gouJ29?g_st=ipc
Dạ em gửi địa chỉ bên em ạ",,,0,2026-05-06T13:36:25.000Z,1,False,0.0,en,greeting_or_page_reply,2026-05-23T20:10:05.987990
220b73ed605763035855643d287073f9ca1cf081db5f650186d73ec762f76b7b,facebook,dalat_002,Horizon Coffee Da Lat,direct_source,https://www.facebook.com/horizondalat/videos/-horizon-coffee-n%C6%A1i-m%C3%A0-bu%E1%BB%95i-s%C3%A1ng-c%E1%BB%A7a-b%E1%BA%A1n-b%E1%BA%AFt-%C4%91%E1%BA%A7u-b%E1%BA%B1ng-v%E1%BB%8B-ngon-view-%C4%91%E1%BA%B9p-v%C3%A0-khung-/1309275880781930,https://www.facebook.com/horizondalat/videos/-horizon-coffee-n%C6%A1i-m%C3%A0-bu%E1%BB%95i-s%C3%A1ng-c%E1%BB%A7a-b%E1%BA%A1n-b%E1%BA%AFt-%C4%91%E1%BA%A7u-b%E1%BA%B1ng-v%E1%BB%8B-ngon-view-%C4%91%E1%BA%B9p-v%C3%A0-khung-/1309275880781930,,💛 Horizon Coffee – nơi mà buổi sáng của bạn bắt đầu bằng vị ...,,,7,1634032174524020,"Lưu Hiền dạ đi theo gg map giúp mình nhé. 
https://maps.app.goo.gl/z7qoBjRhaCA1dQfv8?g_st=ic",,,0,2026-04-28T09:45:49.000Z,1,False,0.75,en,no_review_signal,2026-05-23T20:10:05.987990
0ad353f9080657a8f680a4447a5160a82775c5565917659d52c2dea9dd9370cb,facebook,dalat_002,Horizon Coffee Da Lat,direct_source,https://www.facebook.com/horizondalat/videos/-horizon-coffee-n%C6%A1i-m%C3%A0-bu%E1%BB%95i-s%C3%A1ng-c%E1%BB%A7a-b%E1%BA%A1n-b%E1%BA%AFt-%C4%91%E1%BA%A7u-b%E1%BA%B1ng-v%E1%BB%8B-ngon-view-%C4%91%E1%BA%B9p-v%C3%A0-khung-/1309275880781930,https://www.facebook.com/horizondalat/videos/-horizon-coffee-n%C6%A1i-m%C3%A0-bu%E1%BB%95i-s%C3%A1ng-c%E1%BB%A7a-b%E1%BA%A1n-b%E1%BA%AFt-%C4%91%E1%BA%A7u-b%E1%BA%B1ng-v%E1%BB%8B-ngon-view-%C4%91%E1%BA%B9p-v%C3%A0-khung-/1309275880781930,,💛 Horizon Coffee – nơi mà buổi sáng của bạn bắt đầu bằng vị ...,,,7,1634032174524020,Lưu Hiền horizon coffee ạ,,,0,2026-04-28T09:45:57.000Z,1,False,0.6,en,no_review_signal,2026-05-23T20:10:05.987990
cd24385cce7a0586c7c9ac808e74c4d0e51e833420b96471a0a31ea7a8ad83cd,facebook,dalat_002,Horizon Coffee Da Lat,direct_source,https://www.facebook.com/horizondalat/videos/-horizon-coffee-n%C6%A1i-m%C3%A0-bu%E1%BB%95i-s%C3%A1ng-c%E1%BB%A7a-b%E1%BA%A1n-b%E1%BA%AFt-%C4%91%E1%BA%A7u-b%E1%BA%B1ng-v%E1%BB%8B-ngon-view-%C4%91%E1%BA%B9p-v%C3%A0-khung-/1309275880781930,https://www.facebook.com/horizondalat/videos/-horizon-coffee-n%C6%A1i-m%C3%A0-bu%E1%BB%95i-s%C3%A1ng-c%E1%BB%A7a-b%E1%BA%A1n-b%E1%BA%AFt-%C4%91%E1%BA%A7u-b%E1%BA%B1ng-v%E1%BB%8B-ngon-view-%C4%91%E1%BA%B9p-v%C3%A0-khung-/1309275880781930,,💛 Horizon Coffee – nơi mà buổi sáng của bạn bắt đầu bằng vị ...,,,7,666972272666138,Đã trải nghiệm..cũng OK....,,,0,2025-09-25T14:50:53.000Z,0,True,0.6,en,,2026-05-23T20:10:05.987990
44ea2dc8c2df2406638f03c32cfbd15b03266a3668e9c927eb9dd31d0c40e9f1,facebook,dalat_002,Horizon Coffee Da Lat,direct_source,https://www.facebook.com/horizondalat/videos/-horizon-coffee-n%C6%A1i-m%C3%A0-bu%E1%BB%95i-s%C3%A1ng-c%E1%BB%A7a-b%E1%BA%A1n-b%E1%BA%AFt-%C4%91%E1%BA%A7u-b%E1%BA%B1ng-v%E1%BB%8B-ngon-view-%C4%91%E1%BA%B9p-v%C3%A0-khung-/1309275880781930,https://www.facebook.com/horizondalat/videos/-horizon-coffee-n%C6%A1i-m%C3%A0-bu%E1%BB%95i-s%C3%A1ng-c%E1%BB%A7a-b%E1%BA%A1n-b%E1%BA%AFt-%C4%91%E1%BA%A7u-b%E1%BA%B1ng-v%E1%BB%8B-ngon-view-%C4%91%E1%BA%B9p-v%C3%A0-khung-/1309275880781930,,💛 Horizon Coffee – nơi mà buổi sáng của bạn bắt đầu bằng vị ...,,,7,26609310562053593,Cho biết địa chỉ,,,0,2026-04-28T16:47:23.000Z,0,False,0.35,en,too_short,2026-05-23T20:10:05.987990
6636db7f5513ae3f1f8c6f5c012448038238b3f9d198c6d5ce0d3504cbe141a5,facebook,dalat_002,Horizon Coffee Da Lat,direct_source,https://www.facebook.com/horizondalat/videos/-horizon-coffee-n%C6%A1i-m%C3%A0-bu%E1%BB%95i-s%C3%A1ng-c%E1%BB%A7a-b%E1%BA%A1n-b%E1%BA%AFt-%C4%91%E1%BA%A7u-b%E1%BA%B1ng-v%E1%BB%8B-ngon-view-%C4%91%E1%BA%B9p-v%C3%A0-khung-/1309275880781930,https://www.facebook.com/horizondalat/videos/-horizon-coffee-n%C6%A1i-m%C3%A0-bu%E1%BB%95i-s%C3%A1ng-c%E1%BB%A7a-b%E1%BA%A1n-b%E1%BA%AFt-%C4%91%E1%BA%A7u-b%E1%BA%B1ng-v%E1%BB%8B-ngon-view-%C4%91%E1%BA%B9p-v%C3%A0-khung-/1309275880781930,,💛 Horizon Coffee – nơi mà buổi sáng của bạn bắt đầu bằng vị ...,,,7,1782186635995082,Sạo nua hok tin,,,0,2025-09-29T01:20:06.000Z,0,False,0.35,en,too_short,2026-05-23T20:10:05.987990
0393aa35bd165ead98f97f95d621f956bee504fca1aea460ce449b382db49ac8,facebook,dalat_002,Horizon Coffee Da Lat,direct_source,https://www.facebook.com/horizondalat/videos/-horizon-coffee-n%C6%A1i-m%C3%A0-bu%E1%BB%95i-s%C3%A1ng-c%E1%BB%A7a-b%E1%BA%A1n-b%E1%BA%AFt-%C4%91%E1%BA%A7u-b%E1%BA%B1ng-v%E1%BB%8B-ngon-view-%C4%91%E1%BA%B9p-v%C3%A0-khung-/1309275880781930,https://www.facebook.com/horizondalat/videos/-horizon-coffee-n%C6%A1i-m%C3%A0-bu%E1%BB%95i-s%C3%A1ng-c%E1%BB%A7a-b%E1%BA%A1n-b%E1%BA%AFt-%C4%91%E1%BA%A7u-b%E1%BA%B1ng-v%E1%BB%8B-ngon-view-%C4%91%E1%BA%B9p-v%C3%A0-khung-/1309275880781930,,💛 Horizon Coffee – nơi mà buổi sáng của bạn bắt đầu bằng vị ...,,,7,1877669909768476,Chai nước suối bằng giá nước ở sân bay quốc tế 😑,,,0,2025-08-20T23:17:19.000Z,0,True,0.75,en,,2026-05-23T20:10:05.987990
b5dc83a7fbc475479782c83df9236e40a82b639bd9f18e58be4a943fe58c2b85,facebook,dalat_002,Horizon Coffee Da Lat,direct_source,https://www.facebook.com/horizondalat/videos/-horizon-coffee-n%C6%A1i-m%C3%A0-bu%E1%BB%95i-s%C3%A1ng-c%E1%BB%A7a-b%E1%BA%A1n-b%E1%BA%AFt-%C4%91%E1%BA%A7u-b%E1%BA%B1ng-v%E1%BB%8B-ngon-view-%C4%91%E1%BA%B9p-v%C3%A0-khung-/1309275880781930,https://www.facebook.com/horizondalat/videos/-horizon-coffee-n%C6%A1i-m%C3%A0-bu%E1%BB%95i-s%C3%A1ng-c%E1%BB%A7a-b%E1%BA%A1n-b%E1%BA%AFt-%C4%91%E1%BA%A7u-b%E1%BA%B1ng-v%E1%BB%8B-ngon-view-%C4%91%E1%BA%B9p-v%C3%A0-khung-/1309275880781930,,💛 Horizon Coffee – nơi mà buổi sáng của bạn bắt đầu bằng vị ...,,,7,1464134181477098,"Tui dân Lâm Đồng phường Phan Thiết ( tỉnh Bình Thuận cũ ) hjhj lên phường Đà Lạt giao lưu, Quán rất ok nha, ăn ngon view đẹp 10 điểm ko có nhưng. Rẻ nha mn nên ghé nha nha nha",,,0,2025-09-02T16:36:47.000Z,0,True,0.75,en,,2026-05-23T20:10:05.987990
b73b0cf02367ea4cce40d5c1b55649f84de2f5e719086a949217de4d8806d80a,facebook,dalat_002,Horizon Coffee Da Lat,direct_source,https://www.facebook.com/horizondalat/videos/-horizon-coffee-n%C6%A1i-m%C3%A0-bu%E1%BB%95i-s%C3%A1ng-c%E1%BB%A7a-b%E1%BA%A1n-b%E1%BA%AFt-%C4%91%E1%BA%A7u-b%E1%BA%B1ng-v%E1%BB%8B-ngon-view-%C4%91%E1%BA%B9p-v%C3%A0-khung-/1309275880781930,https://www.facebook.com/horizondalat/videos/-horizon-coffee-n%C6%A1i-m%C3%A0-bu%E1%BB%95i-s%C3%A1ng-c%E1%BB%A7a-b%E1%BA%A1n-b%E1%BA%AFt-%C4%91%E1%BA%A7u-b%E1%BA%B1ng-v%E1%BB%8B-ngon-view-%C4%91%E1%BA%B9p-v%C3%A0-khung-/1309275880781930,,💛 Horizon Coffee – nơi mà buổi sáng của bạn bắt đầu bằng vị ...,,,7,741349995462525,E xin địa chỉ ạ,,,0,2025-08-13T10:27:09.000Z,0,False,0.35,en,junk_question_or_tag,2026-05-23T20:10:05.987990
d758949efa0244a4eeb675b13841da7af5651e43b1908012048a0e4f09660ff4,facebook,dalat_002,Horizon Coffee Da Lat,direct_source,https://www.facebook.com/horizondalat/videos/-horizon-coffee-n%C6%A1i-m%C3%A0-bu%E1%BB%95i-s%C3%A1ng-c%E1%BB%A7a-b%E1%BA%A1n-b%E1%BA%AFt-%C4%91%E1%BA%A7u-b%E1%BA%B1ng-v%E1%BB%8B-ngon-view-%C4%91%E1%BA%B9p-v%C3%A0-khung-/1309275880781930,https://www.facebook.com/horizondalat/videos/-horizon-coffee-n%C6%A1i-m%C3%A0-bu%E1%BB%95i-s%C3%A1ng-c%E1%BB%A7a-b%E1%BA%A1n-b%E1%BA%AFt-%C4%91%E1%BA%A7u-b%E1%BA%B1ng-v%E1%BB%8B-ngon-view-%C4%91%E1%BA%B9p-v%C3%A0-khung-/1309275880781930,,💛 Horizon Coffee – nơi mà buổi sáng của bạn bắt đầu bằng vị ...,,,7,664100416016646,89k một tô hay sao trong đó ly nước,,,1,2025-08-17T22:27:27.000Z,0,False,0.6,en,no_review_signal,2026-05-23T20:10:05.987990
a5b7d18824251ef9c03cf6027873edccb6ee35da4af543aebb5da4a81690afcd,facebook,dalat_002,Horizon Coffee Da Lat,direct_source,https://www.facebook.com/horizondalat/videos/-horizon-coffee-n%C6%A1i-m%C3%A0-bu%E1%BB%95i-s%C3%A1ng-c%E1%BB%A7a-b%E1%BA%A1n-b%E1%BA%AFt-%C4%91%E1%BA%A7u-b%E1%BA%B1ng-v%E1%BB%8B-ngon-view-%C4%91%E1%BA%B9p-v%C3%A0-khung-/1309275880781930,https://www.facebook.com/horizondalat/videos/-horizon-coffee-n%C6%A1i-m%C3%A0-bu%E1%BB%95i-s%C3%A1ng-c%E1%BB%A7a-b%E1%BA%A1n-b%E1%BA%AFt-%C4%91%E1%BA%A7u-b%E1%BA%B1ng-v%E1%BB%8B-ngon-view-%C4%91%E1%BA%B9p-v%C3%A0-khung-/1309275880781930,,💛 Horizon Coffee – nơi mà buổi sáng của bạn bắt đầu bằng vị ...,,,7,1142347407742361,Vương B.Ngọc Hân thử k nè,,,1,2025-08-15T03:49:01.000Z,0,False,0.6,en,no_review_signal,2026-05-23T20:10:05.987990
7527644e539cb6c926f7e30d88b63829619ace843aa13c7bf490f0926bc56f11,facebook,dalat_002,Horizon Coffee Da Lat,direct_source,https://www.facebook.com/horizondalat/videos/-horizon-coffee-n%C6%A1i-m%C3%A0-bu%E1%BB%95i-s%C3%A1ng-c%E1%BB%A7a-b%E1%BA%A1n-b%E1%BA%AFt-%C4%91%E1%BA%A7u-b%E1%BA%B1ng-v%E1%BB%8B-ngon-view-%C4%91%E1%BA%B9p-v%C3%A0-khung-/1309275880781930,https://www.facebook.com/horizondalat/videos/-horizon-coffee-n%C6%A1i-m%C3%A0-bu%E1%BB%95i-s%C3%A1ng-c%E1%BB%A7a-b%E1%BA%A1n-b%E1%BA%AFt-%C4%91%E1%BA%A7u-b%E1%BA%B1ng-v%E1%BB%8B-ngon-view-%C4%91%E1%BA%B9p-v%C3%A0-khung-/1309275880781930,,💛 Horizon Coffee – nơi mà buổi sáng của bạn bắt đầu bằng vị ...,,,7,1283104282730007,Ở chỗ nào vậy em,,,0,2025-08-18T23:19:43.000Z,0,False,0.35,en,no_review_signal,2026-05-23T20:10:05.987990
48f3df54595833779b397fa72c19ea078916c1a52cad5cddf5888419b7783298,facebook,dalat_002,Horizon Coffee Da Lat,direct_source,https://www.facebook.com/horizondalat/videos/-horizon-coffee-n%C6%A1i-m%C3%A0-bu%E1%BB%95i-s%C3%A1ng-c%E1%BB%A7a-b%E1%BA%A1n-b%E1%BA%AFt-%C4%91%E1%BA%A7u-b%E1%BA%B1ng-v%E1%BB%8B-ngon-view-%C4%91%E1%BA%B9p-v%C3%A0-khung-/1309275880781930,https://www.facebook.com/horizondalat/videos/-horizon-coffee-n%C6%A1i-m%C3%A0-bu%E1%BB%95i-s%C3%A1ng-c%E1%BB%A7a-b%E1%BA%A1n-b%E1%BA%AFt-%C4%91%E1%BA%A7u-b%E1%BA%B1ng-v%E1%BB%8B-ngon-view-%C4%91%E1%BA%B9p-v%C3%A0-khung-/1309275880781930,,💛 Horizon Coffee – nơi mà buổi sáng của bạn bắt đầu bằng vị ...,,,7,1620914535532996,"Tiếc thì mình nên ở nhà, đó là ý kiến của mình",,,0,2025-08-27T15:41:35.000Z,0,False,0.8,mixed,no_review_signal,2026-05-23T20:10:05.987990
82a334f1d60c16df652851e963a06a8ee7c29ab06339b5df60168cb62f8c64c7,facebook,dalat_002,Horizon Coffee Da Lat,direct_source,https://www.facebook.com/horizondalat/videos/-horizon-coffee-n%C6%A1i-m%C3%A0-bu%E1%BB%95i-s%C3%A1ng-c%E1%BB%A7a-b%E1%BA%A1n-b%E1%BA%AFt-%C4%91%E1%BA%A7u-b%E1%BA%B1ng-v%E1%BB%8B-ngon-view-%C4%91%E1%BA%B9p-v%C3%A0-khung-/1309275880781930,https://www.facebook.com/horizondalat/videos/-horizon-coffee-n%C6%A1i-m%C3%A0-bu%E1%BB%95i-s%C3%A1ng-c%E1%BB%A7a-b%E1%BA%A1n-b%E1%BA%AFt-%C4%91%E1%BA%A7u-b%E1%BA%B1ng-v%E1%BB%8B-ngon-view-%C4%91%E1%BA%B9p-v%C3%A0-khung-/1309275880781930,,💛 Horizon Coffee – nơi mà buổi sáng của bạn bắt đầu bằng vị ...,,,7,1782186635995082,My Phạm Trái Cây thật mà,,,0,2025-09-29T15:32:02.000Z,1,False,0.65,mixed,no_review_signal,2026-05-23T20:10:05.987990
cb088a5800e7658cf27b49af49952e9f3ba780f968f508921637472c7ec8ae70,facebook,dalat_002,Horizon Coffee Da Lat,direct_source,https://www.facebook.com/horizondalat/videos/-horizon-coffee-n%C6%A1i-m%C3%A0-bu%E1%BB%95i-s%C3%A1ng-c%E1%BB%A7a-b%E1%BA%A1n-b%E1%BA%AFt-%C4%91%E1%BA%A7u-b%E1%BA%B1ng-v%E1%BB%8B-ngon-view-%C4%91%E1%BA%B9p-v%C3%A0-khung-/1309275880781930,https://www.facebook.com/horizondalat/videos/-horizon-coffee-n%C6%A1i-m%C3%A0-bu%E1%BB%95i-s%C3%A1ng-c%E1%BB%A7a-b%E1%BA%A1n-b%E1%BA%AFt-%C4%91%E1%BA%A7u-b%E1%BA%B1ng-v%E1%BB%8B-ngon-view-%C4%91%E1%BA%B9p-v%C3%A0-khung-/1309275880781930,,💛 Horizon Coffee – nơi mà buổi sáng của bạn bắt đầu bằng vị ...,,,7,1142347407742361,Bích Phan đứa hay rủ gặp đứa k biết từ chối :v,,,3,2025-08-15T03:50:39.000Z,1,False,0.75,en,no_review_signal,2026-05-23T20:10:05.987990
a3c8c36f9e5c24419c5e6b5a7c80781e4cd583a5cbb93d16908368f2bba53b42,facebook,dalat_002,Horizon Coffee Da Lat,direct_source,https://www.facebook.com/horizondalat/videos/-horizon-coffee-n%C6%A1i-m%C3%A0-bu%E1%BB%95i-s%C3%A1ng-c%E1%BB%A7a-b%E1%BA%A1n-b%E1%BA%AFt-%C4%91%E1%BA%A7u-b%E1%BA%B1ng-v%E1%BB%8B-ngon-view-%C4%91%E1%BA%B9p-v%C3%A0-khung-/1309275880781930,https://www.facebook.com/horizondalat/videos/-horizon-coffee-n%C6%A1i-m%C3%A0-bu%E1%BB%95i-s%C3%A1ng-c%E1%BB%A7a-b%E1%BA%A1n-b%E1%BA%AFt-%C4%91%E1%BA%A7u-b%E1%BA%B1ng-v%E1%BB%8B-ngon-view-%C4%91%E1%BA%B9p-v%C3%A0-khung-/1309275880781930,,💛 Horizon Coffee – nơi mà buổi sáng của bạn bắt đầu bằng vị ...,,,7,1142347407742361,Vương B.Ngọc Hân vài tháng nữa hen,,,0,2025-08-15T03:53:40.000Z,2,False,0.6,en,no_review_signal,2026-05-23T20:10:05.987990
cf700d2eda437fdac0647c3ded2d12cdfdf1e6ac48be248ec87ba5ac6b1740e2,facebook,dalat_002,Horizon Coffee Da Lat,direct_source,https://www.facebook.com/horizondalat/videos/-horizon-coffee-n%C6%A1i-m%C3%A0-bu%E1%BB%95i-s%C3%A1ng-c%E1%BB%A7a-b%E1%BA%A1n-b%E1%BA%AFt-%C4%91%E1%BA%A7u-b%E1%BA%B1ng-v%E1%BB%8B-ngon-view-%C4%91%E1%BA%B9p-v%C3%A0-khung-/1309275880781930,https://www.facebook.com/horizondalat/videos/-horizon-coffee-n%C6%A1i-m%C3%A0-bu%E1%BB%95i-s%C3%A1ng-c%E1%BB%A7a-b%E1%BA%A1n-b%E1%BA%AFt-%C4%91%E1%BA%A7u-b%E1%BA%B1ng-v%E1%BB%8B-ngon-view-%C4%91%E1%BA%B9p-v%C3%A0-khung-/1309275880781930,,💛 Horizon Coffee – nơi mà buổi sáng của bạn bắt đầu bằng vị ...,,,7,26609310562053593,"Phien Hoang dạ 
https://maps.app.goo.gl/61KvNhPyS76gouJ29?g_st=ipc
Dạ em gửi địa chỉ bên em ạ",,,0,2026-04-29T08:46:14.000Z,1,False,0.0,en,greeting_or_page_reply,2026-05-23T20:10:05.987990
