id,platform,place_id,place_name,place_category,google_maps_url,review_id,review_url,review_text,rating,published_at,reviewer_name,reviewer_id,reviewer_url,reviewer_number_of_reviews,is_local_guide,likes_count,owner_response_text,owner_response_date,scraped_at
fd272a88856e2b96e51ba4e5d2e05c5ccb1b242138a2093128d79119b0f623ec,google_maps,dalat_002,Horizon Coffee Da Lat,Quán cà phê,https://www.google.com/maps/search/?api=1&query=Horizon%20Coffee%20Da%20Lat&query_place_id=ChIJ_3HmQsMTcTERM_WaDP3Z1gU,Ci9DQUlRQUNvZENodHljRjlvT21ReWFIWkpTVlpuZFZjM09HMWFkVkIyYm1ORk5FRRAB,https://www.google.com/maps/reviews/data=!4m8!14m7!1m6!2m5!1sCi9DQUlRQUNvZENodHljRjlvT21ReWFIWkpTVlpuZFZjM09HMWFkVkIyYm1ORk5FRRAB!2m1!1s0x0:0x5d6d9fd0c9af533!3m1!1s2@1:CAIQACodChtycF9oOmQyaHZJSVZndVc3OG1adVB2bmNFNEE%7C%7C?hl=vi,"Một địa chỉ nghỉ ngơi trong lúc chờ di chuyển rời khỏi Đà lạt hoặc vừa mới đến Đà Lạt vì nằm gần Bến xe. Không gian khá rộng và làm theo kiểu công nghiệp với dịch vụ lưu trú, coffee và ăn trưa. Nhân viên ở mức trung bình và đa phần là trẻ nên cũng không thể kỳ vọng họ phục vụ chu đáo.",4.0,2026-05-18T07:30:34.141Z,Hải Sơn Từ,104119308621719249808,https://www.google.com/maps/contrib/104119308621719249808?hl=vi,470,True,0,,,2026-05-19T01:26:31.616803
91fcc07b630eff4552f8d98c2b44b223f3c92bc1bcb46ed271157b06cc1f86fd,google_maps,dalat_002,Horizon Coffee Da Lat,Quán cà phê,https://www.google.com/maps/search/?api=1&query=Horizon%20Coffee%20Da%20Lat&query_place_id=ChIJ_3HmQsMTcTERM_WaDP3Z1gU,Ci9DQUlRQUNvZENodHljRjlvT25wVFVsVmxOVWhFUldKb00zTm1aVmRMY1RSSGFuYxAB,https://www.google.com/maps/reviews/data=!4m8!14m7!1m6!2m5!1sCi9DQUlRQUNvZENodHljRjlvT25wVFVsVmxOVWhFUldKb00zTm1aVmRMY1RSSGFuYxAB!2m1!1s0x0:0x5d6d9fd0c9af533!3m1!1s2@1:CAIQACodChtycF9oOnpTUlVlNUhERWJoM3NmZVdLcTRHanc%7C%7C?hl=vi,버스터미널에서 내리고 호텔 체크인 시간까지 많이 남았다면 여기서 커피와 멋진 풍경을 즐기면서 쉬다가세요 적극 추천합니다 너무 좋아요,5.0,2026-05-14T08:53:24.540Z,서대성,110724717985430903492,https://www.google.com/maps/contrib/110724717985430903492?hl=vi,25,True,0,,,2026-05-19T01:26:31.616803
17549124133117d90abb1fef91d137ad489fb9d5760e716eb20878ea29176622,google_maps,dalat_002,Horizon Coffee Da Lat,Quán cà phê,https://www.google.com/maps/search/?api=1&query=Horizon%20Coffee%20Da%20Lat&query_place_id=ChIJ_3HmQsMTcTERM_WaDP3Z1gU,Ci9DQUlRQUNvZENodHljRjlvT25SWFdrdGtjMFExY1RoQ1NsTTVNRlU1YURVNU5YYxAB,https://www.google.com/maps/reviews/data=!4m8!14m7!1m6!2m5!1sCi9DQUlRQUNvZENodHljRjlvT25SWFdrdGtjMFExY1RoQ1NsTTVNRlU1YURVNU5YYxAB!2m1!1s0x0:0x5d6d9fd0c9af533!3m1!1s2@1:CAIQACodChtycF9oOnRXWktkc0Q1cThCSlM5MFU5aDU5NXc%7C%7C?hl=vi,View thoán và rất đẹp,5.0,2026-05-10T04:08:56.056Z,Nguyen kent patin,102784250777650507064,https://www.google.com/maps/contrib/102784250777650507064?hl=vi,62,True,0,,,2026-05-19T01:26:31.616803
c822e93490c01faba00d8db4301a2653efe8bbdc766502f95869aadcc572b661,google_maps,dalat_002,Horizon Coffee Da Lat,Quán cà phê,https://www.google.com/maps/search/?api=1&query=Horizon%20Coffee%20Da%20Lat&query_place_id=ChIJ_3HmQsMTcTERM_WaDP3Z1gU,Ci9DQUlRQUNvZENodHljRjlvT2kxRlJtb3RORzh0YW5WRlRHVjFNMWR1U2toMmFuYxAB,https://www.google.com/maps/reviews/data=!4m8!14m7!1m6!2m5!1sCi9DQUlRQUNvZENodHljRjlvT2kxRlJtb3RORzh0YW5WRlRHVjFNMWR1U2toMmFuYxAB!2m1!1s0x0:0x5d6d9fd0c9af533!3m1!1s2@1:CAIQACodChtycF9oOi1FRmotNG8tanVFTGV1M1duSkh2anc%7C%7C?hl=vi,"Quán gần đèo Prenn nên khá dễ đi. Quán khá rộng. Có view đồi thông rất đẹp. Nếu view này nước 60-70k 1 ly cũng được. Có điều quán nên đổi gu nhạc. Nhạc nên du dương , nhẹ nhàng sẽ phù hợp với không gian quán hơn. Nhạc hiện hơi dở và không hợp á",5.0,2026-05-01T09:26:34.225Z,Chỉ Nói Sự Thật,117640978334357551562,https://www.google.com/maps/contrib/117640978334357551562?hl=vi,159,True,0,,,2026-05-19T01:26:31.616803
6ed8a089c1802a2c5496e64f2b8521fbd766ead47ffbf8a52623efe06f09bcda,google_maps,dalat_002,Horizon Coffee Da Lat,Quán cà phê,https://www.google.com/maps/search/?api=1&query=Horizon%20Coffee%20Da%20Lat&query_place_id=ChIJ_3HmQsMTcTERM_WaDP3Z1gU,Ci9DQUlRQUNvZENodHljRjlvT21WTVpVZHZjazVFU1VsR1V6bEtjVjl0WW5wQlVVRRAB,https://www.google.com/maps/reviews/data=!4m8!14m7!1m6!2m5!1sCi9DQUlRQUNvZENodHljRjlvT21WTVpVZHZjazVFU1VsR1V6bEtjVjl0WW5wQlVVRRAB!2m1!1s0x0:0x5d6d9fd0c9af533!3m1!1s2@1:CAIQACodChtycF9oOmVMZUdvck5ESUlGUzlKcV9tYnpBUUE%7C%7C?hl=vi,"Tuần vừa rồi mình có chuyến đi lên đà lạt và lưu trú tại đây, anh chủ và nhân viên thân thiện nhiệt tình và hỗ trợ bọn mình. View quán rất yên tĩnh và đẹp. Nếu có dịp quay lại đà lạt mình sẽ tiếp tục thuê phòng ở đây",5.0,2026-04-30T14:59:09.897Z,Moon Moon,112636317353447740789,https://www.google.com/maps/contrib/112636317353447740789?hl=vi,1,False,0,,,2026-05-19T01:26:31.616803
be54c27373a11b58ff8f7e96d3d59747c81a4bd9f52f277a16af9b8e46a3b813,google_maps,dalat_002,Horizon Coffee Da Lat,Quán cà phê,https://www.google.com/maps/search/?api=1&query=Horizon%20Coffee%20Da%20Lat&query_place_id=ChIJ_3HmQsMTcTERM_WaDP3Z1gU,Ci9DQUlRQUNvZENodHljRjlvT2toTmMzaEZWVkJ6WjFGWGFFMVRlQzFIWkRKS2VHYxAB,https://www.google.com/maps/reviews/data=!4m8!14m7!1m6!2m5!1sCi9DQUlRQUNvZENodHljRjlvT2toTmMzaEZWVkJ6WjFGWGFFMVRlQzFIWkRKS2VHYxAB!2m1!1s0x0:0x5d6d9fd0c9af533!3m1!1s2@1:CAIQACodChtycF9oOkhNc3hFVVBzZ1FXaE1TeC1HZDJKeGc%7C%7C?hl=vi,,5.0,2026-04-28T04:21:23.050Z,Lee Mr,116109920567421555674,https://www.google.com/maps/contrib/116109920567421555674?hl=vi,1,False,0,,,2026-05-19T01:26:31.616803
85b3eac9324e26606bd14d51365ab6cec85487ff9b0ecb56667e4359a1a7ea34,google_maps,dalat_002,Horizon Coffee Da Lat,Quán cà phê,https://www.google.com/maps/search/?api=1&query=Horizon%20Coffee%20Da%20Lat&query_place_id=ChIJ_3HmQsMTcTERM_WaDP3Z1gU,Ci9DQUlRQUNvZENodHljRjlvT2s1SVNESm1Ta3Q1TUdzd01uVjJXRVJPUVdGRVlrRRAB,https://www.google.com/maps/reviews/data=!4m8!14m7!1m6!2m5!1sCi9DQUlRQUNvZENodHljRjlvT2s1SVNESm1Ta3Q1TUdzd01uVjJXRVJPUVdGRVlrRRAB!2m1!1s0x0:0x5d6d9fd0c9af533!3m1!1s2@1:CAIQACodChtycF9oOk5ISDJmSkt5MGswMnV2WEROQWFEYkE%7C%7C?hl=vi,"Nước với view đỉnh cao, bãi giữ xe rộng rãi có bãi cho oto có phòng để book ở lại",5.0,2026-04-27T10:18:49.799Z,Đăng Khôi,112250039851019260011,https://www.google.com/maps/contrib/112250039851019260011?hl=vi,11,True,0,,,2026-05-19T01:26:31.616803
5edf875984cad525a56d85092f508c6208ddad036d90398c53cf39c59aee0789,google_maps,dalat_002,Horizon Coffee Da Lat,Quán cà phê,https://www.google.com/maps/search/?api=1&query=Horizon%20Coffee%20Da%20Lat&query_place_id=ChIJ_3HmQsMTcTERM_WaDP3Z1gU,Ci9DQUlRQUNvZENodHljRjlvT2pkYVVIVlZSVWhMTWxWRFVVMUdhMnRJTTFKYWJVRRAB,https://www.google.com/maps/reviews/data=!4m8!14m7!1m6!2m5!1sCi9DQUlRQUNvZENodHljRjlvT2pkYVVIVlZSVWhMTWxWRFVVMUdhMnRJTTFKYWJVRRAB!2m1!1s0x0:0x5d6d9fd0c9af533!3m1!1s2@1:CAIQACodChtycF9oOjdaUHVVRUhLMlVDUU1Ga2tIM1JabUE%7C%7C?hl=vi,,4.0,2026-04-27T04:28:05.525Z,trung le quang,111086997573497604515,https://www.google.com/maps/contrib/111086997573497604515?hl=vi,5,False,0,,,2026-05-19T01:26:31.616803
a29adde0710f12064790da3d9c2dc5dbacbcd0e1a2598847f7f3aa12279459be,google_maps,dalat_002,Horizon Coffee Da Lat,Quán cà phê,https://www.google.com/maps/search/?api=1&query=Horizon%20Coffee%20Da%20Lat&query_place_id=ChIJ_3HmQsMTcTERM_WaDP3Z1gU,Ci9DQUlRQUNvZENodHljRjlvT214R1lYbEpjbUpLUlRKc2FIWnFOMkZzWW5OUWJuYxAB,https://www.google.com/maps/reviews/data=!4m8!14m7!1m6!2m5!1sCi9DQUlRQUNvZENodHljRjlvT214R1lYbEpjbUpLUlRKc2FIWnFOMkZzWW5OUWJuYxAB!2m1!1s0x0:0x5d6d9fd0c9af533!3m1!1s2@1:CAIQACodChtycF9oOmxGYXlJcmJKRTJsaHZqN2FsYnNQbnc%7C%7C?hl=vi,"Nice view, nice staff, good coffee and food",5.0,2026-04-25T08:03:12.030Z,ming fu Yang,110383519941963796067,https://www.google.com/maps/contrib/110383519941963796067?hl=vi,311,True,0,,,2026-05-19T01:26:31.616803
1a108b1060f433bd11a77004b70514869c9e49fdafaf6c6a5b357c86eee6b150,google_maps,dalat_002,Horizon Coffee Da Lat,Quán cà phê,https://www.google.com/maps/search/?api=1&query=Horizon%20Coffee%20Da%20Lat&query_place_id=ChIJ_3HmQsMTcTERM_WaDP3Z1gU,Ci9DQUlRQUNvZENodHljRjlvT25WT2FXSXpSMVJKZW5aaE9ESkpZbkF0UXpGcVJWRRAB,https://www.google.com/maps/reviews/data=!4m8!14m7!1m6!2m5!1sCi9DQUlRQUNvZENodHljRjlvT25WT2FXSXpSMVJKZW5aaE9ESkpZbkF0UXpGcVJWRRAB!2m1!1s0x0:0x5d6d9fd0c9af533!3m1!1s2@1:CAIQACodChtycF9oOnVOaWIzR1RJenZhODJJYnAtQzFqRVE%7C%7C?hl=vi,Good place for valley view,4.0,2026-04-19T14:58:45.886Z,Ero Pham,110258069923558145540,https://www.google.com/maps/contrib/110258069923558145540?hl=vi,212,True,0,,,2026-05-19T01:26:31.616803
600f2d85ddf030e96259a89d7d343a9d6efec49f3578ea55380c831c91958db8,google_maps,dalat_002,Horizon Coffee Da Lat,Quán cà phê,https://www.google.com/maps/search/?api=1&query=Horizon%20Coffee%20Da%20Lat&query_place_id=ChIJ_3HmQsMTcTERM_WaDP3Z1gU,Ci9DQUlRQUNvZENodHljRjlvT2xSRUxVbERUMDFpVDFKa1owMWxVMk5MUjBrdGFVRRAB,https://www.google.com/maps/reviews/data=!4m8!14m7!1m6!2m5!1sCi9DQUlRQUNvZENodHljRjlvT2xSRUxVbERUMDFpVDFKa1owMWxVMk5MUjBrdGFVRRAB!2m1!1s0x0:0x5d6d9fd0c9af533!3m1!1s2@1:CAIQACodChtycF9oOlRELUlDT01iT1JkZ01lU2NLR0ktaUE%7C%7C?hl=vi,Very beautiful place. I have been today. The view was amazing The staff is very friendly Coffee was not my taste Next time will order different drink Highly recommend to visit in Dalat,5.0,2026-04-13T13:50:03.842Z,Asiy A,108334342364482748003,https://www.google.com/maps/contrib/108334342364482748003?hl=vi,15,True,0,,,2026-05-19T01:26:31.616803
8c1a21f52cca92c25f898f069f71817f7d062459c173b64172aae11eb65ee225,google_maps,dalat_002,Horizon Coffee Da Lat,Quán cà phê,https://www.google.com/maps/search/?api=1&query=Horizon%20Coffee%20Da%20Lat&query_place_id=ChIJ_3HmQsMTcTERM_WaDP3Z1gU,Ci9DQUlRQUNvZENodHljRjlvT205aWNGZDNPRVZHVUdFMGFUTkpPWGRPZFU1T2VGRRAB,https://www.google.com/maps/reviews/data=!4m8!14m7!1m6!2m5!1sCi9DQUlRQUNvZENodHljRjlvT205aWNGZDNPRVZHVUdFMGFUTkpPWGRPZFU1T2VGRRAB!2m1!1s0x0:0x5d6d9fd0c9af533!3m1!1s2@1:CAIQACodChtycF9oOm9icFd3OEVGUGE0aTNJOXdOdU5OeFE%7C%7C?hl=vi,"Кофе ужасный, фобо просто с резиновым мясом , хуже еды и кофе не найти",1.0,2026-04-12T03:23:40.377Z,Дарья Enjoy,112000562945774983057,https://www.google.com/maps/contrib/112000562945774983057?hl=vi,45,True,0,,,2026-05-19T01:26:31.616803
d3fb23f4bc440d8cb6a32c8f2a03563dfacfea05533eafcf786e4166ac25166f,google_maps,dalat_002,Horizon Coffee Da Lat,Quán cà phê,https://www.google.com/maps/search/?api=1&query=Horizon%20Coffee%20Da%20Lat&query_place_id=ChIJ_3HmQsMTcTERM_WaDP3Z1gU,Ci9DQUlRQUNvZENodHljRjlvT21STFZtSjBVMVIwV25aWlJTMWxTWFZUV0dOZmJrRRAB,https://www.google.com/maps/reviews/data=!4m8!14m7!1m6!2m5!1sCi9DQUlRQUNvZENodHljRjlvT21STFZtSjBVMVIwV25aWlJTMWxTWFZUV0dOZmJrRRAB!2m1!1s0x0:0x5d6d9fd0c9af533!3m1!1s2@1:CAIQACodChtycF9oOmRLVmJ0U1R0WnZZRS1lSXVTWGNfbkE%7C%7C?hl=vi,Không gian cũng được,5.0,2026-04-05T10:08:15.004Z,Nho Đại Nguyễn,109589281937378505761,https://www.google.com/maps/contrib/109589281937378505761?hl=vi,59,True,0,,,2026-05-19T01:26:31.616803
83a68566fb6d319d4c88a12208514229a3c742d71c50b6be0da885fe72f2c848,google_maps,dalat_002,Horizon Coffee Da Lat,Quán cà phê,https://www.google.com/maps/search/?api=1&query=Horizon%20Coffee%20Da%20Lat&query_place_id=ChIJ_3HmQsMTcTERM_WaDP3Z1gU,Ci9DQUlRQUNvZENodHljRjlvT2pZMmJXOWtNRVk0ZG1ONFVIWndlblJFUjBOU1gwRRAB,https://www.google.com/maps/reviews/data=!4m8!14m7!1m6!2m5!1sCi9DQUlRQUNvZENodHljRjlvT2pZMmJXOWtNRVk0ZG1ONFVIWndlblJFUjBOU1gwRRAB!2m1!1s0x0:0x5d6d9fd0c9af533!3m1!1s2@1:CAIQACodChtycF9oOjY2bW9kMEY4dmN4UHZwenRER0NSX0E%7C%7C?hl=vi,+1 quán checkin trong list đến DaLat nha mng,4.0,2026-03-30T15:50:45.291Z,Thảo Bích,103896279758717763352,https://www.google.com/maps/contrib/103896279758717763352?hl=vi,37,True,0,,,2026-05-19T01:26:31.616803
85e64dbd328f3cc636408efa89c69eb068704beb03025bec2cbfc215e1356dc9,google_maps,dalat_002,Horizon Coffee Da Lat,Quán cà phê,https://www.google.com/maps/search/?api=1&query=Horizon%20Coffee%20Da%20Lat&query_place_id=ChIJ_3HmQsMTcTERM_WaDP3Z1gU,Ci9DQUlRQUNvZENodHljRjlvT2xoc2RXMDVhbU5tWjJsbVFuUlNNRGxrUjBacmVGRRAB,https://www.google.com/maps/reviews/data=!4m8!14m7!1m6!2m5!1sCi9DQUlRQUNvZENodHljRjlvT2xoc2RXMDVhbU5tWjJsbVFuUlNNRGxrUjBacmVGRRAB!2m1!1s0x0:0x5d6d9fd0c9af533!3m1!1s2@1:CAIQACodChtycF9oOlhsdW05amNmZ2lmQnRSMDlkR0ZreFE%7C%7C?hl=vi,"Tiệm cà phê cảnh đẹp , nước uống ok, phục vụ ổn và có dịch vụ lưu trú khá ok",5.0,2026-03-30T12:46:40.329Z,Vinhhung Tran,112143892224555327670,https://www.google.com/maps/contrib/112143892224555327670?hl=vi,54,True,0,,,2026-05-19T01:26:31.616803
683f7bc84f57c5f4eca48b0dee77e4ab83b2f9809e2aca606c17a11e04910078,google_maps,dalat_002,Horizon Coffee Da Lat,Quán cà phê,https://www.google.com/maps/search/?api=1&query=Horizon%20Coffee%20Da%20Lat&query_place_id=ChIJ_3HmQsMTcTERM_WaDP3Z1gU,Ci9DQUlRQUNvZENodHljRjlvT2toelVHaFFXbDh6TWxVM2RIUllia1pCY1cwMGMxRRAB,https://www.google.com/maps/reviews/data=!4m8!14m7!1m6!2m5!1sCi9DQUlRQUNvZENodHljRjlvT2toelVHaFFXbDh6TWxVM2RIUllia1pCY1cwMGMxRRAB!2m1!1s0x0:0x5d6d9fd0c9af533!3m1!1s2@1:CAIQACodChtycF9oOkhzUGhQWl8zMlU3dHRYbkZBcW00c1E%7C%7C?hl=vi,,3.0,2026-03-29T08:15:15.645Z,Nghi Le,102590221620747474730,https://www.google.com/maps/contrib/102590221620747474730?hl=vi,2,True,0,,,2026-05-19T01:26:31.617804
234a07deed558f6cbefd6e6f502ffee0958c347c63bcc99cc7895387fce832b4,google_maps,dalat_002,Horizon Coffee Da Lat,Quán cà phê,https://www.google.com/maps/search/?api=1&query=Horizon%20Coffee%20Da%20Lat&query_place_id=ChIJ_3HmQsMTcTERM_WaDP3Z1gU,Ci9DQUlRQUNvZENodHljRjlvT2pWeExWRlVTblo0UkVaQlFuWjBWMUF0TlRaRmNuYxAB,https://www.google.com/maps/reviews/data=!4m8!14m7!1m6!2m5!1sCi9DQUlRQUNvZENodHljRjlvT2pWeExWRlVTblo0UkVaQlFuWjBWMUF0TlRaRmNuYxAB!2m1!1s0x0:0x5d6d9fd0c9af533!3m1!1s2@1:CAIQACodChtycF9oOjVxLVFUSnZ4REZBQnZ0V1AtNTZFcnc%7C%7C?hl=vi,Nice coffee shop with mountain views,5.0,2026-03-28T03:12:57.755Z,TheAmerican Travelguy,111656849221293756353,https://www.google.com/maps/contrib/111656849221293756353?hl=vi,828,True,0,,,2026-05-19T01:26:31.617804
b2623819618e10ba507124dd3b997157e4fdd6cef86d9bd6b3588691789c8865,google_maps,dalat_002,Horizon Coffee Da Lat,Quán cà phê,https://www.google.com/maps/search/?api=1&query=Horizon%20Coffee%20Da%20Lat&query_place_id=ChIJ_3HmQsMTcTERM_WaDP3Z1gU,Ci9DQUlRQUNvZENodHljRjlvT21sV2NWZEVTa3M0TTBjeVJtZzVMVzVZYVdKMmJWRRAB,https://www.google.com/maps/reviews/data=!4m8!14m7!1m6!2m5!1sCi9DQUlRQUNvZENodHljRjlvT21sV2NWZEVTa3M0TTBjeVJtZzVMVzVZYVdKMmJWRRAB!2m1!1s0x0:0x5d6d9fd0c9af533!3m1!1s2@1:CAIQACodChtycF9oOmlWcVdESks4M0cyRmg5LW5YaWJ2bVE%7C%7C?hl=vi,Quán cf đếch gì mà sáng ra nhân viên còn ngủ…😡😡😡 chắc tính 8h mở cửa,1.0,2026-03-21T00:02:04.065Z,Linh Lê,106254257569925517040,https://www.google.com/maps/contrib/106254257569925517040?hl=vi,13,False,0,"Chào bạn qua kiểm tra camera quán mình nhân viên đã có mặt từ 6h40 ,thời gian mở cửa lúc 7h . bạn có bị nhầm không .",2026-03-21T06:17:05.000Z,2026-05-19T01:26:31.617804
d3526c1bf910bab6bca098558521d71a74e7d9c704d6f75d77d12f1769226d86,google_maps,dalat_002,Horizon Coffee Da Lat,Quán cà phê,https://www.google.com/maps/search/?api=1&query=Horizon%20Coffee%20Da%20Lat&query_place_id=ChIJ_3HmQsMTcTERM_WaDP3Z1gU,Ci9DQUlRQUNvZENodHljRjlvT2pGQ2MzQk9kVkEyYjFKSldHZzVRamhIYWtSTlIyYxAB,https://www.google.com/maps/reviews/data=!4m8!14m7!1m6!2m5!1sCi9DQUlRQUNvZENodHljRjlvT2pGQ2MzQk9kVkEyYjFKSldHZzVRamhIYWtSTlIyYxAB!2m1!1s0x0:0x5d6d9fd0c9af533!3m1!1s2@1:CAIQACodChtycF9oOjFCc3BOdVA2b1JJWGg5QjhHakRNR2c%7C%7C?hl=vi,,5.0,2026-03-10T03:09:42.727Z,Zen Huỳnh Lê,115033489103729925845,https://www.google.com/maps/contrib/115033489103729925845?hl=vi,26,True,0,,,2026-05-19T01:26:31.617804
29bc88ba67e18c22039c5cbfa287b729cec4cf2e1821be48e76c43425d7680d8,google_maps,dalat_002,Horizon Coffee Da Lat,Quán cà phê,https://www.google.com/maps/search/?api=1&query=Horizon%20Coffee%20Da%20Lat&query_place_id=ChIJ_3HmQsMTcTERM_WaDP3Z1gU,Ci9DQUlRQUNvZENodHljRjlvT2xGNU9VRjBWVmxyUlVNeFdGTlpSMkpNYjBGRU5rRRAB,https://www.google.com/maps/reviews/data=!4m8!14m7!1m6!2m5!1sCi9DQUlRQUNvZENodHljRjlvT2xGNU9VRjBWVmxyUlVNeFdGTlpSMkpNYjBGRU5rRRAB!2m1!1s0x0:0x5d6d9fd0c9af533!3m1!1s2@1:CAIQACodChtycF9oOlF5OUF0VVlrRUMxWFNZR2JMb0FENkE%7C%7C?hl=vi,"Ngày 8/3 gia đình mình có ghé quán để uống cf. Mình vào tìm bàn khoảng 5p nhưng ko có vị trí phù hợp. Thấy 1 bạn nhân viên nam đang xếp bàn ghế thì mình có nhờ bạn xếp giúp mình 1 bàn gia đình 9ng và mình nhận lại thái độ vô cùng khó coi từ bạn. Bạn lắc đầu kèm theo vẻ mặt cực kì nhăn nhó rồi bỏ đi kiểu như đuổi khách. Gia đình mình phải tự khiêng bàn ghế sắp xếp chỗ ngồi, mình cực kì thất vọng về thái độ phục vụ của quán  👎👎👎",1.0,2026-03-08T18:17:36.987Z,Le Vo,116105695443843842441,https://www.google.com/maps/contrib/116105695443843842441?hl=vi,1,False,0,,,2026-05-19T01:26:31.617804
1c7b63555a16c41d6b55b1290768a99649e85c3d26c0151945febdbb02b40b2c,google_maps,dalat_003,Quán Của Thời Thanh Xuân,Quán cà phê,https://www.google.com/maps/search/?api=1&query=Qu%C3%A1n%20C%E1%BB%A7a%20Th%E1%BB%9Di%20Thanh%20Xu%C3%A2n&query_place_id=ChIJw6D__a8TcTERqUhnflvGR7s,Ci9DQUlRQUNvZENodHljRjlvT2xwNVRGRjRUMUZaWXpKRGVEaFhaVXhOY2pWV1VuYxAB,https://www.google.com/maps/reviews/data=!4m8!14m7!1m6!2m5!1sCi9DQUlRQUNvZENodHljRjlvT2xwNVRGRjRUMUZaWXpKRGVEaFhaVXhOY2pWV1VuYxAB!2m1!1s0x0:0xbb47c65b7e6748a9!3m1!1s2@1:CAIQACodChtycF9oOlp5TFF4T1FZYzJDeDhXZUxNcjVWUnc%7C%7C?hl=vi,"Quán rất dễ thương, nhân viên dễ thương, đồ uống ngon. Quầy bán tinh dầu thơm, giá tốt",5.0,2026-05-18T00:47:50.781Z,Tiến Khải Phan,106375208392090030401,https://www.google.com/maps/contrib/106375208392090030401?hl=vi,2,False,0,,,2026-05-19T01:26:31.617804
89cbd9207bf7d4e5ed847526e8edd38cf10af3a68fab95217ea2cddab358dd0f,google_maps,dalat_003,Quán Của Thời Thanh Xuân,Quán cà phê,https://www.google.com/maps/search/?api=1&query=Qu%C3%A1n%20C%E1%BB%A7a%20Th%E1%BB%9Di%20Thanh%20Xu%C3%A2n&query_place_id=ChIJw6D__a8TcTERqUhnflvGR7s,Ci9DQUlRQUNvZENodHljRjlvT2pCNFkxUmxaM1JCVVZGblZFcHFaRGxWWXpWdlVFRRAB,https://www.google.com/maps/reviews/data=!4m8!14m7!1m6!2m5!1sCi9DQUlRQUNvZENodHljRjlvT2pCNFkxUmxaM1JCVVZGblZFcHFaRGxWWXpWdlVFRRAB!2m1!1s0x0:0xbb47c65b7e6748a9!3m1!1s2@1:CAIQACodChtycF9oOjB4Y1RlZ3RBUVFnVEpqZDlVYzVvUEE%7C%7C?hl=vi,"Thơm, dễ thương",5.0,2026-05-17T13:54:44.843Z,Phúc Minh Dương,106283614984596479160,https://www.google.com/maps/contrib/106283614984596479160?hl=vi,1,False,0,,,2026-05-19T01:26:31.617804
736d1c9f77fb9c9f4032ccb0fd80c1d52b5eb6b495c0d7c6dfba75947512e5e5,google_maps,dalat_003,Quán Của Thời Thanh Xuân,Quán cà phê,https://www.google.com/maps/search/?api=1&query=Qu%C3%A1n%20C%E1%BB%A7a%20Th%E1%BB%9Di%20Thanh%20Xu%C3%A2n&query_place_id=ChIJw6D__a8TcTERqUhnflvGR7s,Ci9DQUlRQUNvZENodHljRjlvT2tsNVVVZHJNMU5OWmxCblFXcHFkRTR0ZERKdVozYxAB,https://www.google.com/maps/reviews/data=!4m8!14m7!1m6!2m5!1sCi9DQUlRQUNvZENodHljRjlvT2tsNVVVZHJNMU5OWmxCblFXcHFkRTR0ZERKdVozYxAB!2m1!1s0x0:0xbb47c65b7e6748a9!3m1!1s2@1:CAIQACodChtycF9oOkl5UUdrM1NNZlBnQWpqdE4tdDJuZ3c%7C%7C?hl=vi,,5.0,2026-05-17T13:52:04.251Z,Quyên Nguyễn Thị Bạch,117700812144200237196,https://www.google.com/maps/contrib/117700812144200237196?hl=vi,4,False,0,,,2026-05-19T01:26:31.617804
ba8e2b31c41251dce26f3333b46aad924f126f06680a69d605947072831ee393,google_maps,dalat_003,Quán Của Thời Thanh Xuân,Quán cà phê,https://www.google.com/maps/search/?api=1&query=Qu%C3%A1n%20C%E1%BB%A7a%20Th%E1%BB%9Di%20Thanh%20Xu%C3%A2n&query_place_id=ChIJw6D__a8TcTERqUhnflvGR7s,Ci9DQUlRQUNvZENodHljRjlvT2pCck9EbHJRbUZCU1dKdmJVRm9XRkZsVG1GV2JtYxAB,https://www.google.com/maps/reviews/data=!4m8!14m7!1m6!2m5!1sCi9DQUlRQUNvZENodHljRjlvT2pCck9EbHJRbUZCU1dKdmJVRm9XRkZsVG1GV2JtYxAB!2m1!1s0x0:0xbb47c65b7e6748a9!3m1!1s2@1:CAIQACodChtycF9oOjBrODlrQmFBSWJvbUFoWFFlTmFWbmc%7C%7C?hl=vi,,5.0,2026-05-16T13:50:13.589Z,Thanh Nguyễn Ngọc Minh,117935208698457988087,https://www.google.com/maps/contrib/117935208698457988087?hl=vi,1,False,0,,,2026-05-19T01:26:31.617804
4ab6536fabf9d392604775e36b39bca51c8c1937a23c8d9b367b4b48ce2f05b6,google_maps,dalat_003,Quán Của Thời Thanh Xuân,Quán cà phê,https://www.google.com/maps/search/?api=1&query=Qu%C3%A1n%20C%E1%BB%A7a%20Th%E1%BB%9Di%20Thanh%20Xu%C3%A2n&query_place_id=ChIJw6D__a8TcTERqUhnflvGR7s,Ci9DQUlRQUNvZENodHljRjlvT2s5UGNGVnpOV3AwTUdSMFJISk9lamwyYUhoWGEzYxAB,https://www.google.com/maps/reviews/data=!4m8!14m7!1m6!2m5!1sCi9DQUlRQUNvZENodHljRjlvT2s5UGNGVnpOV3AwTUdSMFJISk9lamwyYUhoWGEzYxAB!2m1!1s0x0:0xbb47c65b7e6748a9!3m1!1s2@1:CAIQACodChtycF9oOk9PcFVzNWp0MGR0RHJOejl2aHhXa3c%7C%7C?hl=vi,"Quán dễ thương, nước ngon, các bạn nhân viên nhiệt tình, đánh giá 5 sao nha",5.0,2026-05-16T05:32:28.685Z,Thu Le,101771516986621559963,https://www.google.com/maps/contrib/101771516986621559963?hl=vi,3,False,0,,,2026-05-19T01:26:31.617804
3fb718166de65ad36261343da968b843c6973a8beaddea70664baffa4dfa1445,google_maps,dalat_003,Quán Của Thời Thanh Xuân,Quán cà phê,https://www.google.com/maps/search/?api=1&query=Qu%C3%A1n%20C%E1%BB%A7a%20Th%E1%BB%9Di%20Thanh%20Xu%C3%A2n&query_place_id=ChIJw6D__a8TcTERqUhnflvGR7s,Ci9DQUlRQUNvZENodHljRjlvT2kxTGVrdHdUbkJZT1dSWlUzUm5VWFJrVjNndFZsRRAB,https://www.google.com/maps/reviews/data=!4m8!14m7!1m6!2m5!1sCi9DQUlRQUNvZENodHljRjlvT2kxTGVrdHdUbkJZT1dSWlUzUm5VWFJrVjNndFZsRRAB!2m1!1s0x0:0xbb47c65b7e6748a9!3m1!1s2@1:CAIQACodChtycF9oOi1LektwTnBYOWRZU3RnUXRkV3gtVlE%7C%7C?hl=vi,"Nhân viên và chủ sốp siêu dễ thương, đáng yêu.
Lần nào đi ĐL mình cũng ghé. Tinh dầu & nước hoa thơm, chất lượng ạ. Nên ghé nhoooo",5.0,2026-05-16T05:32:16.419Z,Nhi Nguyễn,105355888101954124962,https://www.google.com/maps/contrib/105355888101954124962?hl=vi,3,False,0,,,2026-05-19T01:26:31.617804
322c0fb1a2cda31112a3927b8d6d3b699984f906017dda47344741421fb41ec2,google_maps,dalat_003,Quán Của Thời Thanh Xuân,Quán cà phê,https://www.google.com/maps/search/?api=1&query=Qu%C3%A1n%20C%E1%BB%A7a%20Th%E1%BB%9Di%20Thanh%20Xu%C3%A2n&query_place_id=ChIJw6D__a8TcTERqUhnflvGR7s,Ci9DQUlRQUNvZENodHljRjlvT2pGNmNURmlibU5PWlZOUk5rSTNXbXBFV0hBMU1uYxAB,https://www.google.com/maps/reviews/data=!4m8!14m7!1m6!2m5!1sCi9DQUlRQUNvZENodHljRjlvT2pGNmNURmlibU5PWlZOUk5rSTNXbXBFV0hBMU1uYxAB!2m1!1s0x0:0xbb47c65b7e6748a9!3m1!1s2@1:CAIQACodChtycF9oOjF6cTFibmNOZVNRNkI3WmpEWHA1Mnc%7C%7C?hl=vi,,5.0,2026-05-16T04:22:43.569Z,Thuy Pham,104321438763250126351,https://www.google.com/maps/contrib/104321438763250126351?hl=vi,0,False,0,,,2026-05-19T01:26:31.617804
cb665d8dfef7260067e835d039b04a906deba82498e0f574e00c5dbdc5c3215d,google_maps,dalat_003,Quán Của Thời Thanh Xuân,Quán cà phê,https://www.google.com/maps/search/?api=1&query=Qu%C3%A1n%20C%E1%BB%A7a%20Th%E1%BB%9Di%20Thanh%20Xu%C3%A2n&query_place_id=ChIJw6D__a8TcTERqUhnflvGR7s,Ci9DQUlRQUNvZENodHljRjlvT2pSVk9HZFdkbkJxV0U1MGVsTmpPRWx2Wm5NeU1IYxAB,https://www.google.com/maps/reviews/data=!4m8!14m7!1m6!2m5!1sCi9DQUlRQUNvZENodHljRjlvT2pSVk9HZFdkbkJxV0U1MGVsTmpPRWx2Wm5NeU1IYxAB!2m1!1s0x0:0xbb47c65b7e6748a9!3m1!1s2@1:CAIQACodChtycF9oOjRVOGdWdnBqWE50elNjOElvZnMyMHc%7C%7C?hl=vi,"Không gian chữa lành, yên tĩnh, đến DatLat nên thử",5.0,2026-05-16T03:44:29.310Z,nhuquynh nguyenthi,111432503176935373963,https://www.google.com/maps/contrib/111432503176935373963?hl=vi,1,False,0,,,2026-05-19T01:26:31.618804
fd8817c0f1bb0489d812205f031d549b21da18a16f8651adbde4679e4b8fb8ae,google_maps,dalat_003,Quán Của Thời Thanh Xuân,Quán cà phê,https://www.google.com/maps/search/?api=1&query=Qu%C3%A1n%20C%E1%BB%A7a%20Th%E1%BB%9Di%20Thanh%20Xu%C3%A2n&query_place_id=ChIJw6D__a8TcTERqUhnflvGR7s,Ci9DQUlRQUNvZENodHljRjlvT21aNVkzUmZTR1J2UkdwclFXNUxVRmxwVldwM2NFRRAB,https://www.google.com/maps/reviews/data=!4m8!14m7!1m6!2m5!1sCi9DQUlRQUNvZENodHljRjlvT21aNVkzUmZTR1J2UkdwclFXNUxVRmxwVldwM2NFRRAB!2m1!1s0x0:0xbb47c65b7e6748a9!3m1!1s2@1:CAIQACodChtycF9oOmZ5Y3RfSGRvRGprQW5LUFlpVWp3cEE%7C%7C?hl=vi,,5.0,2026-05-16T03:38:43.863Z,nguyen thanh,111986695120801207408,https://www.google.com/maps/contrib/111986695120801207408?hl=vi,20,True,0,,,2026-05-19T01:26:31.618804
004e48a2692ab9950fa46e1b4fc5230b8e3986eb151dddb9f420011028d94811,google_maps,dalat_003,Quán Của Thời Thanh Xuân,Quán cà phê,https://www.google.com/maps/search/?api=1&query=Qu%C3%A1n%20C%E1%BB%A7a%20Th%E1%BB%9Di%20Thanh%20Xu%C3%A2n&query_place_id=ChIJw6D__a8TcTERqUhnflvGR7s,Ci9DQUlRQUNvZENodHljRjlvT25SQk9FdzJjMWM1TlRWQ1RHbEZNSFl6Y0dzeE1rRRAB,https://www.google.com/maps/reviews/data=!4m8!14m7!1m6!2m5!1sCi9DQUlRQUNvZENodHljRjlvT25SQk9FdzJjMWM1TlRWQ1RHbEZNSFl6Y0dzeE1rRRAB!2m1!1s0x0:0xbb47c65b7e6748a9!3m1!1s2@1:CAIQACodChtycF9oOnRBOEw2c1c5NTVCTGlFMHYzcGsxMkE%7C%7C?hl=vi,Nước hoa thơm lắm,5.0,2026-05-16T03:36:37.422Z,Healing Dragon,106927500319596656605,https://www.google.com/maps/contrib/106927500319596656605?hl=vi,1,False,0,,,2026-05-19T01:26:31.618804
ca1b4eb90fcb45dfcdf8b3052431d0640011df3e83dc659e7d0b8874859f843b,google_maps,dalat_003,Quán Của Thời Thanh Xuân,Quán cà phê,https://www.google.com/maps/search/?api=1&query=Qu%C3%A1n%20C%E1%BB%A7a%20Th%E1%BB%9Di%20Thanh%20Xu%C3%A2n&query_place_id=ChIJw6D__a8TcTERqUhnflvGR7s,Ci9DQUlRQUNvZENodHljRjlvT2xFd1dreHJlSGgzZFU5NlVGaFFha1pZVWtKelNXYxAB,https://www.google.com/maps/reviews/data=!4m8!14m7!1m6!2m5!1sCi9DQUlRQUNvZENodHljRjlvT2xFd1dreHJlSGgzZFU5NlVGaFFha1pZVWtKelNXYxAB!2m1!1s0x0:0xbb47c65b7e6748a9!3m1!1s2@1:CAIQACodChtycF9oOlEwWkxreHh3dU96UFhQakZYUkJzSWc%7C%7C?hl=vi,Thời thanh xuân sẽ là kỉ niệm đang nhớ khi mình ghé Đà Lạt,5.0,2026-05-15T06:15:38.504Z,bmt navason,113691551073171970307,https://www.google.com/maps/contrib/113691551073171970307?hl=vi,1,False,0,,,2026-05-19T01:26:31.618804
794c13eaba612bf74de0d6776331d345505e4796ba7d9dfe2e7402fcfc3154aa,google_maps,dalat_003,Quán Của Thời Thanh Xuân,Quán cà phê,https://www.google.com/maps/search/?api=1&query=Qu%C3%A1n%20C%E1%BB%A7a%20Th%E1%BB%9Di%20Thanh%20Xu%C3%A2n&query_place_id=ChIJw6D__a8TcTERqUhnflvGR7s,Ci9DQUlRQUNvZENodHljRjlvT2sxTlUxRmtObTR3ZFZWdmFqQlVibEkxVWpkQlMwRRAB,https://www.google.com/maps/reviews/data=!4m8!14m7!1m6!2m5!1sCi9DQUlRQUNvZENodHljRjlvT2sxTlUxRmtObTR3ZFZWdmFqQlVibEkxVWpkQlMwRRAB!2m1!1s0x0:0xbb47c65b7e6748a9!3m1!1s2@1:CAIQACodChtycF9oOk1NU1FkNm4wdVVvajBUblI1UjdBS0E%7C%7C?hl=vi,Quán ấm áp nhân viên nhiệt tình đáng trải nghiệm,5.0,2026-05-15T06:13:27.618Z,Son Na,105735765210431153314,https://www.google.com/maps/contrib/105735765210431153314?hl=vi,1,False,0,,,2026-05-19T01:26:31.618804
3bb465e4fd895eee43df3bab6d5065e731a26f9773148c0892ed9469932ddcca,google_maps,dalat_003,Quán Của Thời Thanh Xuân,Quán cà phê,https://www.google.com/maps/search/?api=1&query=Qu%C3%A1n%20C%E1%BB%A7a%20Th%E1%BB%9Di%20Thanh%20Xu%C3%A2n&query_place_id=ChIJw6D__a8TcTERqUhnflvGR7s,Ci9DQUlRQUNvZENodHljRjlvT25OWVoydFhSalpwZHpSaVRWRXdXbkJEVVcwdE1rRRAB,https://www.google.com/maps/reviews/data=!4m8!14m7!1m6!2m5!1sCi9DQUlRQUNvZENodHljRjlvT25OWVoydFhSalpwZHpSaVRWRXdXbkJEVVcwdE1rRRAB!2m1!1s0x0:0xbb47c65b7e6748a9!3m1!1s2@1:CAIQACodChtycF9oOnNYZ2tXRjZpdzRiTVEwWnBDUW0tMkE%7C%7C?hl=vi,Dễ thương nhất Đà Lạt,5.0,2026-05-15T06:11:50.725Z,an son,109023985464644340316,https://www.google.com/maps/contrib/109023985464644340316?hl=vi,1,False,0,,,2026-05-19T01:26:31.618804
887e6440239f9b5396b7ddfc993011e44d9ff3f7809d451b9bace6cb9941a19f,google_maps,dalat_003,Quán Của Thời Thanh Xuân,Quán cà phê,https://www.google.com/maps/search/?api=1&query=Qu%C3%A1n%20C%E1%BB%A7a%20Th%E1%BB%9Di%20Thanh%20Xu%C3%A2n&query_place_id=ChIJw6D__a8TcTERqUhnflvGR7s,Ci9DQUlRQUNvZENodHljRjlvT21oUGQzTmtVM3BpTlZoUU1rVllNbmhwU2sxNFIyYxAB,https://www.google.com/maps/reviews/data=!4m8!14m7!1m6!2m5!1sCi9DQUlRQUNvZENodHljRjlvT21oUGQzTmtVM3BpTlZoUU1rVllNbmhwU2sxNFIyYxAB!2m1!1s0x0:0xbb47c65b7e6748a9!3m1!1s2@1:CAIQACodChtycF9oOmhPd3NkU3piNVhQMkVYMnhpSk14R2c%7C%7C?hl=vi,,5.0,2026-05-15T06:11:24.789Z,Mùa Ba,100697009396593723276,https://www.google.com/maps/contrib/100697009396593723276?hl=vi,5,False,0,,,2026-05-19T01:26:31.618804
793d5e427df1ad757b1e5ecee9386257c40070eee6e0ab716eb760da06c5173e,google_maps,dalat_003,Quán Của Thời Thanh Xuân,Quán cà phê,https://www.google.com/maps/search/?api=1&query=Qu%C3%A1n%20C%E1%BB%A7a%20Th%E1%BB%9Di%20Thanh%20Xu%C3%A2n&query_place_id=ChIJw6D__a8TcTERqUhnflvGR7s,Ci9DQUlRQUNvZENodHljRjlvT21vM2IzQlRZVEZEWVVSUGMyRmtObkZLY0RWSk5YYxAB,https://www.google.com/maps/reviews/data=!4m8!14m7!1m6!2m5!1sCi9DQUlRQUNvZENodHljRjlvT21vM2IzQlRZVEZEWVVSUGMyRmtObkZLY0RWSk5YYxAB!2m1!1s0x0:0xbb47c65b7e6748a9!3m1!1s2@1:CAIQACodChtycF9oOmo3b3BTYTFDYURPc2FkNnFKcDVJNXc%7C%7C?hl=vi,Ok,5.0,2026-05-15T05:43:00.253Z,Tú Nguyễn Quang,117277146617731893802,https://www.google.com/maps/contrib/117277146617731893802?hl=vi,1,False,0,,,2026-05-19T01:26:31.618804
82022b2191e30a671872af66f18026531b9fc2b5e8f3c2694ed64717da80cabe,google_maps,dalat_003,Quán Của Thời Thanh Xuân,Quán cà phê,https://www.google.com/maps/search/?api=1&query=Qu%C3%A1n%20C%E1%BB%A7a%20Th%E1%BB%9Di%20Thanh%20Xu%C3%A2n&query_place_id=ChIJw6D__a8TcTERqUhnflvGR7s,Ci9DQUlRQUNvZENodHljRjlvT2tWcFYzUkZaRWh5YlZZek1GVjRRMkpUT0hnd1ZsRRAB,https://www.google.com/maps/reviews/data=!4m8!14m7!1m6!2m5!1sCi9DQUlRQUNvZENodHljRjlvT2tWcFYzUkZaRWh5YlZZek1GVjRRMkpUT0hnd1ZsRRAB!2m1!1s0x0:0xbb47c65b7e6748a9!3m1!1s2@1:CAIQACodChtycF9oOkVpV3RFZEhybVYzMFV4Q2JTOHgwVlE%7C%7C?hl=vi,"Quán thơm, cà phê ngon, không khí ấm áp nhân viên dễ thương nhiệt tình. Không biết gì cũng làm được nến siêu thơm",5.0,2026-05-15T05:40:40.285Z,an son,116150887536978856240,https://www.google.com/maps/contrib/116150887536978856240?hl=vi,1,False,0,,,2026-05-19T01:26:31.618804
b52849ef4b7f732b59617a6b6c3d8344e11105d6936c2db55f2340ca2a3f5f73,google_maps,dalat_003,Quán Của Thời Thanh Xuân,Quán cà phê,https://www.google.com/maps/search/?api=1&query=Qu%C3%A1n%20C%E1%BB%A7a%20Th%E1%BB%9Di%20Thanh%20Xu%C3%A2n&query_place_id=ChIJw6D__a8TcTERqUhnflvGR7s,Ci9DQUlRQUNvZENodHljRjlvT2xoSU9VWjRPRWRUU2xrME5qRnpSelpTZVhBeVpGRRAB,https://www.google.com/maps/reviews/data=!4m8!14m7!1m6!2m5!1sCi9DQUlRQUNvZENodHljRjlvT2xoSU9VWjRPRWRUU2xrME5qRnpSelpTZVhBeVpGRRAB!2m1!1s0x0:0xbb47c65b7e6748a9!3m1!1s2@1:CAIQACodChtycF9oOlhIOUZ4OEdTSlk0NjFzRzZSeXAyZFE%7C%7C?hl=vi,,5.0,2026-05-15T05:40:39.967Z,Quang Tu Nguyen,105864913445600728028,https://www.google.com/maps/contrib/105864913445600728028?hl=vi,2,False,0,,,2026-05-19T01:26:31.618804
c4cf2b1b5dba34c5e4c78290e41cdcbd5e59adfd0e51479521bcd36ae7db39ad,google_maps,dalat_003,Quán Của Thời Thanh Xuân,Quán cà phê,https://www.google.com/maps/search/?api=1&query=Qu%C3%A1n%20C%E1%BB%A7a%20Th%E1%BB%9Di%20Thanh%20Xu%C3%A2n&query_place_id=ChIJw6D__a8TcTERqUhnflvGR7s,Ci9DQUlRQUNvZENodHljRjlvT2xkYWRuRTJRa2h4VDJ4b2MwWllaVlpEVVRKaVlXYxAB,https://www.google.com/maps/reviews/data=!4m8!14m7!1m6!2m5!1sCi9DQUlRQUNvZENodHljRjlvT2xkYWRuRTJRa2h4VDJ4b2MwWllaVlpEVVRKaVlXYxAB!2m1!1s0x0:0xbb47c65b7e6748a9!3m1!1s2@1:CAIQACodChtycF9oOldadnE2QkhxT2xoc0ZYZVZDUTJiYWc%7C%7C?hl=vi,Oke nên trải nghiệm thử,5.0,2026-05-15T05:38:29.866Z,Nhi Hoang,111454534135056668885,https://www.google.com/maps/contrib/111454534135056668885?hl=vi,2,False,0,,,2026-05-19T01:26:31.618804
75a420f9bb264073607f336854d9fb22feb825cd49f950bb61c458dc06855b71,google_maps,dalat_003,Quán Của Thời Thanh Xuân,Quán cà phê,https://www.google.com/maps/search/?api=1&query=Qu%C3%A1n%20C%E1%BB%A7a%20Th%E1%BB%9Di%20Thanh%20Xu%C3%A2n&query_place_id=ChIJw6D__a8TcTERqUhnflvGR7s,Ci9DQUlRQUNvZENodHljRjlvT2tFd1VVTlBTV3RJWVdKWU0yaGlSbDlvUmxwTFluYxAB,https://www.google.com/maps/reviews/data=!4m8!14m7!1m6!2m5!1sCi9DQUlRQUNvZENodHljRjlvT2tFd1VVTlBTV3RJWVdKWU0yaGlSbDlvUmxwTFluYxAB!2m1!1s0x0:0xbb47c65b7e6748a9!3m1!1s2@1:CAIQACodChtycF9oOkEwUUNPSWtIYWJYM2hiRl9oRlpLYnc%7C%7C?hl=vi,"Anh chủ dễ thương, nhân viên dễ thương, không gian quán ấm áp",5.0,2026-05-15T05:36:26.722Z,An Sơn,117292985222890324350,https://www.google.com/maps/contrib/117292985222890324350?hl=vi,6,False,0,,,2026-05-19T01:26:31.618804
f4470a242b0c6db3a00fdeb220770f53bfac7d6304ec2a58816d94305786d7f6,google_maps,dalat_003,Quán Của Thời Thanh Xuân,Quán cà phê,https://www.google.com/maps/search/?api=1&query=Qu%C3%A1n%20C%E1%BB%A7a%20Th%E1%BB%9Di%20Thanh%20Xu%C3%A2n&query_place_id=ChIJw6D__a8TcTERqUhnflvGR7s,Ci9DQUlRQUNvZENodHljRjlvT2tkd09XSlVNbU5sYjFSNGFubzVaemRYUWxSSmRuYxAB,https://www.google.com/maps/reviews/data=!4m8!14m7!1m6!2m5!1sCi9DQUlRQUNvZENodHljRjlvT2tkd09XSlVNbU5sYjFSNGFubzVaemRYUWxSSmRuYxAB!2m1!1s0x0:0xbb47c65b7e6748a9!3m1!1s2@1:CAIQACodChtycF9oOkdwOWJUMmNlb1R4ano5ZzdXQlRJdnc%7C%7C?hl=vi,"Nước hoa tinh dầu thơm mũi dễ chịu. Các bạn tư vấn nhiệt tình, khuyến mãi nhiêuf nên mùa nhé",5.0,2026-05-14T12:18:16.199Z,Tuệ An,108346059091734767414,https://www.google.com/maps/contrib/108346059091734767414?hl=vi,1,False,0,,,2026-05-19T01:26:31.618804
723f6d33230ecb4b4c073fa5fd3c4f56aa8b9ba15f6914cedce5786fd87ac440,google_maps,dalat_004,Tiệm Cà Phê Trứng Cô Ba - Đà Lạt,Quán cà phê,https://www.google.com/maps/search/?api=1&query=Ti%E1%BB%87m%20C%C3%A0%20Ph%C3%AA%20Tr%E1%BB%A9ng%20C%C3%B4%20Ba%20-%20%C4%90%C3%A0%20L%E1%BA%A1t&query_place_id=ChIJO8pnG7ATcTER2zNICgdwTPs,Ci9DQUlRQUNvZENodHljRjlvT2xobWNISnJSVGRDYjNSYVRHTllVVWxPV0hFMWJXYxAB,https://www.google.com/maps/reviews/data=!4m8!14m7!1m6!2m5!1sCi9DQUlRQUNvZENodHljRjlvT2xobWNISnJSVGRDYjNSYVRHTllVVWxPV0hFMWJXYxAB!2m1!1s0x0:0xfb4c70070a4833db!3m1!1s2@1:CAIQACodChtycF9oOlhmcHJrRTdCb3RaTGNYUUlOWHE1bWc%7C%7C?hl=vi,"Ngon, đồ ăn ra nhanh",5.0,2026-05-17T00:34:11.398Z,Trần Vũ Trúc Ly,111535425825587019984,https://www.google.com/maps/contrib/111535425825587019984?hl=vi,7,False,0,,,2026-05-19T01:26:31.618804
4927b9cbec3c13c2246eaadd492d32f23dc57ee9ca311886407ce1271f72fb95,google_maps,dalat_004,Tiệm Cà Phê Trứng Cô Ba - Đà Lạt,Quán cà phê,https://www.google.com/maps/search/?api=1&query=Ti%E1%BB%87m%20C%C3%A0%20Ph%C3%AA%20Tr%E1%BB%A9ng%20C%C3%B4%20Ba%20-%20%C4%90%C3%A0%20L%E1%BA%A1t&query_place_id=ChIJO8pnG7ATcTER2zNICgdwTPs,Ci9DQUlRQUNvZENodHljRjlvT21Oek4zaHZYM2huVTB4UlVFUnBYekZIYmtGRlkyYxAB,https://www.google.com/maps/reviews/data=!4m8!14m7!1m6!2m5!1sCi9DQUlRQUNvZENodHljRjlvT21Oek4zaHZYM2huVTB4UlVFUnBYekZIYmtGRlkyYxAB!2m1!1s0x0:0xfb4c70070a4833db!3m1!1s2@1:CAIQACodChtycF9oOmNzN3hvX3hnU0xRUERpXzFHbkFFY2c%7C%7C?hl=vi,"đồ uống khá mắc nhưng nhân viên nhiệt tình, thân thiện",5.0,2026-05-16T09:18:03.972Z,Minh Sam,103194194635846143517,https://www.google.com/maps/contrib/103194194635846143517?hl=vi,4,False,0,,,2026-05-19T01:26:31.618804
1ea33f5199e7d7c85c8c7e1cac28acc239ea3c0c0657218b755103d227552127,google_maps,dalat_004,Tiệm Cà Phê Trứng Cô Ba - Đà Lạt,Quán cà phê,https://www.google.com/maps/search/?api=1&query=Ti%E1%BB%87m%20C%C3%A0%20Ph%C3%AA%20Tr%E1%BB%A9ng%20C%C3%B4%20Ba%20-%20%C4%90%C3%A0%20L%E1%BA%A1t&query_place_id=ChIJO8pnG7ATcTER2zNICgdwTPs,Ci9DQUlRQUNvZENodHljRjlvT21zeldrbEVSWGd5YzFkSVlXWXRWbEJ4VXkwMmJtYxAB,https://www.google.com/maps/reviews/data=!4m8!14m7!1m6!2m5!1sCi9DQUlRQUNvZENodHljRjlvT21zeldrbEVSWGd5YzFkSVlXWXRWbEJ4VXkwMmJtYxAB!2m1!1s0x0:0xfb4c70070a4833db!3m1!1s2@1:CAIQACodChtycF9oOmszWklERXgyc1dIYWYtVlBxUy02bmc%7C%7C?hl=vi,Mình mới uống lần đầu ở đây. Cà phê trứng siêu siêu hợp vị của mình. Lần sau sẽ quay lạiiiii,5.0,2026-05-12T12:01:43.469Z,Quý Ngọc,103576309882769852868,https://www.google.com/maps/contrib/103576309882769852868?hl=vi,1,False,0,"Quý Ngọc thân mến,
Tiệm chân thành cảm ơn Bạn đã dành tình cảm và đánh giá tốt cho quán ạ!

Chúng mình rất vui mừng khi được bạn yêu thích cà phê trứng Cô Ba Đà Lạt, mong sớm được đón tiếp bạn và gia đình quay lại để trải nghiệm thêm nhiều điều thú vị hơn tại Cô Ba nhé 🥰",2026-05-12T12:18:34.000Z,2026-05-19T01:26:31.618804
3d6b368e7d93091c5b03fbf34054c7122e37796d3a50ff0ddc35ab5baf30537a,google_maps,dalat_004,Tiệm Cà Phê Trứng Cô Ba - Đà Lạt,Quán cà phê,https://www.google.com/maps/search/?api=1&query=Ti%E1%BB%87m%20C%C3%A0%20Ph%C3%AA%20Tr%E1%BB%A9ng%20C%C3%B4%20Ba%20-%20%C4%90%C3%A0%20L%E1%BA%A1t&query_place_id=ChIJO8pnG7ATcTER2zNICgdwTPs,Ci9DQUlRQUNvZENodHljRjlvT2xoRWMyOTRkbE5NYjIxQmRXaEdWakpSWHpGMldXYxAB,https://www.google.com/maps/reviews/data=!4m8!14m7!1m6!2m5!1sCi9DQUlRQUNvZENodHljRjlvT2xoRWMyOTRkbE5NYjIxQmRXaEdWakpSWHpGMldXYxAB!2m1!1s0x0:0xfb4c70070a4833db!3m1!1s2@1:CAIQACodChtycF9oOlhEc294dlNMb21BdWhGVjJRXzF2WWc%7C%7C?hl=vi,,5.0,2026-05-11T07:50:58.841Z,Duong Nguyen,105564555085491014545,https://www.google.com/maps/contrib/105564555085491014545?hl=vi,13,True,0,"Tiệm chân thành cảm ơn Bạn đã dành tình cảm và đánh giá tốt cho quán ạ!

Chúng mình rất vui mừng khi được bạn yêu thích cà phê trứng Cô Ba Đà Lạt, mong sớm được đón bạn và gia đình quay lại để trải nghiệm thêm nhiều điều thú vị hơn nữa tại Cô Ba nhé 🥰",2026-05-12T03:09:50.000Z,2026-05-19T01:26:31.618804
06de7c926823168c7b9d9c7597b4568fafa12e35de4c00dce8568ebf534fc4fa,google_maps,dalat_004,Tiệm Cà Phê Trứng Cô Ba - Đà Lạt,Quán cà phê,https://www.google.com/maps/search/?api=1&query=Ti%E1%BB%87m%20C%C3%A0%20Ph%C3%AA%20Tr%E1%BB%A9ng%20C%C3%B4%20Ba%20-%20%C4%90%C3%A0%20L%E1%BA%A1t&query_place_id=ChIJO8pnG7ATcTER2zNICgdwTPs,Ci9DQUlRQUNvZENodHljRjlvT25NeWJWRkRPVVp3YVRkUGFscGhNelZ0UW5GNldIYxAB,https://www.google.com/maps/reviews/data=!4m8!14m7!1m6!2m5!1sCi9DQUlRQUNvZENodHljRjlvT25NeWJWRkRPVVp3YVRkUGFscGhNelZ0UW5GNldIYxAB!2m1!1s0x0:0xfb4c70070a4833db!3m1!1s2@1:CAIQACodChtycF9oOnMybVFDOUZwaTdPalphMzVtQnF6WHc%7C%7C?hl=vi,Nước ngon,5.0,2026-05-10T03:42:20.920Z,hiep nguyen,115004668693556148136,https://www.google.com/maps/contrib/115004668693556148136?hl=vi,2,False,0,"Tiệm chân thành cảm ơn Bạn đã dành tình cảm và đánh giá tốt cho quán ạ!

Chúng mình rất vui mừng khi được bạn yêu thích cà phê trứng Cô Ba Đà Lạt, mong sớm được đón tiếp bạn và gia đình quay lại để trải nghiệm thêm nhiều điều thú vị hơn tại Cô Ba nhé 🥰",2026-05-12T03:18:27.000Z,2026-05-19T01:26:31.618804
a0ddeca8b6510b4d82d79f482bc48294cb87c6d9b009bcae601024e745024c7c,google_maps,dalat_004,Tiệm Cà Phê Trứng Cô Ba - Đà Lạt,Quán cà phê,https://www.google.com/maps/search/?api=1&query=Ti%E1%BB%87m%20C%C3%A0%20Ph%C3%AA%20Tr%E1%BB%A9ng%20C%C3%B4%20Ba%20-%20%C4%90%C3%A0%20L%E1%BA%A1t&query_place_id=ChIJO8pnG7ATcTER2zNICgdwTPs,Ci9DQUlRQUNvZENodHljRjlvT2xVd2VqSktRVzFGWW5kSVRFOXdTRVpMVDNObE1WRRAB,https://www.google.com/maps/reviews/data=!4m8!14m7!1m6!2m5!1sCi9DQUlRQUNvZENodHljRjlvT2xVd2VqSktRVzFGWW5kSVRFOXdTRVpMVDNObE1WRRAB!2m1!1s0x0:0xfb4c70070a4833db!3m1!1s2@1:CAIQACodChtycF9oOlUwejJKQW1FYndITE9wSEZLT3NlMVE%7C%7C?hl=vi,"Quán trang trí đẹp và dễ thương, không gian kiểu ấm cúng làm cảm giác ấm áp phù hợp với cái thời tiết lạnh của Đà Lạt.
Ăn miếng bánh thơm, uống một ly cà phê trứng béo ngậy, nhâm nhi chút nước gừng, phải nói là quá đã.",4.0,2026-05-07T00:53:20.421Z,Trần Hoàng Vững,113868266277678063696,https://www.google.com/maps/contrib/113868266277678063696?hl=vi,75,True,0,"Tiệm chân thành cảm ơn Bạn đã dành tình cảm và đánh giá tốt cho quán ạ!

Chúng mình rất vui mừng khi được bạn yêu thích cà phê trứng Cô Ba Đà Lạt, mong sớm được đón tiếp bạn và gia đình quay lại để trải nghiệm thêm nhiều điều thú vị hơn tại Cô Ba nhé 🥰",2026-05-12T03:23:19.000Z,2026-05-19T01:26:31.618804
d6c70fad58c10a459eb691b4086208d8fdccc125adfffdf4ec3e23a83af99911,google_maps,dalat_004,Tiệm Cà Phê Trứng Cô Ba - Đà Lạt,Quán cà phê,https://www.google.com/maps/search/?api=1&query=Ti%E1%BB%87m%20C%C3%A0%20Ph%C3%AA%20Tr%E1%BB%A9ng%20C%C3%B4%20Ba%20-%20%C4%90%C3%A0%20L%E1%BA%A1t&query_place_id=ChIJO8pnG7ATcTER2zNICgdwTPs,Ci9DQUlRQUNvZENodHljRjlvT2xjeFdUWmZTVXRZVDNWTmVWazBWbWMxUVRoQmRGRRAB,https://www.google.com/maps/reviews/data=!4m8!14m7!1m6!2m5!1sCi9DQUlRQUNvZENodHljRjlvT2xjeFdUWmZTVXRZVDNWTmVWazBWbWMxUVRoQmRGRRAB!2m1!1s0x0:0xfb4c70070a4833db!3m1!1s2@1:CAIQACodChtycF9oOlcxWTZfSUtYT3VNeVk0Vmc1QThBdFE%7C%7C?hl=vi,Cà phê trứng (nóng) ngon xĩuuuuu,5.0,2026-05-06T01:58:21.358Z,Ý Võ Ngọc Như,104242878554610164901,https://www.google.com/maps/contrib/104242878554610164901?hl=vi,8,False,0,"Tiệm chân thành cảm ơn Bạn đã dành tình cảm và đánh giá tốt cho quán ạ!

Chúng mình rất vui mừng khi được bạn yêu thích cà phê trứng Cô Ba Đà Lạt, mong sớm được đón tiếp bạn và gia đình quay lại để trải nghiệm thêm nhiều điều thú vị hơn tại Cô Ba nhé 🥰",2026-05-12T03:26:37.000Z,2026-05-19T01:26:31.618804
376855be6aeaf8112e6f3728bb96e76ba1b497a13f2f85ce8904ae00033bcdd9,google_maps,dalat_004,Tiệm Cà Phê Trứng Cô Ba - Đà Lạt,Quán cà phê,https://www.google.com/maps/search/?api=1&query=Ti%E1%BB%87m%20C%C3%A0%20Ph%C3%AA%20Tr%E1%BB%A9ng%20C%C3%B4%20Ba%20-%20%C4%90%C3%A0%20L%E1%BA%A1t&query_place_id=ChIJO8pnG7ATcTER2zNICgdwTPs,Ci9DQUlRQUNvZENodHljRjlvT25oVUxWVXdUSGxJZWxGQ2N6WXhSa1E0UkVGTlZHYxAB,https://www.google.com/maps/reviews/data=!4m8!14m7!1m6!2m5!1sCi9DQUlRQUNvZENodHljRjlvT25oVUxWVXdUSGxJZWxGQ2N6WXhSa1E0UkVGTlZHYxAB!2m1!1s0x0:0xfb4c70070a4833db!3m1!1s2@1:CAIQACodChtycF9oOnhULVUwTHlIelFCczYxRkQ4REFNVGc%7C%7C?hl=vi,"Nhân viên có thái độ phục vụ chưa được tốt ạ cả bảo vệ giữ xe cũng vậy.

Lúc mình đến quầy order nhân viên ngồi ăn mình đứng đợi khoảng 1-2 phút gì đấy bạn mới ra order ạ.Cũng chẳng nói năng gì với khách.

Về phần cà phê trứng mình thấy nó tanh và khá ngấy ạ không được ngon theo khẩu vị mình và giá nó có đắt nhưng chất lượng không được ổn.

Cả thái độ phục vụ và nước đều không đáng để quay lại trải nghiệm.

Mình đi ngày 22/4/2026 lúc khoảng 8h40-9h ạ

Thanks",1.0,2026-05-05T07:37:12.772Z,Mai Văn Tiến (Travel & Coffee),117269077644748396052,https://www.google.com/maps/contrib/117269077644748396052?hl=vi,34,True,1,"Chào Bạn thân mến,

Tiệm chân thành xin lỗi vì đã mang đến cho bạn một trải nghiệm chưa thật sự tốt ạ. Cảm ơn bạn rất nhiều vì đã góp ý để tiệm có cơ hội nhìn nhận và cải thiện kịp thời.

Chúng mình sẽ cố gắng nâng cao chất lượng sản phẩm và dịch vụ mỗi ngày để mang đến trải nghiệm tốt hơn cho bạn trong những lần ghé tiếp theo.

Rất mong sẽ được đón tiếp bạn trở lại và phục vụ bạn tốt hơn trong thời gian tới.

Trân trọng cảm ơn bạn!

Ps: Mong được bạn chia sẻ thêm về trải nghiệm với mình qua sđt này để mình cải thiện nha, 0915509079 (chủ quán). Cảm ơn bạn rất nhiềuu ❤️",2026-05-05T11:10:28.000Z,2026-05-19T01:26:31.618804
e5fc42472237bb87aba9c814edd10dfe4ca481fbadd694c77512a8c0925afa26,google_maps,dalat_004,Tiệm Cà Phê Trứng Cô Ba - Đà Lạt,Quán cà phê,https://www.google.com/maps/search/?api=1&query=Ti%E1%BB%87m%20C%C3%A0%20Ph%C3%AA%20Tr%E1%BB%A9ng%20C%C3%B4%20Ba%20-%20%C4%90%C3%A0%20L%E1%BA%A1t&query_place_id=ChIJO8pnG7ATcTER2zNICgdwTPs,ChdDSUhNMG9nS0VJQ0FnSURSbjZmOWxRRRAB,https://www.google.com/maps/reviews/data=!4m8!14m7!1m6!2m5!1sChdDSUhNMG9nS0VJQ0FnSURSbjZmOWxRRRAB!2m1!1s0x0:0xfb4c70070a4833db!3m1!1s2@1:CIHM0ogKEICAgIDRn6f9lQE%7C%7C?hl=vi,"Quán ở trung tâm đi bộ qua cũng gần. Đà Lạt lạnh nên bạn mình uống cà phê trứng nóng, mình thử hồng trà kem trứng dừa nướng thơm trà lắm, kem trứng ngon 😋 nên thử nha",5.0,2026-05-01T12:46:30.258Z,Khả An Share,116706235165683653408,https://www.google.com/maps/contrib/116706235165683653408?hl=vi,31,True,0,"Tiệm chân thành cảm ơn bạn đã dành tình cảm và đánh giá tốt cho quán. Chúng mình rất vui khi bạn yêu thích cà phê trứng Cô Ba Đà Lạt, mong sớm được đón bạn và gia đình quay lại để trải nghiệm thêm nhiều điều thú vị hơn nữa nha ❤️",2026-05-05T12:15:50.000Z,2026-05-19T01:26:31.618804
c1b4a3adaf5d0196ea20f459e43edd35d4de6a684b66dfe11f537e54c865afb0,google_maps,dalat_004,Tiệm Cà Phê Trứng Cô Ba - Đà Lạt,Quán cà phê,https://www.google.com/maps/search/?api=1&query=Ti%E1%BB%87m%20C%C3%A0%20Ph%C3%AA%20Tr%E1%BB%A9ng%20C%C3%B4%20Ba%20-%20%C4%90%C3%A0%20L%E1%BA%A1t&query_place_id=ChIJO8pnG7ATcTER2zNICgdwTPs,ChZDSUhNMG9nS0VJQ0FnSURwaGQ2bktREAE,https://www.google.com/maps/reviews/data=!4m8!14m7!1m6!2m5!1sChZDSUhNMG9nS0VJQ0FnSURwaGQ2bktREAE!2m1!1s0x0:0xfb4c70070a4833db!3m1!1s2@1:CIHM0ogKEICAgIDphd6nKQ%7C%7C?hl=vi,Cà phê và bánh ngon. Mua về để dành ăn kkk,5.0,2026-05-01T12:45:25.321Z,linh linh,116163182332928889688,https://www.google.com/maps/contrib/116163182332928889688?hl=vi,1,False,0,"Tiệm chân thành cảm ơn bạn đã dành tình cảm và đánh giá tốt cho quán. Chúng mình rất vui khi bạn yêu thích cà phê trứng Cô Ba Đà Lạt, mong sớm được đón bạn và gia đình quay lại để trải nghiệm thêm nhiều điều thú vị hơn nữa nha ❤️",2026-05-05T12:15:57.000Z,2026-05-19T01:26:31.618804
552b7dc36785cdf14b366a417465e8b2ff42f21a526c36619f6771f57763503c,google_maps,dalat_004,Tiệm Cà Phê Trứng Cô Ba - Đà Lạt,Quán cà phê,https://www.google.com/maps/search/?api=1&query=Ti%E1%BB%87m%20C%C3%A0%20Ph%C3%AA%20Tr%E1%BB%A9ng%20C%C3%B4%20Ba%20-%20%C4%90%C3%A0%20L%E1%BA%A1t&query_place_id=ChIJO8pnG7ATcTER2zNICgdwTPs,ChdDSUhNMG9nS0VJQ0FnSUNSbWNXLXB3RRAB,https://www.google.com/maps/reviews/data=!4m8!14m7!1m6!2m5!1sChdDSUhNMG9nS0VJQ0FnSUNSbWNXLXB3RRAB!2m1!1s0x0:0xfb4c70070a4833db!3m1!1s2@1:CIHM0ogKEICAgICRmcW-pwE%7C%7C?hl=vi,"Quán gần chung tâm giá như vậy là quá rẻ
Mình đi chung với bạn gọi 1 cà phê trứng , 1 cf muối, bạn mình uống cf trứng khen ngon,mình có nếm thử thấy hơi ngọt, nhưng cà phê muối thì hợp với mình, nhân viên nói chuyện dễ thương lắm ,à quán hơi đông nữa ạ.

Ps 1 năm hơn quay lại dịch vụ quán vẫn như vậy nước uống có phần chất lương hơn, giá tăng và dịch vụ cũng tăng
Mình nay đã uống được cf trứng, thơm ngon mê lắm ạ",5.0,2026-05-01T05:40:42.498Z,Ni Ochi,106481921590958608686,https://www.google.com/maps/contrib/106481921590958608686?hl=vi,16,True,1,"Tiệm chân thành cảm ơn bạn đã dành tình cảm và đánh giá tốt cho quán. Chúng mình rất vui khi bạn yêu thích cà phê trứng Cô Ba Đà Lạt, mong sớm được đón bạn và gia đình quay lại để trải nghiệm thêm nhiều điều thú vị hơn nữa nha ❤️",2026-05-05T12:16:24.000Z,2026-05-19T01:26:31.618804
4580e27ec22401eda89eef9f7af5360b241018b1e379540032b41e825e6c20d7,google_maps,dalat_004,Tiệm Cà Phê Trứng Cô Ba - Đà Lạt,Quán cà phê,https://www.google.com/maps/search/?api=1&query=Ti%E1%BB%87m%20C%C3%A0%20Ph%C3%AA%20Tr%E1%BB%A9ng%20C%C3%B4%20Ba%20-%20%C4%90%C3%A0%20L%E1%BA%A1t&query_place_id=ChIJO8pnG7ATcTER2zNICgdwTPs,Ci9DQUlRQUNvZENodHljRjlvT25FMGRXc3dSa0YzUlRsbFVFOHdTME5FVUVwQmFIYxAB,https://www.google.com/maps/reviews/data=!4m8!14m7!1m6!2m5!1sCi9DQUlRQUNvZENodHljRjlvT25FMGRXc3dSa0YzUlRsbFVFOHdTME5FVUVwQmFIYxAB!2m1!1s0x0:0xfb4c70070a4833db!3m1!1s2@1:CAIQACodChtycF9oOnE0dWswRkF3RTllUE8wS0NEUEpBaHc%7C%7C?hl=vi,"Đồ uống mắc nhưng chất lượng không xứng với giá tiền, cafe trứng uống tệ, không có độ ngậy mà còn bị khét. Trà sen vàng uống như nước lã. Điểm cộng duy nhất là không gian quán chill, nv nhiệt tình. Ai muốn uống thức uống ngon thì ko recommend quán này.",3.0,2026-04-30T04:25:16.925Z,Vũ Duyên,115801381950116256014,https://www.google.com/maps/contrib/115801381950116256014?hl=vi,11,False,0,"Tiệm chân thành xin lỗi vì đã mang đến cho bạn một trải nghiệm chưa thật sự tốt ạ. Cảm ơn bạn rất nhiều vì đã góp ý để tiệm có cơ hội nhìn nhận và cải thiện kịp thời.

Chúng mình sẽ cố gắng nâng cao chất lượng sản phẩm và dịch vụ mỗi ngày để mang đến trải nghiệm tốt hơn cho bạn trong những lần ghé tiếp theo.

Rất mong sẽ được đón tiếp bạn trở lại và phục vụ bạn tốt hơn trong thời gian tới.

Trân trọng cảm ơn bạn!",2026-05-05T12:17:38.000Z,2026-05-19T01:26:31.618804
775c74da583515b39460ebbdb4a7c8f0a4854b0fd95282c673dce7e9ee96f83c,google_maps,dalat_004,Tiệm Cà Phê Trứng Cô Ba - Đà Lạt,Quán cà phê,https://www.google.com/maps/search/?api=1&query=Ti%E1%BB%87m%20C%C3%A0%20Ph%C3%AA%20Tr%E1%BB%A9ng%20C%C3%B4%20Ba%20-%20%C4%90%C3%A0%20L%E1%BA%A1t&query_place_id=ChIJO8pnG7ATcTER2zNICgdwTPs,Ci9DQUlRQUNvZENodHljRjlvT25OTFZVdzBSRnBFUTBOeGQxQlFSVVE1YVVodE1VRRAB,https://www.google.com/maps/reviews/data=!4m8!14m7!1m6!2m5!1sCi9DQUlRQUNvZENodHljRjlvT25OTFZVdzBSRnBFUTBOeGQxQlFSVVE1YVVodE1VRRAB!2m1!1s0x0:0xfb4c70070a4833db!3m1!1s2@1:CAIQACodChtycF9oOnNLVUw0RFpEQ0Nxd1BQRUQ5aUhtMUE%7C%7C?hl=vi,Cozy atmosphere and great coffee quality,5.0,2026-04-28T05:08:35.131Z,Bach Le,114643053527130782337,https://www.google.com/maps/contrib/114643053527130782337?hl=vi,69,True,0,"Tiệm chân thành cảm ơn bạn đã dành tình cảm và đánh giá tốt cho quán. Chúng mình rất vui khi bạn yêu thích cà phê trứng Cô Ba Đà Lạt, mong sớm được đón bạn và gia đình quay lại để trải nghiệm thêm nhiều điều thú vị hơn nữa nha ❤️",2026-05-05T12:17:59.000Z,2026-05-19T01:26:31.618804
a3233f118d4d34519f9573c01483cdea32038883ffa64b2c919b95ce5182b251,google_maps,dalat_004,Tiệm Cà Phê Trứng Cô Ba - Đà Lạt,Quán cà phê,https://www.google.com/maps/search/?api=1&query=Ti%E1%BB%87m%20C%C3%A0%20Ph%C3%AA%20Tr%E1%BB%A9ng%20C%C3%B4%20Ba%20-%20%C4%90%C3%A0%20L%E1%BA%A1t&query_place_id=ChIJO8pnG7ATcTER2zNICgdwTPs,Ci9DQUlRQUNvZENodHljRjlvT2tSV0xWcHRPWGwyZFVGMlVqbDNNbFJ4WjB4WE9FRRAB,https://www.google.com/maps/reviews/data=!4m8!14m7!1m6!2m5!1sCi9DQUlRQUNvZENodHljRjlvT2tSV0xWcHRPWGwyZFVGMlVqbDNNbFJ4WjB4WE9FRRAB!2m1!1s0x0:0xfb4c70070a4833db!3m1!1s2@1:CAIQACodChtycF9oOkRWLVptOXl2dUF2Ujl3MlRxZ0xXOEE%7C%7C?hl=vi,đã mua 2 ly nước mang đi . mình đã gọi cf sữa và trà sen vàng. khi về tới homestay thì mới nhận ra bạn nhân viên đã kh để sữa . mình kh uống được cf đen và phải bỏ ly nước. mong hãy chỉnh chu nước trước khi gửi lại khách ạ,1.0,2026-04-25T14:48:45.546Z,Hậu Bích,100271295132360118150,https://www.google.com/maps/contrib/100271295132360118150?hl=vi,2,False,0,"Tiệm chân thành xin lỗi vì đã mang đến cho bạn một trải nghiệm chưa thật sự tốt ạ. Cảm ơn bạn rất nhiều vì đã góp ý để tiệm có cơ hội nhìn nhận và cải thiện kịp thời.

Chúng mình sẽ cố gắng nâng cao chất lượng sản phẩm và dịch vụ mỗi ngày để mang đến trải nghiệm tốt hơn cho bạn trong những lần ghé tiếp theo.

Rất mong sẽ được đón tiếp bạn trở lại và phục vụ bạn tốt hơn trong thời gian tới.

Trân trọng cảm ơn bạn!",2026-05-05T12:18:23.000Z,2026-05-19T01:26:31.618804
e20202cb7439bf8d32f0e5ccbc6a1072cd56e11f32ee65505eb8bd19da296317,google_maps,dalat_004,Tiệm Cà Phê Trứng Cô Ba - Đà Lạt,Quán cà phê,https://www.google.com/maps/search/?api=1&query=Ti%E1%BB%87m%20C%C3%A0%20Ph%C3%AA%20Tr%E1%BB%A9ng%20C%C3%B4%20Ba%20-%20%C4%90%C3%A0%20L%E1%BA%A1t&query_place_id=ChIJO8pnG7ATcTER2zNICgdwTPs,Ci9DQUlRQUNvZENodHljRjlvT21sTFRWODVUMUJ3TFVadVIxcDNNMlpxVW05RU5sRRAB,https://www.google.com/maps/reviews/data=!4m8!14m7!1m6!2m5!1sCi9DQUlRQUNvZENodHljRjlvT21sTFRWODVUMUJ3TFVadVIxcDNNMlpxVW05RU5sRRAB!2m1!1s0x0:0xfb4c70070a4833db!3m1!1s2@1:CAIQACodChtycF9oOmlLTV85T1BwLUZuR1p3M2ZqUm9ENlE%7C%7C?hl=vi,"Cà phê ngon, giá hợp lý",5.0,2026-04-21T23:28:53.354Z,Michael Vu,107796515533613128751,https://www.google.com/maps/contrib/107796515533613128751?hl=vi,74,True,0,"Tiệm chân thành cảm ơn bạn đã dành tình cảm và đánh giá tốt cho quán. Chúng mình rất vui khi bạn yêu thích cà phê trứng Cô Ba Đà Lạt, mong sớm được đón bạn và gia đình quay lại để trải nghiệm thêm nhiều điều thú vị hơn nữa nha ❤️",2026-05-05T12:18:36.000Z,2026-05-19T01:26:31.618804
1028a67d2c2f9c93d0026925c77dfbb77498bd48dd2f422867f17d7ca5071c25,google_maps,dalat_004,Tiệm Cà Phê Trứng Cô Ba - Đà Lạt,Quán cà phê,https://www.google.com/maps/search/?api=1&query=Ti%E1%BB%87m%20C%C3%A0%20Ph%C3%AA%20Tr%E1%BB%A9ng%20C%C3%B4%20Ba%20-%20%C4%90%C3%A0%20L%E1%BA%A1t&query_place_id=ChIJO8pnG7ATcTER2zNICgdwTPs,Ci9DQUlRQUNvZENodHljRjlvT2xKTWNHZzJhbGRqT0hNMVJVMXZaVEZZVDJoVFNuYxAB,https://www.google.com/maps/reviews/data=!4m8!14m7!1m6!2m5!1sCi9DQUlRQUNvZENodHljRjlvT2xKTWNHZzJhbGRqT0hNMVJVMXZaVEZZVDJoVFNuYxAB!2m1!1s0x0:0xfb4c70070a4833db!3m1!1s2@1:CAIQACodChtycF9oOlJMcGg2aldjOHM1RU1vZTFYT2hTSnc%7C%7C?hl=vi,Ngon. Không gian ổn. Nhân viên dễ thương,5.0,2026-04-08T01:05:22.566Z,Trường Nhật,114629202279625589795,https://www.google.com/maps/contrib/114629202279625589795?hl=vi,24,True,0,"Tiệm chân thành cảm ơn bạn đã dành tình cảm và đánh giá tốt cho quán. Chúng mình rất vui khi bạn yêu thích cà phê trứng Cô Ba Đà Lạt, mong sớm được đón bạn và gia đình quay lại để trải nghiệm thêm nhiều điều thú vị hơn nữa nha ❤️",2026-05-05T12:18:44.000Z,2026-05-19T01:26:31.618804
19277db2f994e38edab069f788628975c630fb8e63a5761d7362e4e4e92154c2,google_maps,dalat_004,Tiệm Cà Phê Trứng Cô Ba - Đà Lạt,Quán cà phê,https://www.google.com/maps/search/?api=1&query=Ti%E1%BB%87m%20C%C3%A0%20Ph%C3%AA%20Tr%E1%BB%A9ng%20C%C3%B4%20Ba%20-%20%C4%90%C3%A0%20L%E1%BA%A1t&query_place_id=ChIJO8pnG7ATcTER2zNICgdwTPs,Ci9DQUlRQUNvZENodHljRjlvT2xaRFNuZHFZVU5wZW5GaU1XTklTa1YyUkVGUlJHYxAB,https://www.google.com/maps/reviews/data=!4m8!14m7!1m6!2m5!1sCi9DQUlRQUNvZENodHljRjlvT2xaRFNuZHFZVU5wZW5GaU1XTklTa1YyUkVGUlJHYxAB!2m1!1s0x0:0xfb4c70070a4833db!3m1!1s2@1:CAIQACodChtycF9oOlZDSndqYUNpenFiMWNISkV2REFRRGc%7C%7C?hl=vi,,5.0,2026-04-07T14:22:52.067Z,Jenny Li,108517780498831261683,https://www.google.com/maps/contrib/108517780498831261683?hl=vi,6,False,0,"Tiệm chân thành cảm ơn bạn đã dành tình cảm và đánh giá tốt cho quán. Chúng mình rất vui khi bạn yêu thích cà phê trứng Cô Ba Đà Lạt, mong sớm được đón bạn và gia đình quay lại để trải nghiệm thêm nhiều điều thú vị hơn nữa nha ❤️",2026-05-05T12:18:51.000Z,2026-05-19T01:26:31.618804
8c04dbfdc95660449d3796a56863a64d7ecc9cf1087ea7b278998cd41cf228ab,google_maps,dalat_004,Tiệm Cà Phê Trứng Cô Ba - Đà Lạt,Quán cà phê,https://www.google.com/maps/search/?api=1&query=Ti%E1%BB%87m%20C%C3%A0%20Ph%C3%AA%20Tr%E1%BB%A9ng%20C%C3%B4%20Ba%20-%20%C4%90%C3%A0%20L%E1%BA%A1t&query_place_id=ChIJO8pnG7ATcTER2zNICgdwTPs,Ci9DQUlRQUNvZENodHljRjlvT2pKT00wNVBTRmRHU0VSMlNYWjZPR1ZXTlVScVRHYxAB,https://www.google.com/maps/reviews/data=!4m8!14m7!1m6!2m5!1sCi9DQUlRQUNvZENodHljRjlvT2pKT00wNVBTRmRHU0VSMlNYWjZPR1ZXTlVScVRHYxAB!2m1!1s0x0:0xfb4c70070a4833db!3m1!1s2@1:CAIQACodChtycF9oOjJOM05PSFdGSER2SXZ6OGVWNURqTGc%7C%7C?hl=vi,,5.0,2026-04-04T12:02:22.644Z,Hiếu Trung,113888448031708694608,https://www.google.com/maps/contrib/113888448031708694608?hl=vi,6,True,0,"Tiệm chân thành cảm ơn bạn đã dành tình cảm và đánh giá tốt cho quán. Chúng mình rất vui khi bạn yêu thích cà phê trứng Cô Ba Đà Lạt, mong sớm được đón bạn và gia đình quay lại để trải nghiệm thêm nhiều điều thú vị hơn nữa nha ❤️",2026-05-05T12:18:57.000Z,2026-05-19T01:26:31.618804
fff31b7c6563b8ced9d7c9575e72e563cac48dbbf4abca31c8bef9e8fc07701e,google_maps,dalat_004,Tiệm Cà Phê Trứng Cô Ba - Đà Lạt,Quán cà phê,https://www.google.com/maps/search/?api=1&query=Ti%E1%BB%87m%20C%C3%A0%20Ph%C3%AA%20Tr%E1%BB%A9ng%20C%C3%B4%20Ba%20-%20%C4%90%C3%A0%20L%E1%BA%A1t&query_place_id=ChIJO8pnG7ATcTER2zNICgdwTPs,Ci9DQUlRQUNvZENodHljRjlvT2tkM2QyNDFiVFJMYmpSM2JVcFBOM0p5Y0ZsclNrRRAB,https://www.google.com/maps/reviews/data=!4m8!14m7!1m6!2m5!1sCi9DQUlRQUNvZENodHljRjlvT2tkM2QyNDFiVFJMYmpSM2JVcFBOM0p5Y0ZsclNrRRAB!2m1!1s0x0:0xfb4c70070a4833db!3m1!1s2@1:CAIQACodChtycF9oOkd3d241bTRLbjR3bUpPN3JycFlrSkE%7C%7C?hl=vi,,4.0,2026-03-31T15:34:08.177Z,dang phan,106396243092987862090,https://www.google.com/maps/contrib/106396243092987862090?hl=vi,9,True,0,"Tiệm chân thành cảm ơn bạn đã dành tình cảm và đánh giá tốt cho quán. Chúng mình rất vui khi bạn yêu thích cà phê trứng Cô Ba Đà Lạt, mong sớm được đón bạn và gia đình quay lại để trải nghiệm thêm nhiều điều thú vị hơn nữa nha ❤️",2026-05-05T12:19:04.000Z,2026-05-19T01:26:31.618804
ac549d20d9f0c5c65a7f0d3046b70397031493b21683692b231d80327dc25af1,google_maps,dalat_004,Tiệm Cà Phê Trứng Cô Ba - Đà Lạt,Quán cà phê,https://www.google.com/maps/search/?api=1&query=Ti%E1%BB%87m%20C%C3%A0%20Ph%C3%AA%20Tr%E1%BB%A9ng%20C%C3%B4%20Ba%20-%20%C4%90%C3%A0%20L%E1%BA%A1t&query_place_id=ChIJO8pnG7ATcTER2zNICgdwTPs,Ci9DQUlRQUNvZENodHljRjlvT2pWSmIyNVNXbGRyWmt3d05WZDNjMTh5UlhCcWExRRAB,https://www.google.com/maps/reviews/data=!4m8!14m7!1m6!2m5!1sCi9DQUlRQUNvZENodHljRjlvT2pWSmIyNVNXbGRyWmt3d05WZDNjMTh5UlhCcWExRRAB!2m1!1s0x0:0xfb4c70070a4833db!3m1!1s2@1:CAIQACodChtycF9oOjVJb25SWldrZkwwNVd3c18yRXBqa1E%7C%7C?hl=vi,Nước vẫn uống ngon tuyệt vời như mọi khi. Wifi mạnh,5.0,2026-03-31T13:46:40.997Z,Nhan Nguyen,117843557866588750652,https://www.google.com/maps/contrib/117843557866588750652?hl=vi,323,True,0,"Tiệm chân thành cảm ơn bạn đã dành tình cảm và đánh giá tốt cho quán. Chúng mình rất vui khi bạn yêu thích cà phê trứng Cô Ba Đà Lạt, mong sớm được đón bạn và gia đình quay lại để trải nghiệm thêm nhiều điều thú vị hơn nữa nha ❤️",2026-05-05T12:19:11.000Z,2026-05-19T01:26:31.618804
7cc5a0e75ac407c30cbaa8bc10c96bbc9b8d349e5d3bf271fbd8f0b614320430,google_maps,dalat_005,Fujiya Sushi Đà Lạt - Món Nhật,Nhà hàng Nhật Bản,https://www.google.com/maps/search/?api=1&query=Fujiya%20Sushi%20%C4%90%C3%A0%20L%E1%BA%A1t%20-%20M%C3%B3n%20Nh%E1%BA%ADt&query_place_id=ChIJr5Lv-NMScTERRTkTT6zWBV8,Ci9DQUlRQUNvZENodHljRjlvT2s1MlMyOTVPRlJvVlhWYU0yRkJSRVJXTmswNE5FRRAB,https://www.google.com/maps/reviews/data=!4m8!14m7!1m6!2m5!1sCi9DQUlRQUNvZENodHljRjlvT2s1MlMyOTVPRlJvVlhWYU0yRkJSRVJXTmswNE5FRRAB!2m1!1s0x0:0x5f05d6ac4f133945!3m1!1s2@1:CAIQACodChtycF9oOk52S295OFRoVXVaM2FBRERWNk04NEE%7C%7C?hl=vi,Nhân viên tốt,5.0,2026-05-16T13:13:29.798Z,Hoàng Phi Lưu,103562895704107298861,https://www.google.com/maps/contrib/103562895704107298861?hl=vi,0,False,0,,,2026-05-19T01:26:31.618804
e0389fe148788bee06abc0e9d346197a9e4801adb9c62ebf20a47f9ef7f7b8c5,google_maps,dalat_005,Fujiya Sushi Đà Lạt - Món Nhật,Nhà hàng Nhật Bản,https://www.google.com/maps/search/?api=1&query=Fujiya%20Sushi%20%C4%90%C3%A0%20L%E1%BA%A1t%20-%20M%C3%B3n%20Nh%E1%BA%ADt&query_place_id=ChIJr5Lv-NMScTERRTkTT6zWBV8,Ci9DQUlRQUNvZENodHljRjlvT2pGbVJtYzVjMU5DTlRaYWRUZHdWM1UzZVUxalVHYxAB,https://www.google.com/maps/reviews/data=!4m8!14m7!1m6!2m5!1sCi9DQUlRQUNvZENodHljRjlvT2pGbVJtYzVjMU5DTlRaYWRUZHdWM1UzZVUxalVHYxAB!2m1!1s0x0:0x5f05d6ac4f133945!3m1!1s2@1:CAIQACodChtycF9oOjFmRmc5c1NCNTZadTdwV3U3eU1jUGc%7C%7C?hl=vi,Ok nhưng giá hơi cao so để mn tiếp cận nhiều,4.0,2026-05-16T05:04:12.646Z,Otome Đà Lạt Farm Vườn dâu và Atiso,117333603949323592721,https://www.google.com/maps/contrib/117333603949323592721?hl=vi,22,True,0,,,2026-05-19T01:26:31.618804
41beec4aef6b7b943908335c9e8d981e142c594f22c960d4fb2c8065aea0ad5b,google_maps,dalat_005,Fujiya Sushi Đà Lạt - Món Nhật,Nhà hàng Nhật Bản,https://www.google.com/maps/search/?api=1&query=Fujiya%20Sushi%20%C4%90%C3%A0%20L%E1%BA%A1t%20-%20M%C3%B3n%20Nh%E1%BA%ADt&query_place_id=ChIJr5Lv-NMScTERRTkTT6zWBV8,Ci9DQUlRQUNvZENodHljRjlvT2pkQlVscGlWMnBaUTFOblZuRnBSRE40TFdnek5FRRAB,https://www.google.com/maps/reviews/data=!4m8!14m7!1m6!2m5!1sCi9DQUlRQUNvZENodHljRjlvT2pkQlVscGlWMnBaUTFOblZuRnBSRE40TFdnek5FRRAB!2m1!1s0x0:0x5f05d6ac4f133945!3m1!1s2@1:CAIQACodChtycF9oOjdBUlpiV2pZQ1NnVnFpRDN4LWgzNEE%7C%7C?hl=vi,,5.0,2026-05-09T13:40:16.018Z,Nhan Nguyen,105145746607066619075,https://www.google.com/maps/contrib/105145746607066619075?hl=vi,3,False,0,,,2026-05-19T01:26:31.618804
8597f7e6ca73ffb71b843d7a120c4db0620364de0ed9fa465f1316fe223da93e,google_maps,dalat_005,Fujiya Sushi Đà Lạt - Món Nhật,Nhà hàng Nhật Bản,https://www.google.com/maps/search/?api=1&query=Fujiya%20Sushi%20%C4%90%C3%A0%20L%E1%BA%A1t%20-%20M%C3%B3n%20Nh%E1%BA%ADt&query_place_id=ChIJr5Lv-NMScTERRTkTT6zWBV8,Ci9DQUlRQUNvZENodHljRjlvT205WFowSTJRVVk0YUVaNFVubHVTa05EYlZvMVZtYxAB,https://www.google.com/maps/reviews/data=!4m8!14m7!1m6!2m5!1sCi9DQUlRQUNvZENodHljRjlvT205WFowSTJRVVk0YUVaNFVubHVTa05EYlZvMVZtYxAB!2m1!1s0x0:0x5f05d6ac4f133945!3m1!1s2@1:CAIQACodChtycF9oOm9XZ0I2QUY4aEZ4UnluSkNDbVo1Vmc%7C%7C?hl=vi,"Hôm mình đến ngày t7 thì quán hết khá nhiều món, hết bụng cá ngừ, sò đỏ, bạch tuộc và cả hàu. Bọn mình ăn 2 người hết 480k, cảm giác đồ ăn khá ít, sasimi thì được 9 miếng, maki thì bé tẹo luôn, sushi cá hồi ăn cũng tạm được, cá ngừ cảm giác không tươi lắm. Không gian decor xinh, nhân viên phục vụ nhiệt tình.",3.0,2026-05-09T12:34:56.417Z,Trang Huynh,115460332080234411806,https://www.google.com/maps/contrib/115460332080234411806?hl=vi,478,True,0,,,2026-05-19T01:26:31.618804
b058446b80ffd4213551a7e9598e35e744696edf42e836204c46d5997d8e1446,google_maps,dalat_005,Fujiya Sushi Đà Lạt - Món Nhật,Nhà hàng Nhật Bản,https://www.google.com/maps/search/?api=1&query=Fujiya%20Sushi%20%C4%90%C3%A0%20L%E1%BA%A1t%20-%20M%C3%B3n%20Nh%E1%BA%ADt&query_place_id=ChIJr5Lv-NMScTERRTkTT6zWBV8,Ci9DQUlRQUNvZENodHljRjlvT2t4dlRXeEVTbE5pV0hsZlEwMTRhRWR5UlZGdFZFRRAB,https://www.google.com/maps/reviews/data=!4m8!14m7!1m6!2m5!1sCi9DQUlRQUNvZENodHljRjlvT2t4dlRXeEVTbE5pV0hsZlEwMTRhRWR5UlZGdFZFRRAB!2m1!1s0x0:0x5f05d6ac4f133945!3m1!1s2@1:CAIQACodChtycF9oOkxvTWxESlNiWHlfQ014aEdyRVFtVEE%7C%7C?hl=vi,"Đồ ăn ngon ,giá cả ok. Nhân viên cũng rất dễ thương ạ. Sẽ luôn ủng hộ quán ạ <3",5.0,2026-05-05T06:55:46.308Z,Khanh Nguyễn,104858898838791365535,https://www.google.com/maps/contrib/104858898838791365535?hl=vi,39,True,0,,,2026-05-19T01:26:31.618804
54f53a8efe7fcbee86256e83bbe81f1b250b40ff84f44429e8648f1b731250bd,google_maps,dalat_005,Fujiya Sushi Đà Lạt - Món Nhật,Nhà hàng Nhật Bản,https://www.google.com/maps/search/?api=1&query=Fujiya%20Sushi%20%C4%90%C3%A0%20L%E1%BA%A1t%20-%20M%C3%B3n%20Nh%E1%BA%ADt&query_place_id=ChIJr5Lv-NMScTERRTkTT6zWBV8,Ci9DQUlRQUNvZENodHljRjlvT25OZlZtMUhVVVpsZG5wUmRHOTZVRTFhUlhSMmFVRRAB,https://www.google.com/maps/reviews/data=!4m8!14m7!1m6!2m5!1sCi9DQUlRQUNvZENodHljRjlvT25OZlZtMUhVVVpsZG5wUmRHOTZVRTFhUlhSMmFVRRAB!2m1!1s0x0:0x5f05d6ac4f133945!3m1!1s2@1:CAIQACodChtycF9oOnNfVm1HUUZldnpRdG96UE1aRXR2aUE%7C%7C?hl=vi,,5.0,2026-05-02T14:23:49.837Z,Ni,100778705993173583245,https://www.google.com/maps/contrib/100778705993173583245?hl=vi,5,False,0,,,2026-05-19T01:26:31.618804
c2d37dedd7750beeef535ce94e636ddf471ab35e6edda9b0209af1a0fb1497d5,google_maps,dalat_005,Fujiya Sushi Đà Lạt - Món Nhật,Nhà hàng Nhật Bản,https://www.google.com/maps/search/?api=1&query=Fujiya%20Sushi%20%C4%90%C3%A0%20L%E1%BA%A1t%20-%20M%C3%B3n%20Nh%E1%BA%ADt&query_place_id=ChIJr5Lv-NMScTERRTkTT6zWBV8,Ci9DQUlRQUNvZENodHljRjlvT2xSRE1VOHRWMWxvT0ZFNGExbFpaMk54VjBsRWJrRRAB,https://www.google.com/maps/reviews/data=!4m8!14m7!1m6!2m5!1sCi9DQUlRQUNvZENodHljRjlvT2xSRE1VOHRWMWxvT0ZFNGExbFpaMk54VjBsRWJrRRAB!2m1!1s0x0:0x5f05d6ac4f133945!3m1!1s2@1:CAIQACodChtycF9oOlRDMU8tV1loOFE4a1lZZ2NxV0lEbkE%7C%7C?hl=vi,"Đồ ăn ngon, nhân viên tốt, quán có không gian riêng",5.0,2026-05-02T11:01:45.891Z,Thắm Phạm,111859968613861248621,https://www.google.com/maps/contrib/111859968613861248621?hl=vi,4,False,0,,,2026-05-19T01:26:31.620124
9bd9ab68303e39976fa60717184fb21d98482a1d1270b9b5f80471370eaa12b1,google_maps,dalat_005,Fujiya Sushi Đà Lạt - Món Nhật,Nhà hàng Nhật Bản,https://www.google.com/maps/search/?api=1&query=Fujiya%20Sushi%20%C4%90%C3%A0%20L%E1%BA%A1t%20-%20M%C3%B3n%20Nh%E1%BA%ADt&query_place_id=ChIJr5Lv-NMScTERRTkTT6zWBV8,Ci9DQUlRQUNvZENodHljRjlvT25aUmRtRTBWM0ZuUzFWMFJsbDJSMEpLWjI0MU1IYxAB,https://www.google.com/maps/reviews/data=!4m8!14m7!1m6!2m5!1sCi9DQUlRQUNvZENodHljRjlvT25aUmRtRTBWM0ZuUzFWMFJsbDJSMEpLWjI0MU1IYxAB!2m1!1s0x0:0x5f05d6ac4f133945!3m1!1s2@1:CAIQACodChtycF9oOnZRdmE0V3FnS1V0Rll2R0JKZ241MHc%7C%7C?hl=vi,"Quay lại lần 2, đồ ăn và phục vụ tốt",5.0,2026-05-02T07:14:46.127Z,Hoa Nguyen,101355654442875397947,https://www.google.com/maps/contrib/101355654442875397947?hl=vi,10,True,0,,,2026-05-19T01:26:31.620124
ac7cca88aa9110a6b87f7eb5d7279cb33eb079d3eccafe12e21cc8d0f5d9cd65,google_maps,dalat_005,Fujiya Sushi Đà Lạt - Món Nhật,Nhà hàng Nhật Bản,https://www.google.com/maps/search/?api=1&query=Fujiya%20Sushi%20%C4%90%C3%A0%20L%E1%BA%A1t%20-%20M%C3%B3n%20Nh%E1%BA%ADt&query_place_id=ChIJr5Lv-NMScTERRTkTT6zWBV8,Ci9DQUlRQUNvZENodHljRjlvT2tSa1pGZFJRa280Tlc4M01rTkRPVzlMWm5wT1gxRRAB,https://www.google.com/maps/reviews/data=!4m8!14m7!1m6!2m5!1sCi9DQUlRQUNvZENodHljRjlvT2tSa1pGZFJRa280Tlc4M01rTkRPVzlMWm5wT1gxRRAB!2m1!1s0x0:0x5f05d6ac4f133945!3m1!1s2@1:CAIQACodChtycF9oOkRkZFdRQko4NW83MkNDOW9LZnpOX1E%7C%7C?hl=vi,"Món ăn ngon , nhân viên nhiệt tình",5.0,2026-05-01T14:16:57.803Z,Billy Phan,101864152798824841617,https://www.google.com/maps/contrib/101864152798824841617?hl=vi,2,False,0,,,2026-05-19T01:26:31.620124
038f064d6430385c6330d5f80174bd3555fc3950c835cb9db6daeed5e40b15e0,google_maps,dalat_005,Fujiya Sushi Đà Lạt - Món Nhật,Nhà hàng Nhật Bản,https://www.google.com/maps/search/?api=1&query=Fujiya%20Sushi%20%C4%90%C3%A0%20L%E1%BA%A1t%20-%20M%C3%B3n%20Nh%E1%BA%ADt&query_place_id=ChIJr5Lv-NMScTERRTkTT6zWBV8,Ci9DQUlRQUNvZENodHljRjlvT21aTVN6SkdXbTlDYjAxUFVUVmhjbWhPTTNCMFNHYxAB,https://www.google.com/maps/reviews/data=!4m8!14m7!1m6!2m5!1sCi9DQUlRQUNvZENodHljRjlvT21aTVN6SkdXbTlDYjAxUFVUVmhjbWhPTTNCMFNHYxAB!2m1!1s0x0:0x5f05d6ac4f133945!3m1!1s2@1:CAIQACodChtycF9oOmZMSzJGWm9Cb01PUTVhcmhOM3B0SGc%7C%7C?hl=vi,Nhân viên thân thiện. Món ăn ngon. Mn nên trải nghiệm nhé,5.0,2026-05-01T12:16:34.892Z,Hang Nguyen Thi Kim,116305926670986166429,https://www.google.com/maps/contrib/116305926670986166429?hl=vi,1,False,0,,,2026-05-19T01:26:31.620124
5bda9e8bfee4e151105de84facb46fca326327cdbdc33ead6669eb7352827fba,google_maps,dalat_005,Fujiya Sushi Đà Lạt - Món Nhật,Nhà hàng Nhật Bản,https://www.google.com/maps/search/?api=1&query=Fujiya%20Sushi%20%C4%90%C3%A0%20L%E1%BA%A1t%20-%20M%C3%B3n%20Nh%E1%BA%ADt&query_place_id=ChIJr5Lv-NMScTERRTkTT6zWBV8,Ci9DQUlRQUNvZENodHljRjlvT21wRk5rTkdhalk0UVZkSlVERk5kRjlsWTBKSFIwRRAB,https://www.google.com/maps/reviews/data=!4m8!14m7!1m6!2m5!1sCi9DQUlRQUNvZENodHljRjlvT21wRk5rTkdhalk0UVZkSlVERk5kRjlsWTBKSFIwRRAB!2m1!1s0x0:0x5f05d6ac4f133945!3m1!1s2@1:CAIQACodChtycF9oOmpFNkNGajY4QVdJUDFNdF9lY0JHR0E%7C%7C?hl=vi,,5.0,2026-05-01T05:46:55.053Z,Tuan Pham,102338142957071299464,https://www.google.com/maps/contrib/102338142957071299464?hl=vi,0,False,0,,,2026-05-19T01:26:31.620124
d6b6a09ba12a2593f3a6106ed52a837f3f0ada715684d490930eb58df0451c99,google_maps,dalat_005,Fujiya Sushi Đà Lạt - Món Nhật,Nhà hàng Nhật Bản,https://www.google.com/maps/search/?api=1&query=Fujiya%20Sushi%20%C4%90%C3%A0%20L%E1%BA%A1t%20-%20M%C3%B3n%20Nh%E1%BA%ADt&query_place_id=ChIJr5Lv-NMScTERRTkTT6zWBV8,Ci9DQUlRQUNvZENodHljRjlvT2pKblpEUk9lWGhWVG1reFV6RkZSV2xSU21KMFoxRRAB,https://www.google.com/maps/reviews/data=!4m8!14m7!1m6!2m5!1sCi9DQUlRQUNvZENodHljRjlvT2pKblpEUk9lWGhWVG1reFV6RkZSV2xSU21KMFoxRRAB!2m1!1s0x0:0x5f05d6ac4f133945!3m1!1s2@1:CAIQACodChtycF9oOjJnZDROeXhVTmkxUzFFRWlRSmJ0Z1E%7C%7C?hl=vi,"Món ăn ngon, nhân viên phục vụ nhiệt tình",5.0,2026-04-30T10:26:18.087Z,Thanh Phạm,105367629490162943194,https://www.google.com/maps/contrib/105367629490162943194?hl=vi,3,False,0,,,2026-05-19T01:26:31.620124
f577f9177578faccde61bd7a487e09a993af8daba27f7c71b7f4d956bb75db7b,google_maps,dalat_005,Fujiya Sushi Đà Lạt - Món Nhật,Nhà hàng Nhật Bản,https://www.google.com/maps/search/?api=1&query=Fujiya%20Sushi%20%C4%90%C3%A0%20L%E1%BA%A1t%20-%20M%C3%B3n%20Nh%E1%BA%ADt&query_place_id=ChIJr5Lv-NMScTERRTkTT6zWBV8,Ci9DQUlRQUNvZENodHljRjlvT2xOaVVGUmtMVlZ5ZVdwTVowaEpkWHB4WlRWSVgwRRAB,https://www.google.com/maps/reviews/data=!4m8!14m7!1m6!2m5!1sCi9DQUlRQUNvZENodHljRjlvT2xOaVVGUmtMVlZ5ZVdwTVowaEpkWHB4WlRWSVgwRRAB!2m1!1s0x0:0x5f05d6ac4f133945!3m1!1s2@1:CAIQACodChtycF9oOlNiUFRkLVVyeWpMZ0hJdXpxZTVIX0E%7C%7C?hl=vi,vô tình đi nhưng gặp được quán quá ưng ý. nên ghé,5.0,2026-04-28T14:51:36.129Z,thuyền minh,111515897226655941894,https://www.google.com/maps/contrib/111515897226655941894?hl=vi,5,True,0,,,2026-05-19T01:26:31.620124
3b759bb6235e45ca2f4b69f742a99dee3bb98f35bdf184867103d74b3ec87db3,google_maps,dalat_005,Fujiya Sushi Đà Lạt - Món Nhật,Nhà hàng Nhật Bản,https://www.google.com/maps/search/?api=1&query=Fujiya%20Sushi%20%C4%90%C3%A0%20L%E1%BA%A1t%20-%20M%C3%B3n%20Nh%E1%BA%ADt&query_place_id=ChIJr5Lv-NMScTERRTkTT6zWBV8,Ci9DQUlRQUNvZENodHljRjlvT25OZlYwUkxSVU01ZUc5VE4yUk9NbFJ6ZG5sc1JYYxAB,https://www.google.com/maps/reviews/data=!4m8!14m7!1m6!2m5!1sCi9DQUlRQUNvZENodHljRjlvT25OZlYwUkxSVU01ZUc5VE4yUk9NbFJ6ZG5sc1JYYxAB!2m1!1s0x0:0x5f05d6ac4f133945!3m1!1s2@1:CAIQACodChtycF9oOnNfV0RLRUM5eG9TN2ROMlRzdnlsRXc%7C%7C?hl=vi,"Phục vụ tốt, đồ ăn ngon",5.0,2026-04-27T12:03:24.585Z,79 qst,114276685476812050399,https://www.google.com/maps/contrib/114276685476812050399?hl=vi,1,False,0,,,2026-05-19T01:26:31.620124
7d48aca4b992e914180619634e3e46319f35494236657382855ebdb44a83c447,google_maps,dalat_005,Fujiya Sushi Đà Lạt - Món Nhật,Nhà hàng Nhật Bản,https://www.google.com/maps/search/?api=1&query=Fujiya%20Sushi%20%C4%90%C3%A0%20L%E1%BA%A1t%20-%20M%C3%B3n%20Nh%E1%BA%ADt&query_place_id=ChIJr5Lv-NMScTERRTkTT6zWBV8,Ci9DQUlRQUNvZENodHljRjlvT2xRelR6RmFkazVIZW1aclVrSlhaRm81UWtsdVgxRRAB,https://www.google.com/maps/reviews/data=!4m8!14m7!1m6!2m5!1sCi9DQUlRQUNvZENodHljRjlvT2xRelR6RmFkazVIZW1aclVrSlhaRm81UWtsdVgxRRAB!2m1!1s0x0:0x5f05d6ac4f133945!3m1!1s2@1:CAIQACodChtycF9oOlQzTzFadk5HemZrUkJXZFo5QkluX1E%7C%7C?hl=vi,"Tệ, lên món quá lâu, phục vụ không tinh tế",1.0,2026-04-26T05:35:35.746Z,Huong Nguyen,103338544642959921668,https://www.google.com/maps/contrib/103338544642959921668?hl=vi,8,False,1,,,2026-05-19T01:26:31.620124
26291de70bb75c7d37f260e22b8ce38312d943fa1662ce3ea42bfc4485f1ad76,google_maps,dalat_005,Fujiya Sushi Đà Lạt - Món Nhật,Nhà hàng Nhật Bản,https://www.google.com/maps/search/?api=1&query=Fujiya%20Sushi%20%C4%90%C3%A0%20L%E1%BA%A1t%20-%20M%C3%B3n%20Nh%E1%BA%ADt&query_place_id=ChIJr5Lv-NMScTERRTkTT6zWBV8,Ci9DQUlRQUNvZENodHljRjlvT25Kc2FVaFVNbGxRVGpsVGJUaHdkblpmVERkZldYYxAB,https://www.google.com/maps/reviews/data=!4m8!14m7!1m6!2m5!1sCi9DQUlRQUNvZENodHljRjlvT25Kc2FVaFVNbGxRVGpsVGJUaHdkblpmVERkZldYYxAB!2m1!1s0x0:0x5f05d6ac4f133945!3m1!1s2@1:CAIQACodChtycF9oOnJsaUhUMllQTjlTbThwdnZfTDdfWXc%7C%7C?hl=vi,Đồ ăn ngon thân thiện,5.0,2026-04-25T13:13:29.568Z,Ngọc Lan Huỳnh,101500306207266351960,https://www.google.com/maps/contrib/101500306207266351960?hl=vi,3,False,0,,,2026-05-19T01:26:31.620124
3840892a1caee25ce82f1157ce0da1f4f3916abdf1d3d8b4287a0719244c2e89,google_maps,dalat_005,Fujiya Sushi Đà Lạt - Món Nhật,Nhà hàng Nhật Bản,https://www.google.com/maps/search/?api=1&query=Fujiya%20Sushi%20%C4%90%C3%A0%20L%E1%BA%A1t%20-%20M%C3%B3n%20Nh%E1%BA%ADt&query_place_id=ChIJr5Lv-NMScTERRTkTT6zWBV8,Ci9DQUlRQUNvZENodHljRjlvT25oeE5qWnBVSGx2UkdWZlNFc3hWVzFGYmtrNE0zYxAB,https://www.google.com/maps/reviews/data=!4m8!14m7!1m6!2m5!1sCi9DQUlRQUNvZENodHljRjlvT25oeE5qWnBVSGx2UkdWZlNFc3hWVzFGYmtrNE0zYxAB!2m1!1s0x0:0x5f05d6ac4f133945!3m1!1s2@1:CAIQACodChtycF9oOnhxNjZpUHlvRGVfSEsxVW1Fbkk4M3c%7C%7C?hl=vi,,5.0,2026-04-23T05:14:40.233Z,Duong Ngoc Bao Tran,115127202604187892458,https://www.google.com/maps/contrib/115127202604187892458?hl=vi,1,False,0,,,2026-05-19T01:26:31.620124
8160fae4e1d2b09d978e6c2cb92dc67663fa27d01d9e97b07df11e2fd0acfee7,google_maps,dalat_005,Fujiya Sushi Đà Lạt - Món Nhật,Nhà hàng Nhật Bản,https://www.google.com/maps/search/?api=1&query=Fujiya%20Sushi%20%C4%90%C3%A0%20L%E1%BA%A1t%20-%20M%C3%B3n%20Nh%E1%BA%ADt&query_place_id=ChIJr5Lv-NMScTERRTkTT6zWBV8,Ci9DQUlRQUNvZENodHljRjlvT2tZeGVqTmhkMmhFVFhVMGRFcFpabll0ZGtjeVMzYxAB,https://www.google.com/maps/reviews/data=!4m8!14m7!1m6!2m5!1sCi9DQUlRQUNvZENodHljRjlvT2tZeGVqTmhkMmhFVFhVMGRFcFpabll0ZGtjeVMzYxAB!2m1!1s0x0:0x5f05d6ac4f133945!3m1!1s2@1:CAIQACodChtycF9oOkYxejNhd2hETXU0dEpZZnYtdkcyS3c%7C%7C?hl=vi,"Đồ ăn ngon, nhân viên dễ thương",5.0,2026-04-22T13:40:10.551Z,37.Phạm Ngọc Gia Uyên,104206729714516452510,https://www.google.com/maps/contrib/104206729714516452510?hl=vi,5,False,0,,,2026-05-19T01:26:31.620124
caec64435458f9ecd41a1167095faed25b96bc432fdfe6904cf7407b7ee7860b,google_maps,dalat_005,Fujiya Sushi Đà Lạt - Món Nhật,Nhà hàng Nhật Bản,https://www.google.com/maps/search/?api=1&query=Fujiya%20Sushi%20%C4%90%C3%A0%20L%E1%BA%A1t%20-%20M%C3%B3n%20Nh%E1%BA%ADt&query_place_id=ChIJr5Lv-NMScTERRTkTT6zWBV8,Ci9DQUlRQUNvZENodHljRjlvT2tSSlJXMXRUbmxPZDFKcmVYTXlkR0pUYm1kdlRWRRAB,https://www.google.com/maps/reviews/data=!4m8!14m7!1m6!2m5!1sCi9DQUlRQUNvZENodHljRjlvT2tSSlJXMXRUbmxPZDFKcmVYTXlkR0pUYm1kdlRWRRAB!2m1!1s0x0:0x5f05d6ac4f133945!3m1!1s2@1:CAIQACodChtycF9oOkRJRW1tTnlOd1JreXMydGJTbmdvTVE%7C%7C?hl=vi,,5.0,2026-04-22T11:38:10.627Z,Hạnh Nguyễn,101396594942950216215,https://www.google.com/maps/contrib/101396594942950216215?hl=vi,0,False,0,,,2026-05-19T01:26:31.620733
0aeb97f72e0fb05a55fef17bbf736644668a4116bbc4c482256a9ebb44293102,google_maps,dalat_005,Fujiya Sushi Đà Lạt - Món Nhật,Nhà hàng Nhật Bản,https://www.google.com/maps/search/?api=1&query=Fujiya%20Sushi%20%C4%90%C3%A0%20L%E1%BA%A1t%20-%20M%C3%B3n%20Nh%E1%BA%ADt&query_place_id=ChIJr5Lv-NMScTERRTkTT6zWBV8,Ci9DQUlRQUNvZENodHljRjlvT2xFNGVGOUVlR1ZVTkc4MWQwSk1NVEpIWVY5ak9YYxAB,https://www.google.com/maps/reviews/data=!4m8!14m7!1m6!2m5!1sCi9DQUlRQUNvZENodHljRjlvT2xFNGVGOUVlR1ZVTkc4MWQwSk1NVEpIWVY5ak9YYxAB!2m1!1s0x0:0x5f05d6ac4f133945!3m1!1s2@1:CAIQACodChtycF9oOlE4eF9EeGVUNG81d0JMMTJHYV9jOXc%7C%7C?hl=vi,"Nice place, good service, but the food was so-so at best. The menu seems authentic, with many dishes, and we tried a wide selection, sushi and other. Nothing was exceptional or memorable. It was okay.",3.0,2026-04-21T10:05:06.538Z,Uri Schneider,109326376616838308600,https://www.google.com/maps/contrib/109326376616838308600?hl=vi,3,False,0,,,2026-05-19T01:26:31.620733
72bfbb60c2bb44b9ab63db2f7da91534db51e882777c7075d6f3d7800467b8ba,google_maps,dalat_001,Tiệm gà Túk Túk - Gà nướng sốt tiêu xanh chính gốc Đà Lạt,Nhà hàng,https://www.google.com/maps/search/?api=1&query=Ti%E1%BB%87m%20g%C3%A0%20T%C3%BAk%20T%C3%BAk%20-%20G%C3%A0%20n%C6%B0%E1%BB%9Bng%20s%E1%BB%91t%20ti%C3%AAu%20xanh%20ch%C3%ADnh%20g%E1%BB%91c%20%C4%90%C3%A0%20L%E1%BA%A1t&query_place_id=ChIJG5d8D2wTcTERDzOyPSdLx04,Ci9DQUlRQUNvZENodHljRjlvT2t4U1JqUkZPV3BwZUcxcFpGazNXSHBpZVdWak1uYxAB,https://www.google.com/maps/reviews/data=!4m8!14m7!1m6!2m5!1sCi9DQUlRQUNvZENodHljRjlvT2t4U1JqUkZPV3BwZUcxcFpGazNXSHBpZVdWak1uYxAB!2m1!1s0x0:0x4ec74b273db2330f!3m1!1s2@1:CAIQACodChtycF9oOkxSRjRFOWppeG1pZFk3WHpieWVjMnc%7C%7C?hl=vi,,5.0,2026-05-18T14:46:14.375Z,Ngọc Đăng,103144554005046804329,https://www.google.com/maps/contrib/103144554005046804329?hl=vi,3,False,0,,,2026-05-19T01:26:31.620733
92763471b6aa113c167f9bcdef4e2290c2efe29c9769f793f28db159e8f8b4ff,google_maps,dalat_001,Tiệm gà Túk Túk - Gà nướng sốt tiêu xanh chính gốc Đà Lạt,Nhà hàng,https://www.google.com/maps/search/?api=1&query=Ti%E1%BB%87m%20g%C3%A0%20T%C3%BAk%20T%C3%BAk%20-%20G%C3%A0%20n%C6%B0%E1%BB%9Bng%20s%E1%BB%91t%20ti%C3%AAu%20xanh%20ch%C3%ADnh%20g%E1%BB%91c%20%C4%90%C3%A0%20L%E1%BA%A1t&query_place_id=ChIJG5d8D2wTcTERDzOyPSdLx04,Ci9DQUlRQUNvZENodHljRjlvT2tWa01sRjFSMGRqYm5WbE5FUkdXR28zWVVwM05rRRAB,https://www.google.com/maps/reviews/data=!4m8!14m7!1m6!2m5!1sCi9DQUlRQUNvZENodHljRjlvT2tWa01sRjFSMGRqYm5WbE5FUkdXR28zWVVwM05rRRAB!2m1!1s0x0:0x4ec74b273db2330f!3m1!1s2@1:CAIQACodChtycF9oOkVkMlF1R0djbnVlNERGWGo3YUp3NkE%7C%7C?hl=vi,,5.0,2026-05-18T14:23:53.262Z,Văn Thuận Phạm,112109918808360417025,https://www.google.com/maps/contrib/112109918808360417025?hl=vi,0,False,0,,,2026-05-19T01:26:31.620733
b71dbdb80406c20aa922f2fb4784090cc48e23b9b7252ef3df169d9ee45dc4ae,google_maps,dalat_001,Tiệm gà Túk Túk - Gà nướng sốt tiêu xanh chính gốc Đà Lạt,Nhà hàng,https://www.google.com/maps/search/?api=1&query=Ti%E1%BB%87m%20g%C3%A0%20T%C3%BAk%20T%C3%BAk%20-%20G%C3%A0%20n%C6%B0%E1%BB%9Bng%20s%E1%BB%91t%20ti%C3%AAu%20xanh%20ch%C3%ADnh%20g%E1%BB%91c%20%C4%90%C3%A0%20L%E1%BA%A1t&query_place_id=ChIJG5d8D2wTcTERDzOyPSdLx04,Ci9DQUlRQUNvZENodHljRjlvT21oQlMyNVlOVTE1WHpGRmJrWXRRMGRhY1dKRFkzYxAB,https://www.google.com/maps/reviews/data=!4m8!14m7!1m6!2m5!1sCi9DQUlRQUNvZENodHljRjlvT21oQlMyNVlOVTE1WHpGRmJrWXRRMGRhY1dKRFkzYxAB!2m1!1s0x0:0x4ec74b273db2330f!3m1!1s2@1:CAIQACodChtycF9oOmhBS25YNU15XzFFbkYtQ0dacWJDY3c%7C%7C?hl=vi,,5.0,2026-05-18T13:58:44.572Z,Lan Lê Thị,116435791549955295093,https://www.google.com/maps/contrib/116435791549955295093?hl=vi,0,False,0,,,2026-05-19T01:26:31.620733
9c66ded92c59860bfbc304d87dc3e32f85620d792003014174e1ba52dff90cee,google_maps,dalat_001,Tiệm gà Túk Túk - Gà nướng sốt tiêu xanh chính gốc Đà Lạt,Nhà hàng,https://www.google.com/maps/search/?api=1&query=Ti%E1%BB%87m%20g%C3%A0%20T%C3%BAk%20T%C3%BAk%20-%20G%C3%A0%20n%C6%B0%E1%BB%9Bng%20s%E1%BB%91t%20ti%C3%AAu%20xanh%20ch%C3%ADnh%20g%E1%BB%91c%20%C4%90%C3%A0%20L%E1%BA%A1t&query_place_id=ChIJG5d8D2wTcTERDzOyPSdLx04,Ci9DQUlRQUNvZENodHljRjlvT2tsYWNFdDFibkJsTVdzeVEzQnhhemRSYVRkcWFIYxAB,https://www.google.com/maps/reviews/data=!4m8!14m7!1m6!2m5!1sCi9DQUlRQUNvZENodHljRjlvT2tsYWNFdDFibkJsTVdzeVEzQnhhemRSYVRkcWFIYxAB!2m1!1s0x0:0x4ec74b273db2330f!3m1!1s2@1:CAIQACodChtycF9oOklacEt1bnBlMWsyQ3BxazdRaTdqaHc%7C%7C?hl=vi,,5.0,2026-05-18T13:41:32.590Z,bảo trung nguyễn,105483262062749038087,https://www.google.com/maps/contrib/105483262062749038087?hl=vi,0,False,0,,,2026-05-19T01:26:31.620733
1f955b4c97d5c238242a981c94811fce28a262bb1207ba0725a7fe347aa750c9,google_maps,dalat_001,Tiệm gà Túk Túk - Gà nướng sốt tiêu xanh chính gốc Đà Lạt,Nhà hàng,https://www.google.com/maps/search/?api=1&query=Ti%E1%BB%87m%20g%C3%A0%20T%C3%BAk%20T%C3%BAk%20-%20G%C3%A0%20n%C6%B0%E1%BB%9Bng%20s%E1%BB%91t%20ti%C3%AAu%20xanh%20ch%C3%ADnh%20g%E1%BB%91c%20%C4%90%C3%A0%20L%E1%BA%A1t&query_place_id=ChIJG5d8D2wTcTERDzOyPSdLx04,Ci9DQUlRQUNvZENodHljRjlvT21zeVJGRXlNVloyWVdGaWVGWmxiVEpxYnpOdWJHYxAB,https://www.google.com/maps/reviews/data=!4m8!14m7!1m6!2m5!1sCi9DQUlRQUNvZENodHljRjlvT21zeVJGRXlNVloyWVdGaWVGWmxiVEpxYnpOdWJHYxAB!2m1!1s0x0:0x4ec74b273db2330f!3m1!1s2@1:CAIQACodChtycF9oOmsyRFEyMVZ2YWFieFZlbTJqbzNubGc%7C%7C?hl=vi,Vừa ăn vừa nghe nhạc,5.0,2026-05-18T13:00:25.130Z,Thanh Kiều,107531095143545863355,https://www.google.com/maps/contrib/107531095143545863355?hl=vi,0,False,0,,,2026-05-19T01:26:31.620733
25791b8402ed9142f6aa5e3047386c153f76d591882281a1b2505630d77d4163,google_maps,dalat_001,Tiệm gà Túk Túk - Gà nướng sốt tiêu xanh chính gốc Đà Lạt,Nhà hàng,https://www.google.com/maps/search/?api=1&query=Ti%E1%BB%87m%20g%C3%A0%20T%C3%BAk%20T%C3%BAk%20-%20G%C3%A0%20n%C6%B0%E1%BB%9Bng%20s%E1%BB%91t%20ti%C3%AAu%20xanh%20ch%C3%ADnh%20g%E1%BB%91c%20%C4%90%C3%A0%20L%E1%BA%A1t&query_place_id=ChIJG5d8D2wTcTERDzOyPSdLx04,Ci9DQUlRQUNvZENodHljRjlvT2xNdFkyRjJXQzFYWlY4d2RqSmhNWEV6UmtKYVdYYxAB,https://www.google.com/maps/reviews/data=!4m8!14m7!1m6!2m5!1sCi9DQUlRQUNvZENodHljRjlvT2xNdFkyRjJXQzFYWlY4d2RqSmhNWEV6UmtKYVdYYxAB!2m1!1s0x0:0x4ec74b273db2330f!3m1!1s2@1:CAIQACodChtycF9oOlMtY2F2WC1XZV8wdjJhMXEzRkJaWXc%7C%7C?hl=vi,Ok,5.0,2026-05-18T12:52:04.476Z,Vy Nguyễn,112866093389210052878,https://www.google.com/maps/contrib/112866093389210052878?hl=vi,4,False,0,,,2026-05-19T01:26:31.620733
60b3c2ff1af1b85257f3c70010bfb717d8540c56c59bf91742ded2c68da9cabe,google_maps,dalat_001,Tiệm gà Túk Túk - Gà nướng sốt tiêu xanh chính gốc Đà Lạt,Nhà hàng,https://www.google.com/maps/search/?api=1&query=Ti%E1%BB%87m%20g%C3%A0%20T%C3%BAk%20T%C3%BAk%20-%20G%C3%A0%20n%C6%B0%E1%BB%9Bng%20s%E1%BB%91t%20ti%C3%AAu%20xanh%20ch%C3%ADnh%20g%E1%BB%91c%20%C4%90%C3%A0%20L%E1%BA%A1t&query_place_id=ChIJG5d8D2wTcTERDzOyPSdLx04,Ci9DQUlRQUNvZENodHljRjlvT2treFJYSkJVbmd4Tkc0NVJtWkVVMWhVVTFwcFkxRRAB,https://www.google.com/maps/reviews/data=!4m8!14m7!1m6!2m5!1sCi9DQUlRQUNvZENodHljRjlvT2treFJYSkJVbmd4Tkc0NVJtWkVVMWhVVTFwcFkxRRAB!2m1!1s0x0:0x4ec74b273db2330f!3m1!1s2@1:CAIQACodChtycF9oOkkxRXJBUngxNG45RmZEU1hUU1ppY1E%7C%7C?hl=vi,,5.0,2026-05-18T12:47:08.144Z,uyen nguyen,114734259502619717144,https://www.google.com/maps/contrib/114734259502619717144?hl=vi,1,False,0,,,2026-05-19T01:26:31.620733
dfb338fd69d0e408c4a0587170fbd5c0dcd0d903d38d53db67bc0535279f8dd1,google_maps,dalat_001,Tiệm gà Túk Túk - Gà nướng sốt tiêu xanh chính gốc Đà Lạt,Nhà hàng,https://www.google.com/maps/search/?api=1&query=Ti%E1%BB%87m%20g%C3%A0%20T%C3%BAk%20T%C3%BAk%20-%20G%C3%A0%20n%C6%B0%E1%BB%9Bng%20s%E1%BB%91t%20ti%C3%AAu%20xanh%20ch%C3%ADnh%20g%E1%BB%91c%20%C4%90%C3%A0%20L%E1%BA%A1t&query_place_id=ChIJG5d8D2wTcTERDzOyPSdLx04,Ci9DQUlRQUNvZENodHljRjlvT25aSU5IUlBWakZQU0ZKdWJURm5hMUZSY1VKdFMwRRAB,https://www.google.com/maps/reviews/data=!4m8!14m7!1m6!2m5!1sCi9DQUlRQUNvZENodHljRjlvT25aSU5IUlBWakZQU0ZKdWJURm5hMUZSY1VKdFMwRRAB!2m1!1s0x0:0x4ec74b273db2330f!3m1!1s2@1:CAIQACodChtycF9oOnZINHRPVjFPSFJubTFna1FRcUJtS0E%7C%7C?hl=vi,Tuyệt vời,5.0,2026-05-18T12:26:14.979Z,Thế Trần,101101263999167211187,https://www.google.com/maps/contrib/101101263999167211187?hl=vi,1,False,0,,,2026-05-19T01:26:31.620733
8c6a8907ec3d59ca01df100d9901e5401d05d3058138714ba512c3efda50429e,google_maps,dalat_001,Tiệm gà Túk Túk - Gà nướng sốt tiêu xanh chính gốc Đà Lạt,Nhà hàng,https://www.google.com/maps/search/?api=1&query=Ti%E1%BB%87m%20g%C3%A0%20T%C3%BAk%20T%C3%BAk%20-%20G%C3%A0%20n%C6%B0%E1%BB%9Bng%20s%E1%BB%91t%20ti%C3%AAu%20xanh%20ch%C3%ADnh%20g%E1%BB%91c%20%C4%90%C3%A0%20L%E1%BA%A1t&query_place_id=ChIJG5d8D2wTcTERDzOyPSdLx04,Ci9DQUlRQUNvZENodHljRjlvT25seFRVNHhaMFZJU2s1c2NtRkVXVmRsWjAxc1NtYxAB,https://www.google.com/maps/reviews/data=!4m8!14m7!1m6!2m5!1sCi9DQUlRQUNvZENodHljRjlvT25seFRVNHhaMFZJU2s1c2NtRkVXVmRsWjAxc1NtYxAB!2m1!1s0x0:0x4ec74b273db2330f!3m1!1s2@1:CAIQACodChtycF9oOnlxTU4xZ0VISk5scmFEWVdlZ01sSmc%7C%7C?hl=vi,,5.0,2026-05-18T12:21:34.462Z,Thanh Truong,106703503914171034036,https://www.google.com/maps/contrib/106703503914171034036?hl=vi,25,True,0,,,2026-05-19T01:26:31.620733
bd8ba5fd19d473c8c6a7d68ad0e96f7b8955e3bcbf8ecfd4b86acb9beb335ee2,google_maps,dalat_001,Tiệm gà Túk Túk - Gà nướng sốt tiêu xanh chính gốc Đà Lạt,Nhà hàng,https://www.google.com/maps/search/?api=1&query=Ti%E1%BB%87m%20g%C3%A0%20T%C3%BAk%20T%C3%BAk%20-%20G%C3%A0%20n%C6%B0%E1%BB%9Bng%20s%E1%BB%91t%20ti%C3%AAu%20xanh%20ch%C3%ADnh%20g%E1%BB%91c%20%C4%90%C3%A0%20L%E1%BA%A1t&query_place_id=ChIJG5d8D2wTcTERDzOyPSdLx04,Ci9DQUlRQUNvZENodHljRjlvT21sWlFURlhjRmRmWTIxVlpFaDJUMmRKU3pSalRGRRAB,https://www.google.com/maps/reviews/data=!4m8!14m7!1m6!2m5!1sCi9DQUlRQUNvZENodHljRjlvT21sWlFURlhjRmRmWTIxVlpFaDJUMmRKU3pSalRGRRAB!2m1!1s0x0:0x4ec74b273db2330f!3m1!1s2@1:CAIQACodChtycF9oOmlZQTFXcFdfY21VZEh2T2dJSzRjTFE%7C%7C?hl=vi,,5.0,2026-05-18T12:21:05.343Z,Minh Nguyễn,109405583686533472090,https://www.google.com/maps/contrib/109405583686533472090?hl=vi,0,False,0,,,2026-05-19T01:26:31.620733
15a5a0572fc5ae71b1899fcac7fa0c682206313352122a2c8ea8366aca586379,google_maps,dalat_001,Tiệm gà Túk Túk - Gà nướng sốt tiêu xanh chính gốc Đà Lạt,Nhà hàng,https://www.google.com/maps/search/?api=1&query=Ti%E1%BB%87m%20g%C3%A0%20T%C3%BAk%20T%C3%BAk%20-%20G%C3%A0%20n%C6%B0%E1%BB%9Bng%20s%E1%BB%91t%20ti%C3%AAu%20xanh%20ch%C3%ADnh%20g%E1%BB%91c%20%C4%90%C3%A0%20L%E1%BA%A1t&query_place_id=ChIJG5d8D2wTcTERDzOyPSdLx04,Ci9DQUlRQUNvZENodHljRjlvT2pWRFZWY3RkV3RFT0dsVlNIWlVZWHBMWlRCSE1YYxAB,https://www.google.com/maps/reviews/data=!4m8!14m7!1m6!2m5!1sCi9DQUlRQUNvZENodHljRjlvT2pWRFZWY3RkV3RFT0dsVlNIWlVZWHBMWlRCSE1YYxAB!2m1!1s0x0:0x4ec74b273db2330f!3m1!1s2@1:CAIQACodChtycF9oOjVDVVctdWtEOGlVSHZUYXpLZTBHMXc%7C%7C?hl=vi,Ngon,5.0,2026-05-18T11:53:20.417Z,Hiep barbershop,113736303541734401026,https://www.google.com/maps/contrib/113736303541734401026?hl=vi,2,False,0,,,2026-05-19T01:26:31.620733
2c31b7b283b9362a35931ff60c3c9f0d426734661351c0aabf2d9e3f2c1ac2d1,google_maps,dalat_001,Tiệm gà Túk Túk - Gà nướng sốt tiêu xanh chính gốc Đà Lạt,Nhà hàng,https://www.google.com/maps/search/?api=1&query=Ti%E1%BB%87m%20g%C3%A0%20T%C3%BAk%20T%C3%BAk%20-%20G%C3%A0%20n%C6%B0%E1%BB%9Bng%20s%E1%BB%91t%20ti%C3%AAu%20xanh%20ch%C3%ADnh%20g%E1%BB%91c%20%C4%90%C3%A0%20L%E1%BA%A1t&query_place_id=ChIJG5d8D2wTcTERDzOyPSdLx04,Ci9DQUlRQUNvZENodHljRjlvT2t0UWVuQXhVMGRQYlU1ME0xTTVVMDlZZDFwRFEwRRAB,https://www.google.com/maps/reviews/data=!4m8!14m7!1m6!2m5!1sCi9DQUlRQUNvZENodHljRjlvT2t0UWVuQXhVMGRQYlU1ME0xTTVVMDlZZDFwRFEwRRAB!2m1!1s0x0:0x4ec74b273db2330f!3m1!1s2@1:CAIQACodChtycF9oOktQenAxU0dPbU50M1M5U09Yd1pDQ0E%7C%7C?hl=vi,,5.0,2026-05-18T11:45:42.947Z,Beo Nhat,103335946035044470621,https://www.google.com/maps/contrib/103335946035044470621?hl=vi,7,False,0,,,2026-05-19T01:26:31.620733
b118a318cf803d34e8cc4a34cb1498430fbbf561db5a3d0f9507c63dbe960e79,google_maps,dalat_001,Tiệm gà Túk Túk - Gà nướng sốt tiêu xanh chính gốc Đà Lạt,Nhà hàng,https://www.google.com/maps/search/?api=1&query=Ti%E1%BB%87m%20g%C3%A0%20T%C3%BAk%20T%C3%BAk%20-%20G%C3%A0%20n%C6%B0%E1%BB%9Bng%20s%E1%BB%91t%20ti%C3%AAu%20xanh%20ch%C3%ADnh%20g%E1%BB%91c%20%C4%90%C3%A0%20L%E1%BA%A1t&query_place_id=ChIJG5d8D2wTcTERDzOyPSdLx04,Ci9DQUlRQUNvZENodHljRjlvT21rNVEwTjBlRmxuT0VkdWVFeHRlR1JMUjBVMVVYYxAB,https://www.google.com/maps/reviews/data=!4m8!14m7!1m6!2m5!1sCi9DQUlRQUNvZENodHljRjlvT21rNVEwTjBlRmxuT0VkdWVFeHRlR1JMUjBVMVVYYxAB!2m1!1s0x0:0x4ec74b273db2330f!3m1!1s2@1:CAIQACodChtycF9oOmk5Q0N0eFlnOEdueExteGRLR0U1UXc%7C%7C?hl=vi,,5.0,2026-05-18T11:42:07.493Z,như ý,109396014516184908770,https://www.google.com/maps/contrib/109396014516184908770?hl=vi,0,False,0,,,2026-05-19T01:26:31.620733
04353c47b14121f647de866be6b7af2951b1a74a5683405720ae66f0cde9c8b6,google_maps,dalat_001,Tiệm gà Túk Túk - Gà nướng sốt tiêu xanh chính gốc Đà Lạt,Nhà hàng,https://www.google.com/maps/search/?api=1&query=Ti%E1%BB%87m%20g%C3%A0%20T%C3%BAk%20T%C3%BAk%20-%20G%C3%A0%20n%C6%B0%E1%BB%9Bng%20s%E1%BB%91t%20ti%C3%AAu%20xanh%20ch%C3%ADnh%20g%E1%BB%91c%20%C4%90%C3%A0%20L%E1%BA%A1t&query_place_id=ChIJG5d8D2wTcTERDzOyPSdLx04,Ci9DQUlRQUNvZENodHljRjlvT2xrek5qZGhka1ZmVG10TldGOUZOVTFaWkRCVVdrRRAB,https://www.google.com/maps/reviews/data=!4m8!14m7!1m6!2m5!1sCi9DQUlRQUNvZENodHljRjlvT2xrek5qZGhka1ZmVG10TldGOUZOVTFaWkRCVVdrRRAB!2m1!1s0x0:0x4ec74b273db2330f!3m1!1s2@1:CAIQACodChtycF9oOlkzNjdhdkVfTmtNWF9FNU1ZZDBUWkE%7C%7C?hl=vi,,5.0,2026-05-18T11:12:27.150Z,Hiền Thu,106296241607823190908,https://www.google.com/maps/contrib/106296241607823190908?hl=vi,0,False,0,,,2026-05-19T01:26:31.620733
b1499875a45e556088ea29217b2f095282310beeb7eb4c5ace94b0b9c46e0b0b,google_maps,dalat_001,Tiệm gà Túk Túk - Gà nướng sốt tiêu xanh chính gốc Đà Lạt,Nhà hàng,https://www.google.com/maps/search/?api=1&query=Ti%E1%BB%87m%20g%C3%A0%20T%C3%BAk%20T%C3%BAk%20-%20G%C3%A0%20n%C6%B0%E1%BB%9Bng%20s%E1%BB%91t%20ti%C3%AAu%20xanh%20ch%C3%ADnh%20g%E1%BB%91c%20%C4%90%C3%A0%20L%E1%BA%A1t&query_place_id=ChIJG5d8D2wTcTERDzOyPSdLx04,Ci9DQUlRQUNvZENodHljRjlvT205dFJHbGFPVXh0TjNaVWIyc3hVVlpJV1ZaQldIYxAB,https://www.google.com/maps/reviews/data=!4m8!14m7!1m6!2m5!1sCi9DQUlRQUNvZENodHljRjlvT205dFJHbGFPVXh0TjNaVWIyc3hVVlpJV1ZaQldIYxAB!2m1!1s0x0:0x4ec74b273db2330f!3m1!1s2@1:CAIQACodChtycF9oOm9tRGlaOUxtN3ZUb2sxUVZIWVZBWHc%7C%7C?hl=vi,Oke la mn recommen,5.0,2026-05-18T11:06:21.563Z,Bướm K,116306421172152233192,https://www.google.com/maps/contrib/116306421172152233192?hl=vi,0,False,0,,,2026-05-19T01:26:31.620733
419d61ece4166566ca272e21fbddd5a5990380dc16dd463e890bffe0a7113454,google_maps,dalat_001,Tiệm gà Túk Túk - Gà nướng sốt tiêu xanh chính gốc Đà Lạt,Nhà hàng,https://www.google.com/maps/search/?api=1&query=Ti%E1%BB%87m%20g%C3%A0%20T%C3%BAk%20T%C3%BAk%20-%20G%C3%A0%20n%C6%B0%E1%BB%9Bng%20s%E1%BB%91t%20ti%C3%AAu%20xanh%20ch%C3%ADnh%20g%E1%BB%91c%20%C4%90%C3%A0%20L%E1%BA%A1t&query_place_id=ChIJG5d8D2wTcTERDzOyPSdLx04,Ci9DQUlRQUNvZENodHljRjlvT2tsa1NrWk9RakZ3TWtWelFWWjBMVmxsYkhONVpIYxAB,https://www.google.com/maps/reviews/data=!4m8!14m7!1m6!2m5!1sCi9DQUlRQUNvZENodHljRjlvT2tsa1NrWk9RakZ3TWtWelFWWjBMVmxsYkhONVpIYxAB!2m1!1s0x0:0x4ec74b273db2330f!3m1!1s2@1:CAIQACodChtycF9oOklkSkZOQjFwMkVzQVZ0LVllbHN5ZHc%7C%7C?hl=vi,"anh Thuận siu dễ thương, đồ ăn ngon",5.0,2026-05-18T10:55:39.383Z,Man Nghi Chau,105879390608986385413,https://www.google.com/maps/contrib/105879390608986385413?hl=vi,1,False,0,,,2026-05-19T01:26:31.620733
7d15c8d56e4e6de92e7593d32bd17dbd988ff52cd3ed7b1d2b56d2d95468b1db,google_maps,dalat_001,Tiệm gà Túk Túk - Gà nướng sốt tiêu xanh chính gốc Đà Lạt,Nhà hàng,https://www.google.com/maps/search/?api=1&query=Ti%E1%BB%87m%20g%C3%A0%20T%C3%BAk%20T%C3%BAk%20-%20G%C3%A0%20n%C6%B0%E1%BB%9Bng%20s%E1%BB%91t%20ti%C3%AAu%20xanh%20ch%C3%ADnh%20g%E1%BB%91c%20%C4%90%C3%A0%20L%E1%BA%A1t&query_place_id=ChIJG5d8D2wTcTERDzOyPSdLx04,Ci9DQUlRQUNvZENodHljRjlvT25rdFNUbDJVa0ZrYkZoUVlVMDFXRmc1VWxvd2VsRRAB,https://www.google.com/maps/reviews/data=!4m8!14m7!1m6!2m5!1sCi9DQUlRQUNvZENodHljRjlvT25rdFNUbDJVa0ZrYkZoUVlVMDFXRmc1VWxvd2VsRRAB!2m1!1s0x0:0x4ec74b273db2330f!3m1!1s2@1:CAIQACodChtycF9oOnktSTl2UkFkbFhQYU01WFg5UlowelE%7C%7C?hl=vi,Đò ăn ngon bé Lan vui vẻ nhiệt tình,5.0,2026-05-18T09:05:25.421Z,Minh Minh,103048149105497507851,https://www.google.com/maps/contrib/103048149105497507851?hl=vi,1,False,0,"Cảm ơn cả nhà đã đến và sử dụng dịch vụ tại Tiệm.
Hy vọng cả nhà sẽ có trải nghiệm tuyệt vời với món ăn cũng như không gian tại Tiệm.
Rất mong sẽ tiếp tục nhận được sự ủng hộ của cả nhà trong thời gian tới.
Một lần nữa xin cảm ơn cả nhà rất nhiều",2026-05-18T10:50:55.000Z,2026-05-19T01:26:31.620733
1a0a3c2121300576be1b9d28e7b0c7aacaed50357bc9a00608cf6b8d5635938a,google_maps,dalat_001,Tiệm gà Túk Túk - Gà nướng sốt tiêu xanh chính gốc Đà Lạt,Nhà hàng,https://www.google.com/maps/search/?api=1&query=Ti%E1%BB%87m%20g%C3%A0%20T%C3%BAk%20T%C3%BAk%20-%20G%C3%A0%20n%C6%B0%E1%BB%9Bng%20s%E1%BB%91t%20ti%C3%AAu%20xanh%20ch%C3%ADnh%20g%E1%BB%91c%20%C4%90%C3%A0%20L%E1%BA%A1t&query_place_id=ChIJG5d8D2wTcTERDzOyPSdLx04,Ci9DQUlRQUNvZENodHljRjlvT2pWcE0zRnpUMEpCTFZwR1RGZFFMV2x5ZUhWaVRWRRAB,https://www.google.com/maps/reviews/data=!4m8!14m7!1m6!2m5!1sCi9DQUlRQUNvZENodHljRjlvT2pWcE0zRnpUMEpCTFZwR1RGZFFMV2x5ZUhWaVRWRRAB!2m1!1s0x0:0x4ec74b273db2330f!3m1!1s2@1:CAIQACodChtycF9oOjVpM3FzT0JBLVpGTFdQLWlyeHViTVE%7C%7C?hl=vi,đồ ăn ngon chổ sạch sẽ đẹp,5.0,2026-05-18T08:22:09.323Z,Huỳnh Đức,102500946913338370241,https://www.google.com/maps/contrib/102500946913338370241?hl=vi,2,False,0,"Cảm ơn cả nhà đã đến và sử dụng dịch vụ tại Tiệm.
Hy vọng cả nhà sẽ có trải nghiệm tuyệt vời với món ăn cũng như không gian tại Tiệm.
Rất mong sẽ tiếp tục nhận được sự ủng hộ của cả nhà trong thời gian tới.
Một lần nữa xin cảm ơn cả nhà rất nhiều",2026-05-18T10:51:06.000Z,2026-05-19T01:26:31.620733
c6cc10d290fe313afbe0ec747864f6881e51d57bc8d9286ef4261d1f9e79e741,google_maps,dalat_001,Tiệm gà Túk Túk - Gà nướng sốt tiêu xanh chính gốc Đà Lạt,Nhà hàng,https://www.google.com/maps/search/?api=1&query=Ti%E1%BB%87m%20g%C3%A0%20T%C3%BAk%20T%C3%BAk%20-%20G%C3%A0%20n%C6%B0%E1%BB%9Bng%20s%E1%BB%91t%20ti%C3%AAu%20xanh%20ch%C3%ADnh%20g%E1%BB%91c%20%C4%90%C3%A0%20L%E1%BA%A1t&query_place_id=ChIJG5d8D2wTcTERDzOyPSdLx04,Ci9DQUlRQUNvZENodHljRjlvT2kxamFGWTFSakV6TFRkU2IyUk1OVWhMWmpOUlpYYxAB,https://www.google.com/maps/reviews/data=!4m8!14m7!1m6!2m5!1sCi9DQUlRQUNvZENodHljRjlvT2kxamFGWTFSakV6TFRkU2IyUk1OVWhMWmpOUlpYYxAB!2m1!1s0x0:0x4ec74b273db2330f!3m1!1s2@1:CAIQACodChtycF9oOi1jaFY1RjEzLTdSb2RMNUhLZjNRZXc%7C%7C?hl=vi,,5.0,2026-05-18T08:19:13.997Z,minh tranthe,111189273576003096961,https://www.google.com/maps/contrib/111189273576003096961?hl=vi,6,False,0,"Cảm ơn cả nhà đã đến và sử dụng dịch vụ tại Tiệm.
Hy vọng cả nhà sẽ có trải nghiệm tuyệt vời với món ăn cũng như không gian tại Tiệm.
Rất mong sẽ tiếp tục nhận được sự ủng hộ của cả nhà trong thời gian tới.
Một lần nữa xin cảm ơn cả nhà rất nhiều",2026-05-16T05:20:56.000Z,2026-05-19T01:26:31.620733
4b383a8293c950512c5e3890a3ef5037262fa0cbe88808d4d608809f56edf999,google_maps,dalat_001,Tiệm gà Túk Túk - Gà nướng sốt tiêu xanh chính gốc Đà Lạt,Nhà hàng,https://www.google.com/maps/search/?api=1&query=Ti%E1%BB%87m%20g%C3%A0%20T%C3%BAk%20T%C3%BAk%20-%20G%C3%A0%20n%C6%B0%E1%BB%9Bng%20s%E1%BB%91t%20ti%C3%AAu%20xanh%20ch%C3%ADnh%20g%E1%BB%91c%20%C4%90%C3%A0%20L%E1%BA%A1t&query_place_id=ChIJG5d8D2wTcTERDzOyPSdLx04,Ci9DQUlRQUNvZENodHljRjlvT2xoUVNrWlVhRGhNWW5KdlpHZHFUM3AxYm5SeldtYxAB,https://www.google.com/maps/reviews/data=!4m8!14m7!1m6!2m5!1sCi9DQUlRQUNvZENodHljRjlvT2xoUVNrWlVhRGhNWW5KdlpHZHFUM3AxYm5SeldtYxAB!2m1!1s0x0:0x4ec74b273db2330f!3m1!1s2@1:CAIQACodChtycF9oOlhQSkZUaDhMYnJvZGdqT3p1bnRzWmc%7C%7C?hl=vi,,5.0,2026-05-18T08:06:42.158Z,tâm nguyễn,110664689386467915348,https://www.google.com/maps/contrib/110664689386467915348?hl=vi,1,False,0,"Cảm ơn cả nhà đã đến và sử dụng dịch vụ tại Tiệm.
Hy vọng cả nhà sẽ có trải nghiệm tuyệt vời với món ăn cũng như không gian tại Tiệm.
Rất mong sẽ tiếp tục nhận được sự ủng hộ của cả nhà trong thời gian tới.
Một lần nữa xin cảm ơn cả nhà rất nhiều",2026-05-18T10:51:12.000Z,2026-05-19T01:26:31.620733
