source_record_id,place_id,platform,rating,review_id,review_url,reviewer_name,reviewer_id,reviewer_url,reviewer_number_of_reviews,is_local_guide,likes_count,owner_response_text,owner_response_date,google_maps_url
fd272a88856e2b96e51ba4e5d2e05c5ccb1b242138a2093128d79119b0f623ec,dalat_002,google_maps,4.0,Ci9DQUlRQUNvZENodHljRjlvT21ReWFIWkpTVlpuZFZjM09HMWFkVkIyYm1ORk5FRRAB,https://www.google.com/maps/reviews/data=!4m8!14m7!1m6!2m5!1sCi9DQUlRQUNvZENodHljRjlvT21ReWFIWkpTVlpuZFZjM09HMWFkVkIyYm1ORk5FRRAB!2m1!1s0x0:0x5d6d9fd0c9af533!3m1!1s2@1:CAIQACodChtycF9oOmQyaHZJSVZndVc3OG1adVB2bmNFNEE%7C%7C?hl=vi,Hải Sơn Từ,104119308621719249808,https://www.google.com/maps/contrib/104119308621719249808?hl=vi,470,True,0,,,https://www.google.com/maps/search/?api=1&query=Horizon%20Coffee%20Da%20Lat&query_place_id=ChIJ_3HmQsMTcTERM_WaDP3Z1gU
91fcc07b630eff4552f8d98c2b44b223f3c92bc1bcb46ed271157b06cc1f86fd,dalat_002,google_maps,5.0,Ci9DQUlRQUNvZENodHljRjlvT25wVFVsVmxOVWhFUldKb00zTm1aVmRMY1RSSGFuYxAB,https://www.google.com/maps/reviews/data=!4m8!14m7!1m6!2m5!1sCi9DQUlRQUNvZENodHljRjlvT25wVFVsVmxOVWhFUldKb00zTm1aVmRMY1RSSGFuYxAB!2m1!1s0x0:0x5d6d9fd0c9af533!3m1!1s2@1:CAIQACodChtycF9oOnpTUlVlNUhERWJoM3NmZVdLcTRHanc%7C%7C?hl=vi,서대성,110724717985430903492,https://www.google.com/maps/contrib/110724717985430903492?hl=vi,25,True,0,,,https://www.google.com/maps/search/?api=1&query=Horizon%20Coffee%20Da%20Lat&query_place_id=ChIJ_3HmQsMTcTERM_WaDP3Z1gU
17549124133117d90abb1fef91d137ad489fb9d5760e716eb20878ea29176622,dalat_002,google_maps,5.0,Ci9DQUlRQUNvZENodHljRjlvT25SWFdrdGtjMFExY1RoQ1NsTTVNRlU1YURVNU5YYxAB,https://www.google.com/maps/reviews/data=!4m8!14m7!1m6!2m5!1sCi9DQUlRQUNvZENodHljRjlvT25SWFdrdGtjMFExY1RoQ1NsTTVNRlU1YURVNU5YYxAB!2m1!1s0x0:0x5d6d9fd0c9af533!3m1!1s2@1:CAIQACodChtycF9oOnRXWktkc0Q1cThCSlM5MFU5aDU5NXc%7C%7C?hl=vi,Nguyen kent patin,102784250777650507064,https://www.google.com/maps/contrib/102784250777650507064?hl=vi,62,True,0,,,https://www.google.com/maps/search/?api=1&query=Horizon%20Coffee%20Da%20Lat&query_place_id=ChIJ_3HmQsMTcTERM_WaDP3Z1gU
c822e93490c01faba00d8db4301a2653efe8bbdc766502f95869aadcc572b661,dalat_002,google_maps,5.0,Ci9DQUlRQUNvZENodHljRjlvT2kxRlJtb3RORzh0YW5WRlRHVjFNMWR1U2toMmFuYxAB,https://www.google.com/maps/reviews/data=!4m8!14m7!1m6!2m5!1sCi9DQUlRQUNvZENodHljRjlvT2kxRlJtb3RORzh0YW5WRlRHVjFNMWR1U2toMmFuYxAB!2m1!1s0x0:0x5d6d9fd0c9af533!3m1!1s2@1:CAIQACodChtycF9oOi1FRmotNG8tanVFTGV1M1duSkh2anc%7C%7C?hl=vi,Chỉ Nói Sự Thật,117640978334357551562,https://www.google.com/maps/contrib/117640978334357551562?hl=vi,159,True,0,,,https://www.google.com/maps/search/?api=1&query=Horizon%20Coffee%20Da%20Lat&query_place_id=ChIJ_3HmQsMTcTERM_WaDP3Z1gU
6ed8a089c1802a2c5496e64f2b8521fbd766ead47ffbf8a52623efe06f09bcda,dalat_002,google_maps,5.0,Ci9DQUlRQUNvZENodHljRjlvT21WTVpVZHZjazVFU1VsR1V6bEtjVjl0WW5wQlVVRRAB,https://www.google.com/maps/reviews/data=!4m8!14m7!1m6!2m5!1sCi9DQUlRQUNvZENodHljRjlvT21WTVpVZHZjazVFU1VsR1V6bEtjVjl0WW5wQlVVRRAB!2m1!1s0x0:0x5d6d9fd0c9af533!3m1!1s2@1:CAIQACodChtycF9oOmVMZUdvck5ESUlGUzlKcV9tYnpBUUE%7C%7C?hl=vi,Moon Moon,112636317353447740789,https://www.google.com/maps/contrib/112636317353447740789?hl=vi,1,False,0,,,https://www.google.com/maps/search/?api=1&query=Horizon%20Coffee%20Da%20Lat&query_place_id=ChIJ_3HmQsMTcTERM_WaDP3Z1gU
be54c27373a11b58ff8f7e96d3d59747c81a4bd9f52f277a16af9b8e46a3b813,dalat_002,google_maps,5.0,Ci9DQUlRQUNvZENodHljRjlvT2toTmMzaEZWVkJ6WjFGWGFFMVRlQzFIWkRKS2VHYxAB,https://www.google.com/maps/reviews/data=!4m8!14m7!1m6!2m5!1sCi9DQUlRQUNvZENodHljRjlvT2toTmMzaEZWVkJ6WjFGWGFFMVRlQzFIWkRKS2VHYxAB!2m1!1s0x0:0x5d6d9fd0c9af533!3m1!1s2@1:CAIQACodChtycF9oOkhNc3hFVVBzZ1FXaE1TeC1HZDJKeGc%7C%7C?hl=vi,Lee Mr,116109920567421555674,https://www.google.com/maps/contrib/116109920567421555674?hl=vi,1,False,0,,,https://www.google.com/maps/search/?api=1&query=Horizon%20Coffee%20Da%20Lat&query_place_id=ChIJ_3HmQsMTcTERM_WaDP3Z1gU
85b3eac9324e26606bd14d51365ab6cec85487ff9b0ecb56667e4359a1a7ea34,dalat_002,google_maps,5.0,Ci9DQUlRQUNvZENodHljRjlvT2s1SVNESm1Ta3Q1TUdzd01uVjJXRVJPUVdGRVlrRRAB,https://www.google.com/maps/reviews/data=!4m8!14m7!1m6!2m5!1sCi9DQUlRQUNvZENodHljRjlvT2s1SVNESm1Ta3Q1TUdzd01uVjJXRVJPUVdGRVlrRRAB!2m1!1s0x0:0x5d6d9fd0c9af533!3m1!1s2@1:CAIQACodChtycF9oOk5ISDJmSkt5MGswMnV2WEROQWFEYkE%7C%7C?hl=vi,Đăng Khôi,112250039851019260011,https://www.google.com/maps/contrib/112250039851019260011?hl=vi,11,True,0,,,https://www.google.com/maps/search/?api=1&query=Horizon%20Coffee%20Da%20Lat&query_place_id=ChIJ_3HmQsMTcTERM_WaDP3Z1gU
5edf875984cad525a56d85092f508c6208ddad036d90398c53cf39c59aee0789,dalat_002,google_maps,4.0,Ci9DQUlRQUNvZENodHljRjlvT2pkYVVIVlZSVWhMTWxWRFVVMUdhMnRJTTFKYWJVRRAB,https://www.google.com/maps/reviews/data=!4m8!14m7!1m6!2m5!1sCi9DQUlRQUNvZENodHljRjlvT2pkYVVIVlZSVWhMTWxWRFVVMUdhMnRJTTFKYWJVRRAB!2m1!1s0x0:0x5d6d9fd0c9af533!3m1!1s2@1:CAIQACodChtycF9oOjdaUHVVRUhLMlVDUU1Ga2tIM1JabUE%7C%7C?hl=vi,trung le quang,111086997573497604515,https://www.google.com/maps/contrib/111086997573497604515?hl=vi,5,False,0,,,https://www.google.com/maps/search/?api=1&query=Horizon%20Coffee%20Da%20Lat&query_place_id=ChIJ_3HmQsMTcTERM_WaDP3Z1gU
a29adde0710f12064790da3d9c2dc5dbacbcd0e1a2598847f7f3aa12279459be,dalat_002,google_maps,5.0,Ci9DQUlRQUNvZENodHljRjlvT214R1lYbEpjbUpLUlRKc2FIWnFOMkZzWW5OUWJuYxAB,https://www.google.com/maps/reviews/data=!4m8!14m7!1m6!2m5!1sCi9DQUlRQUNvZENodHljRjlvT214R1lYbEpjbUpLUlRKc2FIWnFOMkZzWW5OUWJuYxAB!2m1!1s0x0:0x5d6d9fd0c9af533!3m1!1s2@1:CAIQACodChtycF9oOmxGYXlJcmJKRTJsaHZqN2FsYnNQbnc%7C%7C?hl=vi,ming fu Yang,110383519941963796067,https://www.google.com/maps/contrib/110383519941963796067?hl=vi,311,True,0,,,https://www.google.com/maps/search/?api=1&query=Horizon%20Coffee%20Da%20Lat&query_place_id=ChIJ_3HmQsMTcTERM_WaDP3Z1gU
1a108b1060f433bd11a77004b70514869c9e49fdafaf6c6a5b357c86eee6b150,dalat_002,google_maps,4.0,Ci9DQUlRQUNvZENodHljRjlvT25WT2FXSXpSMVJKZW5aaE9ESkpZbkF0UXpGcVJWRRAB,https://www.google.com/maps/reviews/data=!4m8!14m7!1m6!2m5!1sCi9DQUlRQUNvZENodHljRjlvT25WT2FXSXpSMVJKZW5aaE9ESkpZbkF0UXpGcVJWRRAB!2m1!1s0x0:0x5d6d9fd0c9af533!3m1!1s2@1:CAIQACodChtycF9oOnVOaWIzR1RJenZhODJJYnAtQzFqRVE%7C%7C?hl=vi,Ero Pham,110258069923558145540,https://www.google.com/maps/contrib/110258069923558145540?hl=vi,212,True,0,,,https://www.google.com/maps/search/?api=1&query=Horizon%20Coffee%20Da%20Lat&query_place_id=ChIJ_3HmQsMTcTERM_WaDP3Z1gU
600f2d85ddf030e96259a89d7d343a9d6efec49f3578ea55380c831c91958db8,dalat_002,google_maps,5.0,Ci9DQUlRQUNvZENodHljRjlvT2xSRUxVbERUMDFpVDFKa1owMWxVMk5MUjBrdGFVRRAB,https://www.google.com/maps/reviews/data=!4m8!14m7!1m6!2m5!1sCi9DQUlRQUNvZENodHljRjlvT2xSRUxVbERUMDFpVDFKa1owMWxVMk5MUjBrdGFVRRAB!2m1!1s0x0:0x5d6d9fd0c9af533!3m1!1s2@1:CAIQACodChtycF9oOlRELUlDT01iT1JkZ01lU2NLR0ktaUE%7C%7C?hl=vi,Asiy A,108334342364482748003,https://www.google.com/maps/contrib/108334342364482748003?hl=vi,15,True,0,,,https://www.google.com/maps/search/?api=1&query=Horizon%20Coffee%20Da%20Lat&query_place_id=ChIJ_3HmQsMTcTERM_WaDP3Z1gU
8c1a21f52cca92c25f898f069f71817f7d062459c173b64172aae11eb65ee225,dalat_002,google_maps,1.0,Ci9DQUlRQUNvZENodHljRjlvT205aWNGZDNPRVZHVUdFMGFUTkpPWGRPZFU1T2VGRRAB,https://www.google.com/maps/reviews/data=!4m8!14m7!1m6!2m5!1sCi9DQUlRQUNvZENodHljRjlvT205aWNGZDNPRVZHVUdFMGFUTkpPWGRPZFU1T2VGRRAB!2m1!1s0x0:0x5d6d9fd0c9af533!3m1!1s2@1:CAIQACodChtycF9oOm9icFd3OEVGUGE0aTNJOXdOdU5OeFE%7C%7C?hl=vi,Дарья Enjoy,112000562945774983057,https://www.google.com/maps/contrib/112000562945774983057?hl=vi,45,True,0,,,https://www.google.com/maps/search/?api=1&query=Horizon%20Coffee%20Da%20Lat&query_place_id=ChIJ_3HmQsMTcTERM_WaDP3Z1gU
d3fb23f4bc440d8cb6a32c8f2a03563dfacfea05533eafcf786e4166ac25166f,dalat_002,google_maps,5.0,Ci9DQUlRQUNvZENodHljRjlvT21STFZtSjBVMVIwV25aWlJTMWxTWFZUV0dOZmJrRRAB,https://www.google.com/maps/reviews/data=!4m8!14m7!1m6!2m5!1sCi9DQUlRQUNvZENodHljRjlvT21STFZtSjBVMVIwV25aWlJTMWxTWFZUV0dOZmJrRRAB!2m1!1s0x0:0x5d6d9fd0c9af533!3m1!1s2@1:CAIQACodChtycF9oOmRLVmJ0U1R0WnZZRS1lSXVTWGNfbkE%7C%7C?hl=vi,Nho Đại Nguyễn,109589281937378505761,https://www.google.com/maps/contrib/109589281937378505761?hl=vi,59,True,0,,,https://www.google.com/maps/search/?api=1&query=Horizon%20Coffee%20Da%20Lat&query_place_id=ChIJ_3HmQsMTcTERM_WaDP3Z1gU
83a68566fb6d319d4c88a12208514229a3c742d71c50b6be0da885fe72f2c848,dalat_002,google_maps,4.0,Ci9DQUlRQUNvZENodHljRjlvT2pZMmJXOWtNRVk0ZG1ONFVIWndlblJFUjBOU1gwRRAB,https://www.google.com/maps/reviews/data=!4m8!14m7!1m6!2m5!1sCi9DQUlRQUNvZENodHljRjlvT2pZMmJXOWtNRVk0ZG1ONFVIWndlblJFUjBOU1gwRRAB!2m1!1s0x0:0x5d6d9fd0c9af533!3m1!1s2@1:CAIQACodChtycF9oOjY2bW9kMEY4dmN4UHZwenRER0NSX0E%7C%7C?hl=vi,Thảo Bích,103896279758717763352,https://www.google.com/maps/contrib/103896279758717763352?hl=vi,37,True,0,,,https://www.google.com/maps/search/?api=1&query=Horizon%20Coffee%20Da%20Lat&query_place_id=ChIJ_3HmQsMTcTERM_WaDP3Z1gU
85e64dbd328f3cc636408efa89c69eb068704beb03025bec2cbfc215e1356dc9,dalat_002,google_maps,5.0,Ci9DQUlRQUNvZENodHljRjlvT2xoc2RXMDVhbU5tWjJsbVFuUlNNRGxrUjBacmVGRRAB,https://www.google.com/maps/reviews/data=!4m8!14m7!1m6!2m5!1sCi9DQUlRQUNvZENodHljRjlvT2xoc2RXMDVhbU5tWjJsbVFuUlNNRGxrUjBacmVGRRAB!2m1!1s0x0:0x5d6d9fd0c9af533!3m1!1s2@1:CAIQACodChtycF9oOlhsdW05amNmZ2lmQnRSMDlkR0ZreFE%7C%7C?hl=vi,Vinhhung Tran,112143892224555327670,https://www.google.com/maps/contrib/112143892224555327670?hl=vi,54,True,0,,,https://www.google.com/maps/search/?api=1&query=Horizon%20Coffee%20Da%20Lat&query_place_id=ChIJ_3HmQsMTcTERM_WaDP3Z1gU
683f7bc84f57c5f4eca48b0dee77e4ab83b2f9809e2aca606c17a11e04910078,dalat_002,google_maps,3.0,Ci9DQUlRQUNvZENodHljRjlvT2toelVHaFFXbDh6TWxVM2RIUllia1pCY1cwMGMxRRAB,https://www.google.com/maps/reviews/data=!4m8!14m7!1m6!2m5!1sCi9DQUlRQUNvZENodHljRjlvT2toelVHaFFXbDh6TWxVM2RIUllia1pCY1cwMGMxRRAB!2m1!1s0x0:0x5d6d9fd0c9af533!3m1!1s2@1:CAIQACodChtycF9oOkhzUGhQWl8zMlU3dHRYbkZBcW00c1E%7C%7C?hl=vi,Nghi Le,102590221620747474730,https://www.google.com/maps/contrib/102590221620747474730?hl=vi,2,True,0,,,https://www.google.com/maps/search/?api=1&query=Horizon%20Coffee%20Da%20Lat&query_place_id=ChIJ_3HmQsMTcTERM_WaDP3Z1gU
234a07deed558f6cbefd6e6f502ffee0958c347c63bcc99cc7895387fce832b4,dalat_002,google_maps,5.0,Ci9DQUlRQUNvZENodHljRjlvT2pWeExWRlVTblo0UkVaQlFuWjBWMUF0TlRaRmNuYxAB,https://www.google.com/maps/reviews/data=!4m8!14m7!1m6!2m5!1sCi9DQUlRQUNvZENodHljRjlvT2pWeExWRlVTblo0UkVaQlFuWjBWMUF0TlRaRmNuYxAB!2m1!1s0x0:0x5d6d9fd0c9af533!3m1!1s2@1:CAIQACodChtycF9oOjVxLVFUSnZ4REZBQnZ0V1AtNTZFcnc%7C%7C?hl=vi,TheAmerican Travelguy,111656849221293756353,https://www.google.com/maps/contrib/111656849221293756353?hl=vi,828,True,0,,,https://www.google.com/maps/search/?api=1&query=Horizon%20Coffee%20Da%20Lat&query_place_id=ChIJ_3HmQsMTcTERM_WaDP3Z1gU
b2623819618e10ba507124dd3b997157e4fdd6cef86d9bd6b3588691789c8865,dalat_002,google_maps,1.0,Ci9DQUlRQUNvZENodHljRjlvT21sV2NWZEVTa3M0TTBjeVJtZzVMVzVZYVdKMmJWRRAB,https://www.google.com/maps/reviews/data=!4m8!14m7!1m6!2m5!1sCi9DQUlRQUNvZENodHljRjlvT21sV2NWZEVTa3M0TTBjeVJtZzVMVzVZYVdKMmJWRRAB!2m1!1s0x0:0x5d6d9fd0c9af533!3m1!1s2@1:CAIQACodChtycF9oOmlWcVdESks4M0cyRmg5LW5YaWJ2bVE%7C%7C?hl=vi,Linh Lê,106254257569925517040,https://www.google.com/maps/contrib/106254257569925517040?hl=vi,13,False,0,"Chào bạn qua kiểm tra camera quán mình nhân viên đã có mặt từ 6h40 ,thời gian mở cửa lúc 7h . bạn có bị nhầm không .",2026-03-21T06:17:05+00:00,https://www.google.com/maps/search/?api=1&query=Horizon%20Coffee%20Da%20Lat&query_place_id=ChIJ_3HmQsMTcTERM_WaDP3Z1gU
d3526c1bf910bab6bca098558521d71a74e7d9c704d6f75d77d12f1769226d86,dalat_002,google_maps,5.0,Ci9DQUlRQUNvZENodHljRjlvT2pGQ2MzQk9kVkEyYjFKSldHZzVRamhIYWtSTlIyYxAB,https://www.google.com/maps/reviews/data=!4m8!14m7!1m6!2m5!1sCi9DQUlRQUNvZENodHljRjlvT2pGQ2MzQk9kVkEyYjFKSldHZzVRamhIYWtSTlIyYxAB!2m1!1s0x0:0x5d6d9fd0c9af533!3m1!1s2@1:CAIQACodChtycF9oOjFCc3BOdVA2b1JJWGg5QjhHakRNR2c%7C%7C?hl=vi,Zen Huỳnh Lê,115033489103729925845,https://www.google.com/maps/contrib/115033489103729925845?hl=vi,26,True,0,,,https://www.google.com/maps/search/?api=1&query=Horizon%20Coffee%20Da%20Lat&query_place_id=ChIJ_3HmQsMTcTERM_WaDP3Z1gU
29bc88ba67e18c22039c5cbfa287b729cec4cf2e1821be48e76c43425d7680d8,dalat_002,google_maps,1.0,Ci9DQUlRQUNvZENodHljRjlvT2xGNU9VRjBWVmxyUlVNeFdGTlpSMkpNYjBGRU5rRRAB,https://www.google.com/maps/reviews/data=!4m8!14m7!1m6!2m5!1sCi9DQUlRQUNvZENodHljRjlvT2xGNU9VRjBWVmxyUlVNeFdGTlpSMkpNYjBGRU5rRRAB!2m1!1s0x0:0x5d6d9fd0c9af533!3m1!1s2@1:CAIQACodChtycF9oOlF5OUF0VVlrRUMxWFNZR2JMb0FENkE%7C%7C?hl=vi,Le Vo,116105695443843842441,https://www.google.com/maps/contrib/116105695443843842441?hl=vi,1,False,0,,,https://www.google.com/maps/search/?api=1&query=Horizon%20Coffee%20Da%20Lat&query_place_id=ChIJ_3HmQsMTcTERM_WaDP3Z1gU
1c7b63555a16c41d6b55b1290768a99649e85c3d26c0151945febdbb02b40b2c,dalat_003,google_maps,5.0,Ci9DQUlRQUNvZENodHljRjlvT2xwNVRGRjRUMUZaWXpKRGVEaFhaVXhOY2pWV1VuYxAB,https://www.google.com/maps/reviews/data=!4m8!14m7!1m6!2m5!1sCi9DQUlRQUNvZENodHljRjlvT2xwNVRGRjRUMUZaWXpKRGVEaFhaVXhOY2pWV1VuYxAB!2m1!1s0x0:0xbb47c65b7e6748a9!3m1!1s2@1:CAIQACodChtycF9oOlp5TFF4T1FZYzJDeDhXZUxNcjVWUnc%7C%7C?hl=vi,Tiến Khải Phan,106375208392090030401,https://www.google.com/maps/contrib/106375208392090030401?hl=vi,2,False,0,,,https://www.google.com/maps/search/?api=1&query=Qu%C3%A1n%20C%E1%BB%A7a%20Th%E1%BB%9Di%20Thanh%20Xu%C3%A2n&query_place_id=ChIJw6D__a8TcTERqUhnflvGR7s
89cbd9207bf7d4e5ed847526e8edd38cf10af3a68fab95217ea2cddab358dd0f,dalat_003,google_maps,5.0,Ci9DQUlRQUNvZENodHljRjlvT2pCNFkxUmxaM1JCVVZGblZFcHFaRGxWWXpWdlVFRRAB,https://www.google.com/maps/reviews/data=!4m8!14m7!1m6!2m5!1sCi9DQUlRQUNvZENodHljRjlvT2pCNFkxUmxaM1JCVVZGblZFcHFaRGxWWXpWdlVFRRAB!2m1!1s0x0:0xbb47c65b7e6748a9!3m1!1s2@1:CAIQACodChtycF9oOjB4Y1RlZ3RBUVFnVEpqZDlVYzVvUEE%7C%7C?hl=vi,Phúc Minh Dương,106283614984596479160,https://www.google.com/maps/contrib/106283614984596479160?hl=vi,1,False,0,,,https://www.google.com/maps/search/?api=1&query=Qu%C3%A1n%20C%E1%BB%A7a%20Th%E1%BB%9Di%20Thanh%20Xu%C3%A2n&query_place_id=ChIJw6D__a8TcTERqUhnflvGR7s
736d1c9f77fb9c9f4032ccb0fd80c1d52b5eb6b495c0d7c6dfba75947512e5e5,dalat_003,google_maps,5.0,Ci9DQUlRQUNvZENodHljRjlvT2tsNVVVZHJNMU5OWmxCblFXcHFkRTR0ZERKdVozYxAB,https://www.google.com/maps/reviews/data=!4m8!14m7!1m6!2m5!1sCi9DQUlRQUNvZENodHljRjlvT2tsNVVVZHJNMU5OWmxCblFXcHFkRTR0ZERKdVozYxAB!2m1!1s0x0:0xbb47c65b7e6748a9!3m1!1s2@1:CAIQACodChtycF9oOkl5UUdrM1NNZlBnQWpqdE4tdDJuZ3c%7C%7C?hl=vi,Quyên Nguyễn Thị Bạch,117700812144200237196,https://www.google.com/maps/contrib/117700812144200237196?hl=vi,4,False,0,,,https://www.google.com/maps/search/?api=1&query=Qu%C3%A1n%20C%E1%BB%A7a%20Th%E1%BB%9Di%20Thanh%20Xu%C3%A2n&query_place_id=ChIJw6D__a8TcTERqUhnflvGR7s
ba8e2b31c41251dce26f3333b46aad924f126f06680a69d605947072831ee393,dalat_003,google_maps,5.0,Ci9DQUlRQUNvZENodHljRjlvT2pCck9EbHJRbUZCU1dKdmJVRm9XRkZsVG1GV2JtYxAB,https://www.google.com/maps/reviews/data=!4m8!14m7!1m6!2m5!1sCi9DQUlRQUNvZENodHljRjlvT2pCck9EbHJRbUZCU1dKdmJVRm9XRkZsVG1GV2JtYxAB!2m1!1s0x0:0xbb47c65b7e6748a9!3m1!1s2@1:CAIQACodChtycF9oOjBrODlrQmFBSWJvbUFoWFFlTmFWbmc%7C%7C?hl=vi,Thanh Nguyễn Ngọc Minh,117935208698457988087,https://www.google.com/maps/contrib/117935208698457988087?hl=vi,1,False,0,,,https://www.google.com/maps/search/?api=1&query=Qu%C3%A1n%20C%E1%BB%A7a%20Th%E1%BB%9Di%20Thanh%20Xu%C3%A2n&query_place_id=ChIJw6D__a8TcTERqUhnflvGR7s
4ab6536fabf9d392604775e36b39bca51c8c1937a23c8d9b367b4b48ce2f05b6,dalat_003,google_maps,5.0,Ci9DQUlRQUNvZENodHljRjlvT2s5UGNGVnpOV3AwTUdSMFJISk9lamwyYUhoWGEzYxAB,https://www.google.com/maps/reviews/data=!4m8!14m7!1m6!2m5!1sCi9DQUlRQUNvZENodHljRjlvT2s5UGNGVnpOV3AwTUdSMFJISk9lamwyYUhoWGEzYxAB!2m1!1s0x0:0xbb47c65b7e6748a9!3m1!1s2@1:CAIQACodChtycF9oOk9PcFVzNWp0MGR0RHJOejl2aHhXa3c%7C%7C?hl=vi,Thu Le,101771516986621559963,https://www.google.com/maps/contrib/101771516986621559963?hl=vi,3,False,0,,,https://www.google.com/maps/search/?api=1&query=Qu%C3%A1n%20C%E1%BB%A7a%20Th%E1%BB%9Di%20Thanh%20Xu%C3%A2n&query_place_id=ChIJw6D__a8TcTERqUhnflvGR7s
3fb718166de65ad36261343da968b843c6973a8beaddea70664baffa4dfa1445,dalat_003,google_maps,5.0,Ci9DQUlRQUNvZENodHljRjlvT2kxTGVrdHdUbkJZT1dSWlUzUm5VWFJrVjNndFZsRRAB,https://www.google.com/maps/reviews/data=!4m8!14m7!1m6!2m5!1sCi9DQUlRQUNvZENodHljRjlvT2kxTGVrdHdUbkJZT1dSWlUzUm5VWFJrVjNndFZsRRAB!2m1!1s0x0:0xbb47c65b7e6748a9!3m1!1s2@1:CAIQACodChtycF9oOi1LektwTnBYOWRZU3RnUXRkV3gtVlE%7C%7C?hl=vi,Nhi Nguyễn,105355888101954124962,https://www.google.com/maps/contrib/105355888101954124962?hl=vi,3,False,0,,,https://www.google.com/maps/search/?api=1&query=Qu%C3%A1n%20C%E1%BB%A7a%20Th%E1%BB%9Di%20Thanh%20Xu%C3%A2n&query_place_id=ChIJw6D__a8TcTERqUhnflvGR7s
322c0fb1a2cda31112a3927b8d6d3b699984f906017dda47344741421fb41ec2,dalat_003,google_maps,5.0,Ci9DQUlRQUNvZENodHljRjlvT2pGNmNURmlibU5PWlZOUk5rSTNXbXBFV0hBMU1uYxAB,https://www.google.com/maps/reviews/data=!4m8!14m7!1m6!2m5!1sCi9DQUlRQUNvZENodHljRjlvT2pGNmNURmlibU5PWlZOUk5rSTNXbXBFV0hBMU1uYxAB!2m1!1s0x0:0xbb47c65b7e6748a9!3m1!1s2@1:CAIQACodChtycF9oOjF6cTFibmNOZVNRNkI3WmpEWHA1Mnc%7C%7C?hl=vi,Thuy Pham,104321438763250126351,https://www.google.com/maps/contrib/104321438763250126351?hl=vi,0,False,0,,,https://www.google.com/maps/search/?api=1&query=Qu%C3%A1n%20C%E1%BB%A7a%20Th%E1%BB%9Di%20Thanh%20Xu%C3%A2n&query_place_id=ChIJw6D__a8TcTERqUhnflvGR7s
cb665d8dfef7260067e835d039b04a906deba82498e0f574e00c5dbdc5c3215d,dalat_003,google_maps,5.0,Ci9DQUlRQUNvZENodHljRjlvT2pSVk9HZFdkbkJxV0U1MGVsTmpPRWx2Wm5NeU1IYxAB,https://www.google.com/maps/reviews/data=!4m8!14m7!1m6!2m5!1sCi9DQUlRQUNvZENodHljRjlvT2pSVk9HZFdkbkJxV0U1MGVsTmpPRWx2Wm5NeU1IYxAB!2m1!1s0x0:0xbb47c65b7e6748a9!3m1!1s2@1:CAIQACodChtycF9oOjRVOGdWdnBqWE50elNjOElvZnMyMHc%7C%7C?hl=vi,nhuquynh nguyenthi,111432503176935373963,https://www.google.com/maps/contrib/111432503176935373963?hl=vi,1,False,0,,,https://www.google.com/maps/search/?api=1&query=Qu%C3%A1n%20C%E1%BB%A7a%20Th%E1%BB%9Di%20Thanh%20Xu%C3%A2n&query_place_id=ChIJw6D__a8TcTERqUhnflvGR7s
fd8817c0f1bb0489d812205f031d549b21da18a16f8651adbde4679e4b8fb8ae,dalat_003,google_maps,5.0,Ci9DQUlRQUNvZENodHljRjlvT21aNVkzUmZTR1J2UkdwclFXNUxVRmxwVldwM2NFRRAB,https://www.google.com/maps/reviews/data=!4m8!14m7!1m6!2m5!1sCi9DQUlRQUNvZENodHljRjlvT21aNVkzUmZTR1J2UkdwclFXNUxVRmxwVldwM2NFRRAB!2m1!1s0x0:0xbb47c65b7e6748a9!3m1!1s2@1:CAIQACodChtycF9oOmZ5Y3RfSGRvRGprQW5LUFlpVWp3cEE%7C%7C?hl=vi,nguyen thanh,111986695120801207408,https://www.google.com/maps/contrib/111986695120801207408?hl=vi,20,True,0,,,https://www.google.com/maps/search/?api=1&query=Qu%C3%A1n%20C%E1%BB%A7a%20Th%E1%BB%9Di%20Thanh%20Xu%C3%A2n&query_place_id=ChIJw6D__a8TcTERqUhnflvGR7s
004e48a2692ab9950fa46e1b4fc5230b8e3986eb151dddb9f420011028d94811,dalat_003,google_maps,5.0,Ci9DQUlRQUNvZENodHljRjlvT25SQk9FdzJjMWM1TlRWQ1RHbEZNSFl6Y0dzeE1rRRAB,https://www.google.com/maps/reviews/data=!4m8!14m7!1m6!2m5!1sCi9DQUlRQUNvZENodHljRjlvT25SQk9FdzJjMWM1TlRWQ1RHbEZNSFl6Y0dzeE1rRRAB!2m1!1s0x0:0xbb47c65b7e6748a9!3m1!1s2@1:CAIQACodChtycF9oOnRBOEw2c1c5NTVCTGlFMHYzcGsxMkE%7C%7C?hl=vi,Healing Dragon,106927500319596656605,https://www.google.com/maps/contrib/106927500319596656605?hl=vi,1,False,0,,,https://www.google.com/maps/search/?api=1&query=Qu%C3%A1n%20C%E1%BB%A7a%20Th%E1%BB%9Di%20Thanh%20Xu%C3%A2n&query_place_id=ChIJw6D__a8TcTERqUhnflvGR7s
ca1b4eb90fcb45dfcdf8b3052431d0640011df3e83dc659e7d0b8874859f843b,dalat_003,google_maps,5.0,Ci9DQUlRQUNvZENodHljRjlvT2xFd1dreHJlSGgzZFU5NlVGaFFha1pZVWtKelNXYxAB,https://www.google.com/maps/reviews/data=!4m8!14m7!1m6!2m5!1sCi9DQUlRQUNvZENodHljRjlvT2xFd1dreHJlSGgzZFU5NlVGaFFha1pZVWtKelNXYxAB!2m1!1s0x0:0xbb47c65b7e6748a9!3m1!1s2@1:CAIQACodChtycF9oOlEwWkxreHh3dU96UFhQakZYUkJzSWc%7C%7C?hl=vi,bmt navason,113691551073171970307,https://www.google.com/maps/contrib/113691551073171970307?hl=vi,1,False,0,,,https://www.google.com/maps/search/?api=1&query=Qu%C3%A1n%20C%E1%BB%A7a%20Th%E1%BB%9Di%20Thanh%20Xu%C3%A2n&query_place_id=ChIJw6D__a8TcTERqUhnflvGR7s
794c13eaba612bf74de0d6776331d345505e4796ba7d9dfe2e7402fcfc3154aa,dalat_003,google_maps,5.0,Ci9DQUlRQUNvZENodHljRjlvT2sxTlUxRmtObTR3ZFZWdmFqQlVibEkxVWpkQlMwRRAB,https://www.google.com/maps/reviews/data=!4m8!14m7!1m6!2m5!1sCi9DQUlRQUNvZENodHljRjlvT2sxTlUxRmtObTR3ZFZWdmFqQlVibEkxVWpkQlMwRRAB!2m1!1s0x0:0xbb47c65b7e6748a9!3m1!1s2@1:CAIQACodChtycF9oOk1NU1FkNm4wdVVvajBUblI1UjdBS0E%7C%7C?hl=vi,Son Na,105735765210431153314,https://www.google.com/maps/contrib/105735765210431153314?hl=vi,1,False,0,,,https://www.google.com/maps/search/?api=1&query=Qu%C3%A1n%20C%E1%BB%A7a%20Th%E1%BB%9Di%20Thanh%20Xu%C3%A2n&query_place_id=ChIJw6D__a8TcTERqUhnflvGR7s
3bb465e4fd895eee43df3bab6d5065e731a26f9773148c0892ed9469932ddcca,dalat_003,google_maps,5.0,Ci9DQUlRQUNvZENodHljRjlvT25OWVoydFhSalpwZHpSaVRWRXdXbkJEVVcwdE1rRRAB,https://www.google.com/maps/reviews/data=!4m8!14m7!1m6!2m5!1sCi9DQUlRQUNvZENodHljRjlvT25OWVoydFhSalpwZHpSaVRWRXdXbkJEVVcwdE1rRRAB!2m1!1s0x0:0xbb47c65b7e6748a9!3m1!1s2@1:CAIQACodChtycF9oOnNYZ2tXRjZpdzRiTVEwWnBDUW0tMkE%7C%7C?hl=vi,an son,109023985464644340316,https://www.google.com/maps/contrib/109023985464644340316?hl=vi,1,False,0,,,https://www.google.com/maps/search/?api=1&query=Qu%C3%A1n%20C%E1%BB%A7a%20Th%E1%BB%9Di%20Thanh%20Xu%C3%A2n&query_place_id=ChIJw6D__a8TcTERqUhnflvGR7s
887e6440239f9b5396b7ddfc993011e44d9ff3f7809d451b9bace6cb9941a19f,dalat_003,google_maps,5.0,Ci9DQUlRQUNvZENodHljRjlvT21oUGQzTmtVM3BpTlZoUU1rVllNbmhwU2sxNFIyYxAB,https://www.google.com/maps/reviews/data=!4m8!14m7!1m6!2m5!1sCi9DQUlRQUNvZENodHljRjlvT21oUGQzTmtVM3BpTlZoUU1rVllNbmhwU2sxNFIyYxAB!2m1!1s0x0:0xbb47c65b7e6748a9!3m1!1s2@1:CAIQACodChtycF9oOmhPd3NkU3piNVhQMkVYMnhpSk14R2c%7C%7C?hl=vi,Mùa Ba,100697009396593723276,https://www.google.com/maps/contrib/100697009396593723276?hl=vi,5,False,0,,,https://www.google.com/maps/search/?api=1&query=Qu%C3%A1n%20C%E1%BB%A7a%20Th%E1%BB%9Di%20Thanh%20Xu%C3%A2n&query_place_id=ChIJw6D__a8TcTERqUhnflvGR7s
793d5e427df1ad757b1e5ecee9386257c40070eee6e0ab716eb760da06c5173e,dalat_003,google_maps,5.0,Ci9DQUlRQUNvZENodHljRjlvT21vM2IzQlRZVEZEWVVSUGMyRmtObkZLY0RWSk5YYxAB,https://www.google.com/maps/reviews/data=!4m8!14m7!1m6!2m5!1sCi9DQUlRQUNvZENodHljRjlvT21vM2IzQlRZVEZEWVVSUGMyRmtObkZLY0RWSk5YYxAB!2m1!1s0x0:0xbb47c65b7e6748a9!3m1!1s2@1:CAIQACodChtycF9oOmo3b3BTYTFDYURPc2FkNnFKcDVJNXc%7C%7C?hl=vi,Tú Nguyễn Quang,117277146617731893802,https://www.google.com/maps/contrib/117277146617731893802?hl=vi,1,False,0,,,https://www.google.com/maps/search/?api=1&query=Qu%C3%A1n%20C%E1%BB%A7a%20Th%E1%BB%9Di%20Thanh%20Xu%C3%A2n&query_place_id=ChIJw6D__a8TcTERqUhnflvGR7s
82022b2191e30a671872af66f18026531b9fc2b5e8f3c2694ed64717da80cabe,dalat_003,google_maps,5.0,Ci9DQUlRQUNvZENodHljRjlvT2tWcFYzUkZaRWh5YlZZek1GVjRRMkpUT0hnd1ZsRRAB,https://www.google.com/maps/reviews/data=!4m8!14m7!1m6!2m5!1sCi9DQUlRQUNvZENodHljRjlvT2tWcFYzUkZaRWh5YlZZek1GVjRRMkpUT0hnd1ZsRRAB!2m1!1s0x0:0xbb47c65b7e6748a9!3m1!1s2@1:CAIQACodChtycF9oOkVpV3RFZEhybVYzMFV4Q2JTOHgwVlE%7C%7C?hl=vi,an son,116150887536978856240,https://www.google.com/maps/contrib/116150887536978856240?hl=vi,1,False,0,,,https://www.google.com/maps/search/?api=1&query=Qu%C3%A1n%20C%E1%BB%A7a%20Th%E1%BB%9Di%20Thanh%20Xu%C3%A2n&query_place_id=ChIJw6D__a8TcTERqUhnflvGR7s
b52849ef4b7f732b59617a6b6c3d8344e11105d6936c2db55f2340ca2a3f5f73,dalat_003,google_maps,5.0,Ci9DQUlRQUNvZENodHljRjlvT2xoSU9VWjRPRWRUU2xrME5qRnpSelpTZVhBeVpGRRAB,https://www.google.com/maps/reviews/data=!4m8!14m7!1m6!2m5!1sCi9DQUlRQUNvZENodHljRjlvT2xoSU9VWjRPRWRUU2xrME5qRnpSelpTZVhBeVpGRRAB!2m1!1s0x0:0xbb47c65b7e6748a9!3m1!1s2@1:CAIQACodChtycF9oOlhIOUZ4OEdTSlk0NjFzRzZSeXAyZFE%7C%7C?hl=vi,Quang Tu Nguyen,105864913445600728028,https://www.google.com/maps/contrib/105864913445600728028?hl=vi,2,False,0,,,https://www.google.com/maps/search/?api=1&query=Qu%C3%A1n%20C%E1%BB%A7a%20Th%E1%BB%9Di%20Thanh%20Xu%C3%A2n&query_place_id=ChIJw6D__a8TcTERqUhnflvGR7s
c4cf2b1b5dba34c5e4c78290e41cdcbd5e59adfd0e51479521bcd36ae7db39ad,dalat_003,google_maps,5.0,Ci9DQUlRQUNvZENodHljRjlvT2xkYWRuRTJRa2h4VDJ4b2MwWllaVlpEVVRKaVlXYxAB,https://www.google.com/maps/reviews/data=!4m8!14m7!1m6!2m5!1sCi9DQUlRQUNvZENodHljRjlvT2xkYWRuRTJRa2h4VDJ4b2MwWllaVlpEVVRKaVlXYxAB!2m1!1s0x0:0xbb47c65b7e6748a9!3m1!1s2@1:CAIQACodChtycF9oOldadnE2QkhxT2xoc0ZYZVZDUTJiYWc%7C%7C?hl=vi,Nhi Hoang,111454534135056668885,https://www.google.com/maps/contrib/111454534135056668885?hl=vi,2,False,0,,,https://www.google.com/maps/search/?api=1&query=Qu%C3%A1n%20C%E1%BB%A7a%20Th%E1%BB%9Di%20Thanh%20Xu%C3%A2n&query_place_id=ChIJw6D__a8TcTERqUhnflvGR7s
75a420f9bb264073607f336854d9fb22feb825cd49f950bb61c458dc06855b71,dalat_003,google_maps,5.0,Ci9DQUlRQUNvZENodHljRjlvT2tFd1VVTlBTV3RJWVdKWU0yaGlSbDlvUmxwTFluYxAB,https://www.google.com/maps/reviews/data=!4m8!14m7!1m6!2m5!1sCi9DQUlRQUNvZENodHljRjlvT2tFd1VVTlBTV3RJWVdKWU0yaGlSbDlvUmxwTFluYxAB!2m1!1s0x0:0xbb47c65b7e6748a9!3m1!1s2@1:CAIQACodChtycF9oOkEwUUNPSWtIYWJYM2hiRl9oRlpLYnc%7C%7C?hl=vi,An Sơn,117292985222890324350,https://www.google.com/maps/contrib/117292985222890324350?hl=vi,6,False,0,,,https://www.google.com/maps/search/?api=1&query=Qu%C3%A1n%20C%E1%BB%A7a%20Th%E1%BB%9Di%20Thanh%20Xu%C3%A2n&query_place_id=ChIJw6D__a8TcTERqUhnflvGR7s
f4470a242b0c6db3a00fdeb220770f53bfac7d6304ec2a58816d94305786d7f6,dalat_003,google_maps,5.0,Ci9DQUlRQUNvZENodHljRjlvT2tkd09XSlVNbU5sYjFSNGFubzVaemRYUWxSSmRuYxAB,https://www.google.com/maps/reviews/data=!4m8!14m7!1m6!2m5!1sCi9DQUlRQUNvZENodHljRjlvT2tkd09XSlVNbU5sYjFSNGFubzVaemRYUWxSSmRuYxAB!2m1!1s0x0:0xbb47c65b7e6748a9!3m1!1s2@1:CAIQACodChtycF9oOkdwOWJUMmNlb1R4ano5ZzdXQlRJdnc%7C%7C?hl=vi,Tuệ An,108346059091734767414,https://www.google.com/maps/contrib/108346059091734767414?hl=vi,1,False,0,,,https://www.google.com/maps/search/?api=1&query=Qu%C3%A1n%20C%E1%BB%A7a%20Th%E1%BB%9Di%20Thanh%20Xu%C3%A2n&query_place_id=ChIJw6D__a8TcTERqUhnflvGR7s
723f6d33230ecb4b4c073fa5fd3c4f56aa8b9ba15f6914cedce5786fd87ac440,dalat_004,google_maps,5.0,Ci9DQUlRQUNvZENodHljRjlvT2xobWNISnJSVGRDYjNSYVRHTllVVWxPV0hFMWJXYxAB,https://www.google.com/maps/reviews/data=!4m8!14m7!1m6!2m5!1sCi9DQUlRQUNvZENodHljRjlvT2xobWNISnJSVGRDYjNSYVRHTllVVWxPV0hFMWJXYxAB!2m1!1s0x0:0xfb4c70070a4833db!3m1!1s2@1:CAIQACodChtycF9oOlhmcHJrRTdCb3RaTGNYUUlOWHE1bWc%7C%7C?hl=vi,Trần Vũ Trúc Ly,111535425825587019984,https://www.google.com/maps/contrib/111535425825587019984?hl=vi,7,False,0,,,https://www.google.com/maps/search/?api=1&query=Ti%E1%BB%87m%20C%C3%A0%20Ph%C3%AA%20Tr%E1%BB%A9ng%20C%C3%B4%20Ba%20-%20%C4%90%C3%A0%20L%E1%BA%A1t&query_place_id=ChIJO8pnG7ATcTER2zNICgdwTPs
4927b9cbec3c13c2246eaadd492d32f23dc57ee9ca311886407ce1271f72fb95,dalat_004,google_maps,5.0,Ci9DQUlRQUNvZENodHljRjlvT21Oek4zaHZYM2huVTB4UlVFUnBYekZIYmtGRlkyYxAB,https://www.google.com/maps/reviews/data=!4m8!14m7!1m6!2m5!1sCi9DQUlRQUNvZENodHljRjlvT21Oek4zaHZYM2huVTB4UlVFUnBYekZIYmtGRlkyYxAB!2m1!1s0x0:0xfb4c70070a4833db!3m1!1s2@1:CAIQACodChtycF9oOmNzN3hvX3hnU0xRUERpXzFHbkFFY2c%7C%7C?hl=vi,Minh Sam,103194194635846143517,https://www.google.com/maps/contrib/103194194635846143517?hl=vi,4,False,0,,,https://www.google.com/maps/search/?api=1&query=Ti%E1%BB%87m%20C%C3%A0%20Ph%C3%AA%20Tr%E1%BB%A9ng%20C%C3%B4%20Ba%20-%20%C4%90%C3%A0%20L%E1%BA%A1t&query_place_id=ChIJO8pnG7ATcTER2zNICgdwTPs
1ea33f5199e7d7c85c8c7e1cac28acc239ea3c0c0657218b755103d227552127,dalat_004,google_maps,5.0,Ci9DQUlRQUNvZENodHljRjlvT21zeldrbEVSWGd5YzFkSVlXWXRWbEJ4VXkwMmJtYxAB,https://www.google.com/maps/reviews/data=!4m8!14m7!1m6!2m5!1sCi9DQUlRQUNvZENodHljRjlvT21zeldrbEVSWGd5YzFkSVlXWXRWbEJ4VXkwMmJtYxAB!2m1!1s0x0:0xfb4c70070a4833db!3m1!1s2@1:CAIQACodChtycF9oOmszWklERXgyc1dIYWYtVlBxUy02bmc%7C%7C?hl=vi,Quý Ngọc,103576309882769852868,https://www.google.com/maps/contrib/103576309882769852868?hl=vi,1,False,0,"Quý Ngọc thân mến, Tiệm chân thành cảm ơn Bạn đã dành tình cảm và đánh giá tốt cho quán ạ! Chúng mình rất vui mừng khi được bạn yêu thích cà phê trứng Cô Ba Đà Lạt, mong sớm được đón tiếp bạn và gia đình quay lại để trải nghiệm thêm nhiều điều thú vị hơn tại Cô Ba nhé 🥰",2026-05-12T12:18:34+00:00,https://www.google.com/maps/search/?api=1&query=Ti%E1%BB%87m%20C%C3%A0%20Ph%C3%AA%20Tr%E1%BB%A9ng%20C%C3%B4%20Ba%20-%20%C4%90%C3%A0%20L%E1%BA%A1t&query_place_id=ChIJO8pnG7ATcTER2zNICgdwTPs
3d6b368e7d93091c5b03fbf34054c7122e37796d3a50ff0ddc35ab5baf30537a,dalat_004,google_maps,5.0,Ci9DQUlRQUNvZENodHljRjlvT2xoRWMyOTRkbE5NYjIxQmRXaEdWakpSWHpGMldXYxAB,https://www.google.com/maps/reviews/data=!4m8!14m7!1m6!2m5!1sCi9DQUlRQUNvZENodHljRjlvT2xoRWMyOTRkbE5NYjIxQmRXaEdWakpSWHpGMldXYxAB!2m1!1s0x0:0xfb4c70070a4833db!3m1!1s2@1:CAIQACodChtycF9oOlhEc294dlNMb21BdWhGVjJRXzF2WWc%7C%7C?hl=vi,Duong Nguyen,105564555085491014545,https://www.google.com/maps/contrib/105564555085491014545?hl=vi,13,True,0,"Tiệm chân thành cảm ơn Bạn đã dành tình cảm và đánh giá tốt cho quán ạ! Chúng mình rất vui mừng khi được bạn yêu thích cà phê trứng Cô Ba Đà Lạt, mong sớm được đón bạn và gia đình quay lại để trải nghiệm thêm nhiều điều thú vị hơn nữa tại Cô Ba nhé 🥰",2026-05-12T03:09:50+00:00,https://www.google.com/maps/search/?api=1&query=Ti%E1%BB%87m%20C%C3%A0%20Ph%C3%AA%20Tr%E1%BB%A9ng%20C%C3%B4%20Ba%20-%20%C4%90%C3%A0%20L%E1%BA%A1t&query_place_id=ChIJO8pnG7ATcTER2zNICgdwTPs
06de7c926823168c7b9d9c7597b4568fafa12e35de4c00dce8568ebf534fc4fa,dalat_004,google_maps,5.0,Ci9DQUlRQUNvZENodHljRjlvT25NeWJWRkRPVVp3YVRkUGFscGhNelZ0UW5GNldIYxAB,https://www.google.com/maps/reviews/data=!4m8!14m7!1m6!2m5!1sCi9DQUlRQUNvZENodHljRjlvT25NeWJWRkRPVVp3YVRkUGFscGhNelZ0UW5GNldIYxAB!2m1!1s0x0:0xfb4c70070a4833db!3m1!1s2@1:CAIQACodChtycF9oOnMybVFDOUZwaTdPalphMzVtQnF6WHc%7C%7C?hl=vi,hiep nguyen,115004668693556148136,https://www.google.com/maps/contrib/115004668693556148136?hl=vi,2,False,0,"Tiệm chân thành cảm ơn Bạn đã dành tình cảm và đánh giá tốt cho quán ạ! Chúng mình rất vui mừng khi được bạn yêu thích cà phê trứng Cô Ba Đà Lạt, mong sớm được đón tiếp bạn và gia đình quay lại để trải nghiệm thêm nhiều điều thú vị hơn tại Cô Ba nhé 🥰",2026-05-12T03:18:27+00:00,https://www.google.com/maps/search/?api=1&query=Ti%E1%BB%87m%20C%C3%A0%20Ph%C3%AA%20Tr%E1%BB%A9ng%20C%C3%B4%20Ba%20-%20%C4%90%C3%A0%20L%E1%BA%A1t&query_place_id=ChIJO8pnG7ATcTER2zNICgdwTPs
a0ddeca8b6510b4d82d79f482bc48294cb87c6d9b009bcae601024e745024c7c,dalat_004,google_maps,4.0,Ci9DQUlRQUNvZENodHljRjlvT2xVd2VqSktRVzFGWW5kSVRFOXdTRVpMVDNObE1WRRAB,https://www.google.com/maps/reviews/data=!4m8!14m7!1m6!2m5!1sCi9DQUlRQUNvZENodHljRjlvT2xVd2VqSktRVzFGWW5kSVRFOXdTRVpMVDNObE1WRRAB!2m1!1s0x0:0xfb4c70070a4833db!3m1!1s2@1:CAIQACodChtycF9oOlUwejJKQW1FYndITE9wSEZLT3NlMVE%7C%7C?hl=vi,Trần Hoàng Vững,113868266277678063696,https://www.google.com/maps/contrib/113868266277678063696?hl=vi,75,True,0,"Tiệm chân thành cảm ơn Bạn đã dành tình cảm và đánh giá tốt cho quán ạ! Chúng mình rất vui mừng khi được bạn yêu thích cà phê trứng Cô Ba Đà Lạt, mong sớm được đón tiếp bạn và gia đình quay lại để trải nghiệm thêm nhiều điều thú vị hơn tại Cô Ba nhé 🥰",2026-05-12T03:23:19+00:00,https://www.google.com/maps/search/?api=1&query=Ti%E1%BB%87m%20C%C3%A0%20Ph%C3%AA%20Tr%E1%BB%A9ng%20C%C3%B4%20Ba%20-%20%C4%90%C3%A0%20L%E1%BA%A1t&query_place_id=ChIJO8pnG7ATcTER2zNICgdwTPs
d6c70fad58c10a459eb691b4086208d8fdccc125adfffdf4ec3e23a83af99911,dalat_004,google_maps,5.0,Ci9DQUlRQUNvZENodHljRjlvT2xjeFdUWmZTVXRZVDNWTmVWazBWbWMxUVRoQmRGRRAB,https://www.google.com/maps/reviews/data=!4m8!14m7!1m6!2m5!1sCi9DQUlRQUNvZENodHljRjlvT2xjeFdUWmZTVXRZVDNWTmVWazBWbWMxUVRoQmRGRRAB!2m1!1s0x0:0xfb4c70070a4833db!3m1!1s2@1:CAIQACodChtycF9oOlcxWTZfSUtYT3VNeVk0Vmc1QThBdFE%7C%7C?hl=vi,Ý Võ Ngọc Như,104242878554610164901,https://www.google.com/maps/contrib/104242878554610164901?hl=vi,8,False,0,"Tiệm chân thành cảm ơn Bạn đã dành tình cảm và đánh giá tốt cho quán ạ! Chúng mình rất vui mừng khi được bạn yêu thích cà phê trứng Cô Ba Đà Lạt, mong sớm được đón tiếp bạn và gia đình quay lại để trải nghiệm thêm nhiều điều thú vị hơn tại Cô Ba nhé 🥰",2026-05-12T03:26:37+00:00,https://www.google.com/maps/search/?api=1&query=Ti%E1%BB%87m%20C%C3%A0%20Ph%C3%AA%20Tr%E1%BB%A9ng%20C%C3%B4%20Ba%20-%20%C4%90%C3%A0%20L%E1%BA%A1t&query_place_id=ChIJO8pnG7ATcTER2zNICgdwTPs
376855be6aeaf8112e6f3728bb96e76ba1b497a13f2f85ce8904ae00033bcdd9,dalat_004,google_maps,1.0,Ci9DQUlRQUNvZENodHljRjlvT25oVUxWVXdUSGxJZWxGQ2N6WXhSa1E0UkVGTlZHYxAB,https://www.google.com/maps/reviews/data=!4m8!14m7!1m6!2m5!1sCi9DQUlRQUNvZENodHljRjlvT25oVUxWVXdUSGxJZWxGQ2N6WXhSa1E0UkVGTlZHYxAB!2m1!1s0x0:0xfb4c70070a4833db!3m1!1s2@1:CAIQACodChtycF9oOnhULVUwTHlIelFCczYxRkQ4REFNVGc%7C%7C?hl=vi,Mai Văn Tiến (Travel & Coffee),117269077644748396052,https://www.google.com/maps/contrib/117269077644748396052?hl=vi,34,True,1,"Chào Bạn thân mến, Tiệm chân thành xin lỗi vì đã mang đến cho bạn một trải nghiệm chưa thật sự tốt ạ. Cảm ơn bạn rất nhiều vì đã góp ý để tiệm có cơ hội nhìn nhận và cải thiện kịp thời. Chúng mình sẽ cố gắng nâng cao chất lượng sản phẩm và dịch vụ mỗi ngày để mang đến trải nghiệm tốt hơn cho bạn trong những lần ghé tiếp theo. Rất mong sẽ được đón tiếp bạn trở lại và phục vụ bạn tốt hơn trong thời gian tới. Trân trọng cảm ơn bạn! Ps: Mong được bạn chia sẻ thêm về trải nghiệm với mình qua sđt này để mình cải thiện nha, 0915509079 (chủ quán). Cảm ơn bạn rất nhiềuu ❤️",2026-05-05T11:10:28+00:00,https://www.google.com/maps/search/?api=1&query=Ti%E1%BB%87m%20C%C3%A0%20Ph%C3%AA%20Tr%E1%BB%A9ng%20C%C3%B4%20Ba%20-%20%C4%90%C3%A0%20L%E1%BA%A1t&query_place_id=ChIJO8pnG7ATcTER2zNICgdwTPs
e5fc42472237bb87aba9c814edd10dfe4ca481fbadd694c77512a8c0925afa26,dalat_004,google_maps,5.0,ChdDSUhNMG9nS0VJQ0FnSURSbjZmOWxRRRAB,https://www.google.com/maps/reviews/data=!4m8!14m7!1m6!2m5!1sChdDSUhNMG9nS0VJQ0FnSURSbjZmOWxRRRAB!2m1!1s0x0:0xfb4c70070a4833db!3m1!1s2@1:CIHM0ogKEICAgIDRn6f9lQE%7C%7C?hl=vi,Khả An Share,116706235165683653408,https://www.google.com/maps/contrib/116706235165683653408?hl=vi,31,True,0,"Tiệm chân thành cảm ơn bạn đã dành tình cảm và đánh giá tốt cho quán. Chúng mình rất vui khi bạn yêu thích cà phê trứng Cô Ba Đà Lạt, mong sớm được đón bạn và gia đình quay lại để trải nghiệm thêm nhiều điều thú vị hơn nữa nha ❤️",2026-05-05T12:15:50+00:00,https://www.google.com/maps/search/?api=1&query=Ti%E1%BB%87m%20C%C3%A0%20Ph%C3%AA%20Tr%E1%BB%A9ng%20C%C3%B4%20Ba%20-%20%C4%90%C3%A0%20L%E1%BA%A1t&query_place_id=ChIJO8pnG7ATcTER2zNICgdwTPs
c1b4a3adaf5d0196ea20f459e43edd35d4de6a684b66dfe11f537e54c865afb0,dalat_004,google_maps,5.0,ChZDSUhNMG9nS0VJQ0FnSURwaGQ2bktREAE,https://www.google.com/maps/reviews/data=!4m8!14m7!1m6!2m5!1sChZDSUhNMG9nS0VJQ0FnSURwaGQ2bktREAE!2m1!1s0x0:0xfb4c70070a4833db!3m1!1s2@1:CIHM0ogKEICAgIDphd6nKQ%7C%7C?hl=vi,linh linh,116163182332928889688,https://www.google.com/maps/contrib/116163182332928889688?hl=vi,1,False,0,"Tiệm chân thành cảm ơn bạn đã dành tình cảm và đánh giá tốt cho quán. Chúng mình rất vui khi bạn yêu thích cà phê trứng Cô Ba Đà Lạt, mong sớm được đón bạn và gia đình quay lại để trải nghiệm thêm nhiều điều thú vị hơn nữa nha ❤️",2026-05-05T12:15:57+00:00,https://www.google.com/maps/search/?api=1&query=Ti%E1%BB%87m%20C%C3%A0%20Ph%C3%AA%20Tr%E1%BB%A9ng%20C%C3%B4%20Ba%20-%20%C4%90%C3%A0%20L%E1%BA%A1t&query_place_id=ChIJO8pnG7ATcTER2zNICgdwTPs
552b7dc36785cdf14b366a417465e8b2ff42f21a526c36619f6771f57763503c,dalat_004,google_maps,5.0,ChdDSUhNMG9nS0VJQ0FnSUNSbWNXLXB3RRAB,https://www.google.com/maps/reviews/data=!4m8!14m7!1m6!2m5!1sChdDSUhNMG9nS0VJQ0FnSUNSbWNXLXB3RRAB!2m1!1s0x0:0xfb4c70070a4833db!3m1!1s2@1:CIHM0ogKEICAgICRmcW-pwE%7C%7C?hl=vi,Ni Ochi,106481921590958608686,https://www.google.com/maps/contrib/106481921590958608686?hl=vi,16,True,1,"Tiệm chân thành cảm ơn bạn đã dành tình cảm và đánh giá tốt cho quán. Chúng mình rất vui khi bạn yêu thích cà phê trứng Cô Ba Đà Lạt, mong sớm được đón bạn và gia đình quay lại để trải nghiệm thêm nhiều điều thú vị hơn nữa nha ❤️",2026-05-05T12:16:24+00:00,https://www.google.com/maps/search/?api=1&query=Ti%E1%BB%87m%20C%C3%A0%20Ph%C3%AA%20Tr%E1%BB%A9ng%20C%C3%B4%20Ba%20-%20%C4%90%C3%A0%20L%E1%BA%A1t&query_place_id=ChIJO8pnG7ATcTER2zNICgdwTPs
4580e27ec22401eda89eef9f7af5360b241018b1e379540032b41e825e6c20d7,dalat_004,google_maps,3.0,Ci9DQUlRQUNvZENodHljRjlvT25FMGRXc3dSa0YzUlRsbFVFOHdTME5FVUVwQmFIYxAB,https://www.google.com/maps/reviews/data=!4m8!14m7!1m6!2m5!1sCi9DQUlRQUNvZENodHljRjlvT25FMGRXc3dSa0YzUlRsbFVFOHdTME5FVUVwQmFIYxAB!2m1!1s0x0:0xfb4c70070a4833db!3m1!1s2@1:CAIQACodChtycF9oOnE0dWswRkF3RTllUE8wS0NEUEpBaHc%7C%7C?hl=vi,Vũ Duyên,115801381950116256014,https://www.google.com/maps/contrib/115801381950116256014?hl=vi,11,False,0,Tiệm chân thành xin lỗi vì đã mang đến cho bạn một trải nghiệm chưa thật sự tốt ạ. Cảm ơn bạn rất nhiều vì đã góp ý để tiệm có cơ hội nhìn nhận và cải thiện kịp thời. Chúng mình sẽ cố gắng nâng cao chất lượng sản phẩm và dịch vụ mỗi ngày để mang đến trải nghiệm tốt hơn cho bạn trong những lần ghé tiếp theo. Rất mong sẽ được đón tiếp bạn trở lại và phục vụ bạn tốt hơn trong thời gian tới. Trân trọng cảm ơn bạn!,2026-05-05T12:17:38+00:00,https://www.google.com/maps/search/?api=1&query=Ti%E1%BB%87m%20C%C3%A0%20Ph%C3%AA%20Tr%E1%BB%A9ng%20C%C3%B4%20Ba%20-%20%C4%90%C3%A0%20L%E1%BA%A1t&query_place_id=ChIJO8pnG7ATcTER2zNICgdwTPs
775c74da583515b39460ebbdb4a7c8f0a4854b0fd95282c673dce7e9ee96f83c,dalat_004,google_maps,5.0,Ci9DQUlRQUNvZENodHljRjlvT25OTFZVdzBSRnBFUTBOeGQxQlFSVVE1YVVodE1VRRAB,https://www.google.com/maps/reviews/data=!4m8!14m7!1m6!2m5!1sCi9DQUlRQUNvZENodHljRjlvT25OTFZVdzBSRnBFUTBOeGQxQlFSVVE1YVVodE1VRRAB!2m1!1s0x0:0xfb4c70070a4833db!3m1!1s2@1:CAIQACodChtycF9oOnNLVUw0RFpEQ0Nxd1BQRUQ5aUhtMUE%7C%7C?hl=vi,Bach Le,114643053527130782337,https://www.google.com/maps/contrib/114643053527130782337?hl=vi,69,True,0,"Tiệm chân thành cảm ơn bạn đã dành tình cảm và đánh giá tốt cho quán. Chúng mình rất vui khi bạn yêu thích cà phê trứng Cô Ba Đà Lạt, mong sớm được đón bạn và gia đình quay lại để trải nghiệm thêm nhiều điều thú vị hơn nữa nha ❤️",2026-05-05T12:17:59+00:00,https://www.google.com/maps/search/?api=1&query=Ti%E1%BB%87m%20C%C3%A0%20Ph%C3%AA%20Tr%E1%BB%A9ng%20C%C3%B4%20Ba%20-%20%C4%90%C3%A0%20L%E1%BA%A1t&query_place_id=ChIJO8pnG7ATcTER2zNICgdwTPs
a3233f118d4d34519f9573c01483cdea32038883ffa64b2c919b95ce5182b251,dalat_004,google_maps,1.0,Ci9DQUlRQUNvZENodHljRjlvT2tSV0xWcHRPWGwyZFVGMlVqbDNNbFJ4WjB4WE9FRRAB,https://www.google.com/maps/reviews/data=!4m8!14m7!1m6!2m5!1sCi9DQUlRQUNvZENodHljRjlvT2tSV0xWcHRPWGwyZFVGMlVqbDNNbFJ4WjB4WE9FRRAB!2m1!1s0x0:0xfb4c70070a4833db!3m1!1s2@1:CAIQACodChtycF9oOkRWLVptOXl2dUF2Ujl3MlRxZ0xXOEE%7C%7C?hl=vi,Hậu Bích,100271295132360118150,https://www.google.com/maps/contrib/100271295132360118150?hl=vi,2,False,0,Tiệm chân thành xin lỗi vì đã mang đến cho bạn một trải nghiệm chưa thật sự tốt ạ. Cảm ơn bạn rất nhiều vì đã góp ý để tiệm có cơ hội nhìn nhận và cải thiện kịp thời. Chúng mình sẽ cố gắng nâng cao chất lượng sản phẩm và dịch vụ mỗi ngày để mang đến trải nghiệm tốt hơn cho bạn trong những lần ghé tiếp theo. Rất mong sẽ được đón tiếp bạn trở lại và phục vụ bạn tốt hơn trong thời gian tới. Trân trọng cảm ơn bạn!,2026-05-05T12:18:23+00:00,https://www.google.com/maps/search/?api=1&query=Ti%E1%BB%87m%20C%C3%A0%20Ph%C3%AA%20Tr%E1%BB%A9ng%20C%C3%B4%20Ba%20-%20%C4%90%C3%A0%20L%E1%BA%A1t&query_place_id=ChIJO8pnG7ATcTER2zNICgdwTPs
e20202cb7439bf8d32f0e5ccbc6a1072cd56e11f32ee65505eb8bd19da296317,dalat_004,google_maps,5.0,Ci9DQUlRQUNvZENodHljRjlvT21sTFRWODVUMUJ3TFVadVIxcDNNMlpxVW05RU5sRRAB,https://www.google.com/maps/reviews/data=!4m8!14m7!1m6!2m5!1sCi9DQUlRQUNvZENodHljRjlvT21sTFRWODVUMUJ3TFVadVIxcDNNMlpxVW05RU5sRRAB!2m1!1s0x0:0xfb4c70070a4833db!3m1!1s2@1:CAIQACodChtycF9oOmlLTV85T1BwLUZuR1p3M2ZqUm9ENlE%7C%7C?hl=vi,Michael Vu,107796515533613128751,https://www.google.com/maps/contrib/107796515533613128751?hl=vi,74,True,0,"Tiệm chân thành cảm ơn bạn đã dành tình cảm và đánh giá tốt cho quán. Chúng mình rất vui khi bạn yêu thích cà phê trứng Cô Ba Đà Lạt, mong sớm được đón bạn và gia đình quay lại để trải nghiệm thêm nhiều điều thú vị hơn nữa nha ❤️",2026-05-05T12:18:36+00:00,https://www.google.com/maps/search/?api=1&query=Ti%E1%BB%87m%20C%C3%A0%20Ph%C3%AA%20Tr%E1%BB%A9ng%20C%C3%B4%20Ba%20-%20%C4%90%C3%A0%20L%E1%BA%A1t&query_place_id=ChIJO8pnG7ATcTER2zNICgdwTPs
1028a67d2c2f9c93d0026925c77dfbb77498bd48dd2f422867f17d7ca5071c25,dalat_004,google_maps,5.0,Ci9DQUlRQUNvZENodHljRjlvT2xKTWNHZzJhbGRqT0hNMVJVMXZaVEZZVDJoVFNuYxAB,https://www.google.com/maps/reviews/data=!4m8!14m7!1m6!2m5!1sCi9DQUlRQUNvZENodHljRjlvT2xKTWNHZzJhbGRqT0hNMVJVMXZaVEZZVDJoVFNuYxAB!2m1!1s0x0:0xfb4c70070a4833db!3m1!1s2@1:CAIQACodChtycF9oOlJMcGg2aldjOHM1RU1vZTFYT2hTSnc%7C%7C?hl=vi,Trường Nhật,114629202279625589795,https://www.google.com/maps/contrib/114629202279625589795?hl=vi,24,True,0,"Tiệm chân thành cảm ơn bạn đã dành tình cảm và đánh giá tốt cho quán. Chúng mình rất vui khi bạn yêu thích cà phê trứng Cô Ba Đà Lạt, mong sớm được đón bạn và gia đình quay lại để trải nghiệm thêm nhiều điều thú vị hơn nữa nha ❤️",2026-05-05T12:18:44+00:00,https://www.google.com/maps/search/?api=1&query=Ti%E1%BB%87m%20C%C3%A0%20Ph%C3%AA%20Tr%E1%BB%A9ng%20C%C3%B4%20Ba%20-%20%C4%90%C3%A0%20L%E1%BA%A1t&query_place_id=ChIJO8pnG7ATcTER2zNICgdwTPs
19277db2f994e38edab069f788628975c630fb8e63a5761d7362e4e4e92154c2,dalat_004,google_maps,5.0,Ci9DQUlRQUNvZENodHljRjlvT2xaRFNuZHFZVU5wZW5GaU1XTklTa1YyUkVGUlJHYxAB,https://www.google.com/maps/reviews/data=!4m8!14m7!1m6!2m5!1sCi9DQUlRQUNvZENodHljRjlvT2xaRFNuZHFZVU5wZW5GaU1XTklTa1YyUkVGUlJHYxAB!2m1!1s0x0:0xfb4c70070a4833db!3m1!1s2@1:CAIQACodChtycF9oOlZDSndqYUNpenFiMWNISkV2REFRRGc%7C%7C?hl=vi,Jenny Li,108517780498831261683,https://www.google.com/maps/contrib/108517780498831261683?hl=vi,6,False,0,"Tiệm chân thành cảm ơn bạn đã dành tình cảm và đánh giá tốt cho quán. Chúng mình rất vui khi bạn yêu thích cà phê trứng Cô Ba Đà Lạt, mong sớm được đón bạn và gia đình quay lại để trải nghiệm thêm nhiều điều thú vị hơn nữa nha ❤️",2026-05-05T12:18:51+00:00,https://www.google.com/maps/search/?api=1&query=Ti%E1%BB%87m%20C%C3%A0%20Ph%C3%AA%20Tr%E1%BB%A9ng%20C%C3%B4%20Ba%20-%20%C4%90%C3%A0%20L%E1%BA%A1t&query_place_id=ChIJO8pnG7ATcTER2zNICgdwTPs
8c04dbfdc95660449d3796a56863a64d7ecc9cf1087ea7b278998cd41cf228ab,dalat_004,google_maps,5.0,Ci9DQUlRQUNvZENodHljRjlvT2pKT00wNVBTRmRHU0VSMlNYWjZPR1ZXTlVScVRHYxAB,https://www.google.com/maps/reviews/data=!4m8!14m7!1m6!2m5!1sCi9DQUlRQUNvZENodHljRjlvT2pKT00wNVBTRmRHU0VSMlNYWjZPR1ZXTlVScVRHYxAB!2m1!1s0x0:0xfb4c70070a4833db!3m1!1s2@1:CAIQACodChtycF9oOjJOM05PSFdGSER2SXZ6OGVWNURqTGc%7C%7C?hl=vi,Hiếu Trung,113888448031708694608,https://www.google.com/maps/contrib/113888448031708694608?hl=vi,6,True,0,"Tiệm chân thành cảm ơn bạn đã dành tình cảm và đánh giá tốt cho quán. Chúng mình rất vui khi bạn yêu thích cà phê trứng Cô Ba Đà Lạt, mong sớm được đón bạn và gia đình quay lại để trải nghiệm thêm nhiều điều thú vị hơn nữa nha ❤️",2026-05-05T12:18:57+00:00,https://www.google.com/maps/search/?api=1&query=Ti%E1%BB%87m%20C%C3%A0%20Ph%C3%AA%20Tr%E1%BB%A9ng%20C%C3%B4%20Ba%20-%20%C4%90%C3%A0%20L%E1%BA%A1t&query_place_id=ChIJO8pnG7ATcTER2zNICgdwTPs
fff31b7c6563b8ced9d7c9575e72e563cac48dbbf4abca31c8bef9e8fc07701e,dalat_004,google_maps,4.0,Ci9DQUlRQUNvZENodHljRjlvT2tkM2QyNDFiVFJMYmpSM2JVcFBOM0p5Y0ZsclNrRRAB,https://www.google.com/maps/reviews/data=!4m8!14m7!1m6!2m5!1sCi9DQUlRQUNvZENodHljRjlvT2tkM2QyNDFiVFJMYmpSM2JVcFBOM0p5Y0ZsclNrRRAB!2m1!1s0x0:0xfb4c70070a4833db!3m1!1s2@1:CAIQACodChtycF9oOkd3d241bTRLbjR3bUpPN3JycFlrSkE%7C%7C?hl=vi,dang phan,106396243092987862090,https://www.google.com/maps/contrib/106396243092987862090?hl=vi,9,True,0,"Tiệm chân thành cảm ơn bạn đã dành tình cảm và đánh giá tốt cho quán. Chúng mình rất vui khi bạn yêu thích cà phê trứng Cô Ba Đà Lạt, mong sớm được đón bạn và gia đình quay lại để trải nghiệm thêm nhiều điều thú vị hơn nữa nha ❤️",2026-05-05T12:19:04+00:00,https://www.google.com/maps/search/?api=1&query=Ti%E1%BB%87m%20C%C3%A0%20Ph%C3%AA%20Tr%E1%BB%A9ng%20C%C3%B4%20Ba%20-%20%C4%90%C3%A0%20L%E1%BA%A1t&query_place_id=ChIJO8pnG7ATcTER2zNICgdwTPs
ac549d20d9f0c5c65a7f0d3046b70397031493b21683692b231d80327dc25af1,dalat_004,google_maps,5.0,Ci9DQUlRQUNvZENodHljRjlvT2pWSmIyNVNXbGRyWmt3d05WZDNjMTh5UlhCcWExRRAB,https://www.google.com/maps/reviews/data=!4m8!14m7!1m6!2m5!1sCi9DQUlRQUNvZENodHljRjlvT2pWSmIyNVNXbGRyWmt3d05WZDNjMTh5UlhCcWExRRAB!2m1!1s0x0:0xfb4c70070a4833db!3m1!1s2@1:CAIQACodChtycF9oOjVJb25SWldrZkwwNVd3c18yRXBqa1E%7C%7C?hl=vi,Nhan Nguyen,117843557866588750652,https://www.google.com/maps/contrib/117843557866588750652?hl=vi,323,True,0,"Tiệm chân thành cảm ơn bạn đã dành tình cảm và đánh giá tốt cho quán. Chúng mình rất vui khi bạn yêu thích cà phê trứng Cô Ba Đà Lạt, mong sớm được đón bạn và gia đình quay lại để trải nghiệm thêm nhiều điều thú vị hơn nữa nha ❤️",2026-05-05T12:19:11+00:00,https://www.google.com/maps/search/?api=1&query=Ti%E1%BB%87m%20C%C3%A0%20Ph%C3%AA%20Tr%E1%BB%A9ng%20C%C3%B4%20Ba%20-%20%C4%90%C3%A0%20L%E1%BA%A1t&query_place_id=ChIJO8pnG7ATcTER2zNICgdwTPs
