source_record_id,place_id,platform,target_origin,source_url,post_url,post_id,post_text,post_author,post_comments_count,post_relevance_score,comment_id,comment_author,comment_author_url,comment_likes,comment_depth,comment_reject_reason
ba95cd59ce132ae6f5e1721b0d49fc04280ae402a88e3f4f30e0127bae4bd0c9,dalat_002,facebook,post_seed,https://www.facebook.com/horizondalat,https://www.facebook.com/reel/1320336473358740,990425940161316,"ĂN CƠM NHÀ CHUẨN MẸ NẤU GIỮA LÒNG ĐÀ LẠT - CHỈ 59K/PHẦN! 😋 Trưa nay ăn gì? Chiều nay ăn gì? Đau đầu suy nghĩ thì ghé ngay Horizon Coffee BBQ thưởng thức mâm cơm nhà nóng hổi, ngon chuẩn vị mẹ nấu nhé! Chỉ với 59K, bạn sẽ có ngay một phần cơm SIÊU CHẤT LƯỢNG gồm 5 món, đầy đủ dinh dưỡng: 1️⃣ Món mặn đậm đà: Đưa cơm cực kỳ, thay đổi theo ngày để bạn không bị ngán. 2️⃣ Rau xào tươi xanh: Giòn ngọt, bổ sung vitamin thiết yếu. 3️⃣ Canh thanh mát: Giải nhiệt cơ thể, cân bằng khẩu vị. 4️⃣ Salad trộn chua ngọt: Khai vị hoàn hảo, kích thích vị giác. 5️⃣ Trái cây tráng miệng: Tươi ngon theo mùa, chốt hạ bữa ăn trọn vẹn. 🥗 Horizon Coffee BBQ cam kết: Nguyên liệu tươi ngon, sạch sẽ, đảm bảo vệ sinh an toàn thực phẩm. Nêm nếm vừa miệng, không bột ngọt, an toàn cho sức khỏe. Không gian quán rộng rãi, thoáng mát, thư giãn. Nhanh tay rủ rê đồng nghiệp, bạn bè và người thân đến Horizon Coffee BBQ để tận hưởng bữa cơm nhà ấm cúng ngay thôi nào! 🥰 🏡 Horizon Coffee BBQ ⏰ Giờ mở cửa: 7:00 AM - 10:00 PM 📍 Địa chỉ: 31/6 Đường 3/4, Phường 3, Đà Lạt. 📞 Hotline đặt bàn/giao hàng: 0367255299 #HorizonCoffeeBBQ #ComNhaDaLat #ComTruaDaLat #ComNgonDaLat #59K #AmThucDaLat #DiTichDaLat #DaLatMustTry",,8,5.5,1656409975693056,,,1,0,too_short
52aca3ed982da554e68faed92163b61ef58b3c7287c765f670264b53f3c7f4f5,dalat_002,facebook,post_seed,https://www.facebook.com/horizondalat,https://www.facebook.com/reel/1320336473358740,990425940161316,"ĂN CƠM NHÀ CHUẨN MẸ NẤU GIỮA LÒNG ĐÀ LẠT - CHỈ 59K/PHẦN! 😋 Trưa nay ăn gì? Chiều nay ăn gì? Đau đầu suy nghĩ thì ghé ngay Horizon Coffee BBQ thưởng thức mâm cơm nhà nóng hổi, ngon chuẩn vị mẹ nấu nhé! Chỉ với 59K, bạn sẽ có ngay một phần cơm SIÊU CHẤT LƯỢNG gồm 5 món, đầy đủ dinh dưỡng: 1️⃣ Món mặn đậm đà: Đưa cơm cực kỳ, thay đổi theo ngày để bạn không bị ngán. 2️⃣ Rau xào tươi xanh: Giòn ngọt, bổ sung vitamin thiết yếu. 3️⃣ Canh thanh mát: Giải nhiệt cơ thể, cân bằng khẩu vị. 4️⃣ Salad trộn chua ngọt: Khai vị hoàn hảo, kích thích vị giác. 5️⃣ Trái cây tráng miệng: Tươi ngon theo mùa, chốt hạ bữa ăn trọn vẹn. 🥗 Horizon Coffee BBQ cam kết: Nguyên liệu tươi ngon, sạch sẽ, đảm bảo vệ sinh an toàn thực phẩm. Nêm nếm vừa miệng, không bột ngọt, an toàn cho sức khỏe. Không gian quán rộng rãi, thoáng mát, thư giãn. Nhanh tay rủ rê đồng nghiệp, bạn bè và người thân đến Horizon Coffee BBQ để tận hưởng bữa cơm nhà ấm cúng ngay thôi nào! 🥰 🏡 Horizon Coffee BBQ ⏰ Giờ mở cửa: 7:00 AM - 10:00 PM 📍 Địa chỉ: 31/6 Đường 3/4, Phường 3, Đà Lạt. 📞 Hotline đặt bàn/giao hàng: 0367255299 #HorizonCoffeeBBQ #ComNhaDaLat #ComTruaDaLat #ComNgonDaLat #59K #AmThucDaLat #DiTichDaLat #DaLatMustTry",,8,5.5,2009972959726864,,,0,0,
28165110403d8e1a4b1e2f44f14c113631f2ecf460e215fd5307942b1c1f940d,dalat_002,facebook,post_seed,https://www.facebook.com/horizondalat,https://www.facebook.com/reel/1320336473358740,990425940161316,"ĂN CƠM NHÀ CHUẨN MẸ NẤU GIỮA LÒNG ĐÀ LẠT - CHỈ 59K/PHẦN! 😋 Trưa nay ăn gì? Chiều nay ăn gì? Đau đầu suy nghĩ thì ghé ngay Horizon Coffee BBQ thưởng thức mâm cơm nhà nóng hổi, ngon chuẩn vị mẹ nấu nhé! Chỉ với 59K, bạn sẽ có ngay một phần cơm SIÊU CHẤT LƯỢNG gồm 5 món, đầy đủ dinh dưỡng: 1️⃣ Món mặn đậm đà: Đưa cơm cực kỳ, thay đổi theo ngày để bạn không bị ngán. 2️⃣ Rau xào tươi xanh: Giòn ngọt, bổ sung vitamin thiết yếu. 3️⃣ Canh thanh mát: Giải nhiệt cơ thể, cân bằng khẩu vị. 4️⃣ Salad trộn chua ngọt: Khai vị hoàn hảo, kích thích vị giác. 5️⃣ Trái cây tráng miệng: Tươi ngon theo mùa, chốt hạ bữa ăn trọn vẹn. 🥗 Horizon Coffee BBQ cam kết: Nguyên liệu tươi ngon, sạch sẽ, đảm bảo vệ sinh an toàn thực phẩm. Nêm nếm vừa miệng, không bột ngọt, an toàn cho sức khỏe. Không gian quán rộng rãi, thoáng mát, thư giãn. Nhanh tay rủ rê đồng nghiệp, bạn bè và người thân đến Horizon Coffee BBQ để tận hưởng bữa cơm nhà ấm cúng ngay thôi nào! 🥰 🏡 Horizon Coffee BBQ ⏰ Giờ mở cửa: 7:00 AM - 10:00 PM 📍 Địa chỉ: 31/6 Đường 3/4, Phường 3, Đà Lạt. 📞 Hotline đặt bàn/giao hàng: 0367255299 #HorizonCoffeeBBQ #ComNhaDaLat #ComTruaDaLat #ComNgonDaLat #59K #AmThucDaLat #DiTichDaLat #DaLatMustTry",,8,5.5,971214122167427,,,0,0,too_short
50a0552b271208c2fb1e9c205e9883af940a21c21d06695f146e767bfa47ba8d,dalat_002,facebook,post_seed,https://www.facebook.com/horizondalat,https://www.facebook.com/reel/1320336473358740,990425940161316,"ĂN CƠM NHÀ CHUẨN MẸ NẤU GIỮA LÒNG ĐÀ LẠT - CHỈ 59K/PHẦN! 😋 Trưa nay ăn gì? Chiều nay ăn gì? Đau đầu suy nghĩ thì ghé ngay Horizon Coffee BBQ thưởng thức mâm cơm nhà nóng hổi, ngon chuẩn vị mẹ nấu nhé! Chỉ với 59K, bạn sẽ có ngay một phần cơm SIÊU CHẤT LƯỢNG gồm 5 món, đầy đủ dinh dưỡng: 1️⃣ Món mặn đậm đà: Đưa cơm cực kỳ, thay đổi theo ngày để bạn không bị ngán. 2️⃣ Rau xào tươi xanh: Giòn ngọt, bổ sung vitamin thiết yếu. 3️⃣ Canh thanh mát: Giải nhiệt cơ thể, cân bằng khẩu vị. 4️⃣ Salad trộn chua ngọt: Khai vị hoàn hảo, kích thích vị giác. 5️⃣ Trái cây tráng miệng: Tươi ngon theo mùa, chốt hạ bữa ăn trọn vẹn. 🥗 Horizon Coffee BBQ cam kết: Nguyên liệu tươi ngon, sạch sẽ, đảm bảo vệ sinh an toàn thực phẩm. Nêm nếm vừa miệng, không bột ngọt, an toàn cho sức khỏe. Không gian quán rộng rãi, thoáng mát, thư giãn. Nhanh tay rủ rê đồng nghiệp, bạn bè và người thân đến Horizon Coffee BBQ để tận hưởng bữa cơm nhà ấm cúng ngay thôi nào! 🥰 🏡 Horizon Coffee BBQ ⏰ Giờ mở cửa: 7:00 AM - 10:00 PM 📍 Địa chỉ: 31/6 Đường 3/4, Phường 3, Đà Lạt. 📞 Hotline đặt bàn/giao hàng: 0367255299 #HorizonCoffeeBBQ #ComNhaDaLat #ComTruaDaLat #ComNgonDaLat #59K #AmThucDaLat #DiTichDaLat #DaLatMustTry",,8,5.5,1523124489517902,,,0,0,too_short
50a0a61c2b5f590038bf2dd746542fe4e00e9e93a4dcf399f4063a1f86f5f498,dalat_002,facebook,post_seed,https://www.facebook.com/horizondalat,https://www.facebook.com/reel/1320336473358740,990425940161316,"ĂN CƠM NHÀ CHUẨN MẸ NẤU GIỮA LÒNG ĐÀ LẠT - CHỈ 59K/PHẦN! 😋 Trưa nay ăn gì? Chiều nay ăn gì? Đau đầu suy nghĩ thì ghé ngay Horizon Coffee BBQ thưởng thức mâm cơm nhà nóng hổi, ngon chuẩn vị mẹ nấu nhé! Chỉ với 59K, bạn sẽ có ngay một phần cơm SIÊU CHẤT LƯỢNG gồm 5 món, đầy đủ dinh dưỡng: 1️⃣ Món mặn đậm đà: Đưa cơm cực kỳ, thay đổi theo ngày để bạn không bị ngán. 2️⃣ Rau xào tươi xanh: Giòn ngọt, bổ sung vitamin thiết yếu. 3️⃣ Canh thanh mát: Giải nhiệt cơ thể, cân bằng khẩu vị. 4️⃣ Salad trộn chua ngọt: Khai vị hoàn hảo, kích thích vị giác. 5️⃣ Trái cây tráng miệng: Tươi ngon theo mùa, chốt hạ bữa ăn trọn vẹn. 🥗 Horizon Coffee BBQ cam kết: Nguyên liệu tươi ngon, sạch sẽ, đảm bảo vệ sinh an toàn thực phẩm. Nêm nếm vừa miệng, không bột ngọt, an toàn cho sức khỏe. Không gian quán rộng rãi, thoáng mát, thư giãn. Nhanh tay rủ rê đồng nghiệp, bạn bè và người thân đến Horizon Coffee BBQ để tận hưởng bữa cơm nhà ấm cúng ngay thôi nào! 🥰 🏡 Horizon Coffee BBQ ⏰ Giờ mở cửa: 7:00 AM - 10:00 PM 📍 Địa chỉ: 31/6 Đường 3/4, Phường 3, Đà Lạt. 📞 Hotline đặt bàn/giao hàng: 0367255299 #HorizonCoffeeBBQ #ComNhaDaLat #ComTruaDaLat #ComNgonDaLat #59K #AmThucDaLat #DiTichDaLat #DaLatMustTry",,8,5.5,1512264000398665,,,0,0,no_review_signal
256ba3b25c3898f98b44de1a2e7458d9c53c30ffcf38838dac3f880c5db8817d,dalat_002,facebook,post_seed,https://www.facebook.com/horizondalat,https://www.facebook.com/reel/1320336473358740,990425940161316,"ĂN CƠM NHÀ CHUẨN MẸ NẤU GIỮA LÒNG ĐÀ LẠT - CHỈ 59K/PHẦN! 😋 Trưa nay ăn gì? Chiều nay ăn gì? Đau đầu suy nghĩ thì ghé ngay Horizon Coffee BBQ thưởng thức mâm cơm nhà nóng hổi, ngon chuẩn vị mẹ nấu nhé! Chỉ với 59K, bạn sẽ có ngay một phần cơm SIÊU CHẤT LƯỢNG gồm 5 món, đầy đủ dinh dưỡng: 1️⃣ Món mặn đậm đà: Đưa cơm cực kỳ, thay đổi theo ngày để bạn không bị ngán. 2️⃣ Rau xào tươi xanh: Giòn ngọt, bổ sung vitamin thiết yếu. 3️⃣ Canh thanh mát: Giải nhiệt cơ thể, cân bằng khẩu vị. 4️⃣ Salad trộn chua ngọt: Khai vị hoàn hảo, kích thích vị giác. 5️⃣ Trái cây tráng miệng: Tươi ngon theo mùa, chốt hạ bữa ăn trọn vẹn. 🥗 Horizon Coffee BBQ cam kết: Nguyên liệu tươi ngon, sạch sẽ, đảm bảo vệ sinh an toàn thực phẩm. Nêm nếm vừa miệng, không bột ngọt, an toàn cho sức khỏe. Không gian quán rộng rãi, thoáng mát, thư giãn. Nhanh tay rủ rê đồng nghiệp, bạn bè và người thân đến Horizon Coffee BBQ để tận hưởng bữa cơm nhà ấm cúng ngay thôi nào! 🥰 🏡 Horizon Coffee BBQ ⏰ Giờ mở cửa: 7:00 AM - 10:00 PM 📍 Địa chỉ: 31/6 Đường 3/4, Phường 3, Đà Lạt. 📞 Hotline đặt bàn/giao hàng: 0367255299 #HorizonCoffeeBBQ #ComNhaDaLat #ComTruaDaLat #ComNgonDaLat #59K #AmThucDaLat #DiTichDaLat #DaLatMustTry",,8,5.5,1695622641573517,,,0,0,too_short
ab82a7a34d9b8e9b9daff2e2dd0c0979429c3994fee226efc273ff4c0d55e116,dalat_002,facebook,post_seed,https://www.facebook.com/horizondalat,https://www.facebook.com/reel/1320336473358740,990425940161316,"ĂN CƠM NHÀ CHUẨN MẸ NẤU GIỮA LÒNG ĐÀ LẠT - CHỈ 59K/PHẦN! 😋 Trưa nay ăn gì? Chiều nay ăn gì? Đau đầu suy nghĩ thì ghé ngay Horizon Coffee BBQ thưởng thức mâm cơm nhà nóng hổi, ngon chuẩn vị mẹ nấu nhé! Chỉ với 59K, bạn sẽ có ngay một phần cơm SIÊU CHẤT LƯỢNG gồm 5 món, đầy đủ dinh dưỡng: 1️⃣ Món mặn đậm đà: Đưa cơm cực kỳ, thay đổi theo ngày để bạn không bị ngán. 2️⃣ Rau xào tươi xanh: Giòn ngọt, bổ sung vitamin thiết yếu. 3️⃣ Canh thanh mát: Giải nhiệt cơ thể, cân bằng khẩu vị. 4️⃣ Salad trộn chua ngọt: Khai vị hoàn hảo, kích thích vị giác. 5️⃣ Trái cây tráng miệng: Tươi ngon theo mùa, chốt hạ bữa ăn trọn vẹn. 🥗 Horizon Coffee BBQ cam kết: Nguyên liệu tươi ngon, sạch sẽ, đảm bảo vệ sinh an toàn thực phẩm. Nêm nếm vừa miệng, không bột ngọt, an toàn cho sức khỏe. Không gian quán rộng rãi, thoáng mát, thư giãn. Nhanh tay rủ rê đồng nghiệp, bạn bè và người thân đến Horizon Coffee BBQ để tận hưởng bữa cơm nhà ấm cúng ngay thôi nào! 🥰 🏡 Horizon Coffee BBQ ⏰ Giờ mở cửa: 7:00 AM - 10:00 PM 📍 Địa chỉ: 31/6 Đường 3/4, Phường 3, Đà Lạt. 📞 Hotline đặt bàn/giao hàng: 0367255299 #HorizonCoffeeBBQ #ComNhaDaLat #ComTruaDaLat #ComNgonDaLat #59K #AmThucDaLat #DiTichDaLat #DaLatMustTry",,8,5.5,2840399982960849,,,0,0,no_review_signal
acdb8aa505bea58c043ad9cdad2c02403386e919abd7acf1ea5a99ee634004f0,dalat_002,facebook,post_seed,https://www.facebook.com/horizondalat,https://www.facebook.com/reel/1320336473358740,990425940161316,"ĂN CƠM NHÀ CHUẨN MẸ NẤU GIỮA LÒNG ĐÀ LẠT - CHỈ 59K/PHẦN! 😋 Trưa nay ăn gì? Chiều nay ăn gì? Đau đầu suy nghĩ thì ghé ngay Horizon Coffee BBQ thưởng thức mâm cơm nhà nóng hổi, ngon chuẩn vị mẹ nấu nhé! Chỉ với 59K, bạn sẽ có ngay một phần cơm SIÊU CHẤT LƯỢNG gồm 5 món, đầy đủ dinh dưỡng: 1️⃣ Món mặn đậm đà: Đưa cơm cực kỳ, thay đổi theo ngày để bạn không bị ngán. 2️⃣ Rau xào tươi xanh: Giòn ngọt, bổ sung vitamin thiết yếu. 3️⃣ Canh thanh mát: Giải nhiệt cơ thể, cân bằng khẩu vị. 4️⃣ Salad trộn chua ngọt: Khai vị hoàn hảo, kích thích vị giác. 5️⃣ Trái cây tráng miệng: Tươi ngon theo mùa, chốt hạ bữa ăn trọn vẹn. 🥗 Horizon Coffee BBQ cam kết: Nguyên liệu tươi ngon, sạch sẽ, đảm bảo vệ sinh an toàn thực phẩm. Nêm nếm vừa miệng, không bột ngọt, an toàn cho sức khỏe. Không gian quán rộng rãi, thoáng mát, thư giãn. Nhanh tay rủ rê đồng nghiệp, bạn bè và người thân đến Horizon Coffee BBQ để tận hưởng bữa cơm nhà ấm cúng ngay thôi nào! 🥰 🏡 Horizon Coffee BBQ ⏰ Giờ mở cửa: 7:00 AM - 10:00 PM 📍 Địa chỉ: 31/6 Đường 3/4, Phường 3, Đà Lạt. 📞 Hotline đặt bàn/giao hàng: 0367255299 #HorizonCoffeeBBQ #ComNhaDaLat #ComTruaDaLat #ComNgonDaLat #59K #AmThucDaLat #DiTichDaLat #DaLatMustTry",,8,5.5,1523124489517902,,,0,1,no_review_signal
c15b654133854c9f4ccfd9dbd8eccb2976dffa0ad3dd512808c74f835cbaf0d5,dalat_002,facebook,direct_source,https://www.facebook.com/horizondalat/posts/-horizon-coffee-n%C6%A1i-m%C3%A0-bu%E1%BB%95i-s%C3%A1ng-c%E1%BB%A7a-b%E1%BA%A1n-b%E1%BA%AFt-%C4%91%E1%BA%A7u-b%E1%BA%B1ng-v%E1%BB%8B-ngon-view-%C4%91%E1%BA%B9p-v%C3%A0-khung-/773496768520902,https://www.facebook.com/horizondalat/posts/-horizon-coffee-n%C6%A1i-m%C3%A0-bu%E1%BB%95i-s%C3%A1ng-c%E1%BB%A7a-b%E1%BA%A1n-b%E1%BA%AFt-%C4%91%E1%BA%A7u-b%E1%BA%B1ng-v%E1%BB%8B-ngon-view-%C4%91%E1%BA%B9p-v%C3%A0-khung-/773496768520902,,Horizon Coffee – nơi mà buổi sáng của bạn bắt đầu bằng ...,,0,7.0,2575769782784241,,,4,0,greeting_or_page_reply
941374103afd8ff19d683edec02c5021cfb95e9a82ecb06cfaf61704a52433eb,dalat_002,facebook,direct_source,https://www.facebook.com/horizondalat/posts/-horizon-coffee-n%C6%A1i-m%C3%A0-bu%E1%BB%95i-s%C3%A1ng-c%E1%BB%A7a-b%E1%BA%A1n-b%E1%BA%AFt-%C4%91%E1%BA%A7u-b%E1%BA%B1ng-v%E1%BB%8B-ngon-view-%C4%91%E1%BA%B9p-v%C3%A0-khung-/773496768520902,https://www.facebook.com/horizondalat/posts/-horizon-coffee-n%C6%A1i-m%C3%A0-bu%E1%BB%95i-s%C3%A1ng-c%E1%BB%A7a-b%E1%BA%A1n-b%E1%BA%AFt-%C4%91%E1%BA%A7u-b%E1%BA%B1ng-v%E1%BB%8B-ngon-view-%C4%91%E1%BA%B9p-v%C3%A0-khung-/773496768520902,,Horizon Coffee – nơi mà buổi sáng của bạn bắt đầu bằng ...,,0,7.0,24170749075867331,,,10,0,greeting_or_page_reply
62d4ffa06a4af30a0e61748145ee0a3bbc9f5d280f3131c86defc6dc97f1ef56,dalat_002,facebook,direct_source,https://www.facebook.com/horizondalat/posts/-horizon-coffee-n%C6%A1i-m%C3%A0-bu%E1%BB%95i-s%C3%A1ng-c%E1%BB%A7a-b%E1%BA%A1n-b%E1%BA%AFt-%C4%91%E1%BA%A7u-b%E1%BA%B1ng-v%E1%BB%8B-ngon-view-%C4%91%E1%BA%B9p-v%C3%A0-khung-/773496768520902,https://www.facebook.com/horizondalat/posts/-horizon-coffee-n%C6%A1i-m%C3%A0-bu%E1%BB%95i-s%C3%A1ng-c%E1%BB%A7a-b%E1%BA%A1n-b%E1%BA%AFt-%C4%91%E1%BA%A7u-b%E1%BA%B1ng-v%E1%BB%8B-ngon-view-%C4%91%E1%BA%B9p-v%C3%A0-khung-/773496768520902,,Horizon Coffee – nơi mà buổi sáng của bạn bắt đầu bằng ...,,0,7.0,1455965292398534,,,5,0,empty_text
057e600752e0aa32464c5a3533a0dc18526e4d8729c22a8ddbb3bdba99ea64f1,dalat_002,facebook,direct_source,https://www.facebook.com/horizondalat/posts/-horizon-coffee-n%C6%A1i-m%C3%A0-bu%E1%BB%95i-s%C3%A1ng-c%E1%BB%A7a-b%E1%BA%A1n-b%E1%BA%AFt-%C4%91%E1%BA%A7u-b%E1%BA%B1ng-v%E1%BB%8B-ngon-view-%C4%91%E1%BA%B9p-v%C3%A0-khung-/773496768520902,https://www.facebook.com/horizondalat/posts/-horizon-coffee-n%C6%A1i-m%C3%A0-bu%E1%BB%95i-s%C3%A1ng-c%E1%BB%A7a-b%E1%BA%A1n-b%E1%BA%AFt-%C4%91%E1%BA%A7u-b%E1%BA%B1ng-v%E1%BB%8B-ngon-view-%C4%91%E1%BA%B9p-v%C3%A0-khung-/773496768520902,,Horizon Coffee – nơi mà buổi sáng của bạn bắt đầu bằng ...,,0,7.0,1737535416928485,,,3,0,empty_text
cb0b33fdd17f3c028801db17b2dea32b04fd2ca4a327d17f923a69e0898d0796,dalat_002,facebook,direct_source,https://www.facebook.com/horizondalat/posts/-horizon-coffee-n%C6%A1i-m%C3%A0-bu%E1%BB%95i-s%C3%A1ng-c%E1%BB%A7a-b%E1%BA%A1n-b%E1%BA%AFt-%C4%91%E1%BA%A7u-b%E1%BA%B1ng-v%E1%BB%8B-ngon-view-%C4%91%E1%BA%B9p-v%C3%A0-khung-/773496768520902,https://www.facebook.com/horizondalat/posts/-horizon-coffee-n%C6%A1i-m%C3%A0-bu%E1%BB%95i-s%C3%A1ng-c%E1%BB%A7a-b%E1%BA%A1n-b%E1%BA%AFt-%C4%91%E1%BA%A7u-b%E1%BA%B1ng-v%E1%BB%8B-ngon-view-%C4%91%E1%BA%B9p-v%C3%A0-khung-/773496768520902,,Horizon Coffee – nơi mà buổi sáng của bạn bắt đầu bằng ...,,0,7.0,3845260972401135,,,4,0,no_review_signal
1eb2adeecc0d8531822e69259daba251360a15ae7125ed8c2936415b32ddbb2b,dalat_002,facebook,direct_source,https://www.facebook.com/horizondalat/posts/-horizon-coffee-n%C6%A1i-m%C3%A0-bu%E1%BB%95i-s%C3%A1ng-c%E1%BB%A7a-b%E1%BA%A1n-b%E1%BA%AFt-%C4%91%E1%BA%A7u-b%E1%BA%B1ng-v%E1%BB%8B-ngon-view-%C4%91%E1%BA%B9p-v%C3%A0-khung-/773496768520902,https://www.facebook.com/horizondalat/posts/-horizon-coffee-n%C6%A1i-m%C3%A0-bu%E1%BB%95i-s%C3%A1ng-c%E1%BB%A7a-b%E1%BA%A1n-b%E1%BA%AFt-%C4%91%E1%BA%A7u-b%E1%BA%B1ng-v%E1%BB%8B-ngon-view-%C4%91%E1%BA%B9p-v%C3%A0-khung-/773496768520902,,Horizon Coffee – nơi mà buổi sáng của bạn bắt đầu bằng ...,,0,7.0,1634032174524020,,,2,0,junk_question_or_tag
9fed1850f1f7110f2818f137fc5477d5b5d45547ba97b3611989e0fd0662c731,dalat_002,facebook,direct_source,https://www.facebook.com/horizondalat/posts/-horizon-coffee-n%C6%A1i-m%C3%A0-bu%E1%BB%95i-s%C3%A1ng-c%E1%BB%A7a-b%E1%BA%A1n-b%E1%BA%AFt-%C4%91%E1%BA%A7u-b%E1%BA%B1ng-v%E1%BB%8B-ngon-view-%C4%91%E1%BA%B9p-v%C3%A0-khung-/773496768520902,https://www.facebook.com/horizondalat/posts/-horizon-coffee-n%C6%A1i-m%C3%A0-bu%E1%BB%95i-s%C3%A1ng-c%E1%BB%A7a-b%E1%BA%A1n-b%E1%BA%AFt-%C4%91%E1%BA%A7u-b%E1%BA%B1ng-v%E1%BB%8B-ngon-view-%C4%91%E1%BA%B9p-v%C3%A0-khung-/773496768520902,,Horizon Coffee – nơi mà buổi sáng của bạn bắt đầu bằng ...,,0,7.0,816279167813277,,,1,0,too_short
7f8421d9c3f6a0d277491e7e6b0f4a89b1ba6013633b1d8f64539464261a24ab,dalat_002,facebook,direct_source,https://www.facebook.com/horizondalat/posts/-horizon-coffee-n%C6%A1i-m%C3%A0-bu%E1%BB%95i-s%C3%A1ng-c%E1%BB%A7a-b%E1%BA%A1n-b%E1%BA%AFt-%C4%91%E1%BA%A7u-b%E1%BA%B1ng-v%E1%BB%8B-ngon-view-%C4%91%E1%BA%B9p-v%C3%A0-khung-/773496768520902,https://www.facebook.com/horizondalat/posts/-horizon-coffee-n%C6%A1i-m%C3%A0-bu%E1%BB%95i-s%C3%A1ng-c%E1%BB%A7a-b%E1%BA%A1n-b%E1%BA%AFt-%C4%91%E1%BA%A7u-b%E1%BA%B1ng-v%E1%BB%8B-ngon-view-%C4%91%E1%BA%B9p-v%C3%A0-khung-/773496768520902,,Horizon Coffee – nơi mà buổi sáng của bạn bắt đầu bằng ...,,0,7.0,26668786656111509,,,0,0,no_review_signal
d9b23c5130872e61b2d58f161dd6ac9ace058c6772599cf16690a117e1a7e3fd,dalat_002,facebook,direct_source,https://www.facebook.com/horizondalat/posts/-horizon-coffee-n%C6%A1i-m%C3%A0-bu%E1%BB%95i-s%C3%A1ng-c%E1%BB%A7a-b%E1%BA%A1n-b%E1%BA%AFt-%C4%91%E1%BA%A7u-b%E1%BA%B1ng-v%E1%BB%8B-ngon-view-%C4%91%E1%BA%B9p-v%C3%A0-khung-/773496768520902,https://www.facebook.com/horizondalat/posts/-horizon-coffee-n%C6%A1i-m%C3%A0-bu%E1%BB%95i-s%C3%A1ng-c%E1%BB%A7a-b%E1%BA%A1n-b%E1%BA%AFt-%C4%91%E1%BA%A7u-b%E1%BA%B1ng-v%E1%BB%8B-ngon-view-%C4%91%E1%BA%B9p-v%C3%A0-khung-/773496768520902,,Horizon Coffee – nơi mà buổi sáng của bạn bắt đầu bằng ...,,0,7.0,1088880423387673,,,0,0,
bfff35c6f59dd4df56f17e9874f6a5a06c23484de6c8dd204242a82f8fe61269,dalat_002,facebook,direct_source,https://www.facebook.com/horizondalat/posts/-horizon-coffee-n%C6%A1i-m%C3%A0-bu%E1%BB%95i-s%C3%A1ng-c%E1%BB%A7a-b%E1%BA%A1n-b%E1%BA%AFt-%C4%91%E1%BA%A7u-b%E1%BA%B1ng-v%E1%BB%8B-ngon-view-%C4%91%E1%BA%B9p-v%C3%A0-khung-/773496768520902,https://www.facebook.com/horizondalat/posts/-horizon-coffee-n%C6%A1i-m%C3%A0-bu%E1%BB%95i-s%C3%A1ng-c%E1%BB%A7a-b%E1%BA%A1n-b%E1%BA%AFt-%C4%91%E1%BA%A7u-b%E1%BA%B1ng-v%E1%BB%8B-ngon-view-%C4%91%E1%BA%B9p-v%C3%A0-khung-/773496768520902,,Horizon Coffee – nơi mà buổi sáng của bạn bắt đầu bằng ...,,0,7.0,1709991992988781,,,0,0,no_review_signal
11156132049cfdc4363e425d0242ab0d26dad46577f9ff3460c3f26f3b2bb775,dalat_002,facebook,direct_source,https://www.facebook.com/horizondalat/posts/-horizon-coffee-n%C6%A1i-m%C3%A0-bu%E1%BB%95i-s%C3%A1ng-c%E1%BB%A7a-b%E1%BA%A1n-b%E1%BA%AFt-%C4%91%E1%BA%A7u-b%E1%BA%B1ng-v%E1%BB%8B-ngon-view-%C4%91%E1%BA%B9p-v%C3%A0-khung-/773496768520902,https://www.facebook.com/horizondalat/posts/-horizon-coffee-n%C6%A1i-m%C3%A0-bu%E1%BB%95i-s%C3%A1ng-c%E1%BB%A7a-b%E1%BA%A1n-b%E1%BA%AFt-%C4%91%E1%BA%A7u-b%E1%BA%B1ng-v%E1%BB%8B-ngon-view-%C4%91%E1%BA%B9p-v%C3%A0-khung-/773496768520902,,Horizon Coffee – nơi mà buổi sáng của bạn bắt đầu bằng ...,,0,7.0,3845260972401135,,,0,1,no_review_signal
082484d7aafe747c3a69a15c2eb7cf0137042e425e1474353009a754f4d641fb,dalat_002,facebook,direct_source,https://www.facebook.com/horizondalat/posts/-horizon-coffee-n%C6%A1i-m%C3%A0-bu%E1%BB%95i-s%C3%A1ng-c%E1%BB%A7a-b%E1%BA%A1n-b%E1%BA%AFt-%C4%91%E1%BA%A7u-b%E1%BA%B1ng-v%E1%BB%8B-ngon-view-%C4%91%E1%BA%B9p-v%C3%A0-khung-/773496768520902,https://www.facebook.com/horizondalat/posts/-horizon-coffee-n%C6%A1i-m%C3%A0-bu%E1%BB%95i-s%C3%A1ng-c%E1%BB%A7a-b%E1%BA%A1n-b%E1%BA%AFt-%C4%91%E1%BA%A7u-b%E1%BA%B1ng-v%E1%BB%8B-ngon-view-%C4%91%E1%BA%B9p-v%C3%A0-khung-/773496768520902,,Horizon Coffee – nơi mà buổi sáng của bạn bắt đầu bằng ...,,0,7.0,666972272666138,,,0,0,
5034264bde669f1f468591a3f0b1be3957ee3e822be6a9c909c237c567ae02ac,dalat_002,facebook,direct_source,https://www.facebook.com/horizondalat/posts/-horizon-coffee-n%C6%A1i-m%C3%A0-bu%E1%BB%95i-s%C3%A1ng-c%E1%BB%A7a-b%E1%BA%A1n-b%E1%BA%AFt-%C4%91%E1%BA%A7u-b%E1%BA%B1ng-v%E1%BB%8B-ngon-view-%C4%91%E1%BA%B9p-v%C3%A0-khung-/773496768520902,https://www.facebook.com/horizondalat/posts/-horizon-coffee-n%C6%A1i-m%C3%A0-bu%E1%BB%95i-s%C3%A1ng-c%E1%BB%A7a-b%E1%BA%A1n-b%E1%BA%AFt-%C4%91%E1%BA%A7u-b%E1%BA%B1ng-v%E1%BB%8B-ngon-view-%C4%91%E1%BA%B9p-v%C3%A0-khung-/773496768520902,,Horizon Coffee – nơi mà buổi sáng của bạn bắt đầu bằng ...,,0,7.0,26609310562053593,,,0,0,too_short
2e04c74207be72519efa61afcce5bd5673dfe1cfbbd3f86f7edc1dc6efbb4a13,dalat_002,facebook,direct_source,https://www.facebook.com/horizondalat/posts/-horizon-coffee-n%C6%A1i-m%C3%A0-bu%E1%BB%95i-s%C3%A1ng-c%E1%BB%A7a-b%E1%BA%A1n-b%E1%BA%AFt-%C4%91%E1%BA%A7u-b%E1%BA%B1ng-v%E1%BB%8B-ngon-view-%C4%91%E1%BA%B9p-v%C3%A0-khung-/773496768520902,https://www.facebook.com/horizondalat/posts/-horizon-coffee-n%C6%A1i-m%C3%A0-bu%E1%BB%95i-s%C3%A1ng-c%E1%BB%A7a-b%E1%BA%A1n-b%E1%BA%AFt-%C4%91%E1%BA%A7u-b%E1%BA%B1ng-v%E1%BB%8B-ngon-view-%C4%91%E1%BA%B9p-v%C3%A0-khung-/773496768520902,,Horizon Coffee – nơi mà buổi sáng của bạn bắt đầu bằng ...,,0,7.0,1782186635995082,,,0,0,too_short
84c7d66c807562d59ea16ba7d3497fc1262b16a83a02d3f0d3965237f5ad2a98,dalat_002,facebook,direct_source,https://www.facebook.com/horizondalat/posts/-horizon-coffee-n%C6%A1i-m%C3%A0-bu%E1%BB%95i-s%C3%A1ng-c%E1%BB%A7a-b%E1%BA%A1n-b%E1%BA%AFt-%C4%91%E1%BA%A7u-b%E1%BA%B1ng-v%E1%BB%8B-ngon-view-%C4%91%E1%BA%B9p-v%C3%A0-khung-/773496768520902,https://www.facebook.com/horizondalat/posts/-horizon-coffee-n%C6%A1i-m%C3%A0-bu%E1%BB%95i-s%C3%A1ng-c%E1%BB%A7a-b%E1%BA%A1n-b%E1%BA%AFt-%C4%91%E1%BA%A7u-b%E1%BA%B1ng-v%E1%BB%8B-ngon-view-%C4%91%E1%BA%B9p-v%C3%A0-khung-/773496768520902,,Horizon Coffee – nơi mà buổi sáng của bạn bắt đầu bằng ...,,0,7.0,1877669909768476,,,0,0,
784e1481a33201a4167239582861ca39b7c8354dad1efb8d7784067ede4837b6,dalat_002,facebook,direct_source,https://www.facebook.com/horizondalat/posts/-horizon-coffee-n%C6%A1i-m%C3%A0-bu%E1%BB%95i-s%C3%A1ng-c%E1%BB%A7a-b%E1%BA%A1n-b%E1%BA%AFt-%C4%91%E1%BA%A7u-b%E1%BA%B1ng-v%E1%BB%8B-ngon-view-%C4%91%E1%BA%B9p-v%C3%A0-khung-/773496768520902,https://www.facebook.com/horizondalat/posts/-horizon-coffee-n%C6%A1i-m%C3%A0-bu%E1%BB%95i-s%C3%A1ng-c%E1%BB%A7a-b%E1%BA%A1n-b%E1%BA%AFt-%C4%91%E1%BA%A7u-b%E1%BA%B1ng-v%E1%BB%8B-ngon-view-%C4%91%E1%BA%B9p-v%C3%A0-khung-/773496768520902,,Horizon Coffee – nơi mà buổi sáng của bạn bắt đầu bằng ...,,0,7.0,1464134181477098,,,0,0,
a99c5319dff2294180b8e2cb03e98327b2ba4c54b2dcec0f1a901dd605c5a9b7,dalat_002,facebook,direct_source,https://www.facebook.com/horizondalat/posts/-horizon-coffee-n%C6%A1i-m%C3%A0-bu%E1%BB%95i-s%C3%A1ng-c%E1%BB%A7a-b%E1%BA%A1n-b%E1%BA%AFt-%C4%91%E1%BA%A7u-b%E1%BA%B1ng-v%E1%BB%8B-ngon-view-%C4%91%E1%BA%B9p-v%C3%A0-khung-/773496768520902,https://www.facebook.com/horizondalat/posts/-horizon-coffee-n%C6%A1i-m%C3%A0-bu%E1%BB%95i-s%C3%A1ng-c%E1%BB%A7a-b%E1%BA%A1n-b%E1%BA%AFt-%C4%91%E1%BA%A7u-b%E1%BA%B1ng-v%E1%BB%8B-ngon-view-%C4%91%E1%BA%B9p-v%C3%A0-khung-/773496768520902,,Horizon Coffee – nơi mà buổi sáng của bạn bắt đầu bằng ...,,0,7.0,741349995462525,,,0,0,junk_question_or_tag
3242ffea2ade759c515e364aebe57ddd3be4146894dda4633dc2bc8baba869cb,dalat_002,facebook,direct_source,https://www.facebook.com/horizondalat/posts/-horizon-coffee-n%C6%A1i-m%C3%A0-bu%E1%BB%95i-s%C3%A1ng-c%E1%BB%A7a-b%E1%BA%A1n-b%E1%BA%AFt-%C4%91%E1%BA%A7u-b%E1%BA%B1ng-v%E1%BB%8B-ngon-view-%C4%91%E1%BA%B9p-v%C3%A0-khung-/773496768520902,https://www.facebook.com/horizondalat/posts/-horizon-coffee-n%C6%A1i-m%C3%A0-bu%E1%BB%95i-s%C3%A1ng-c%E1%BB%A7a-b%E1%BA%A1n-b%E1%BA%AFt-%C4%91%E1%BA%A7u-b%E1%BA%B1ng-v%E1%BB%8B-ngon-view-%C4%91%E1%BA%B9p-v%C3%A0-khung-/773496768520902,,Horizon Coffee – nơi mà buổi sáng của bạn bắt đầu bằng ...,,0,7.0,664100416016646,,,1,0,no_review_signal
569ae382129f93e410c33104d19cfe5282d61d99f82791bdac7f7f1519a07b9e,dalat_002,facebook,direct_source,https://www.facebook.com/horizondalat/posts/-horizon-coffee-n%C6%A1i-m%C3%A0-bu%E1%BB%95i-s%C3%A1ng-c%E1%BB%A7a-b%E1%BA%A1n-b%E1%BA%AFt-%C4%91%E1%BA%A7u-b%E1%BA%B1ng-v%E1%BB%8B-ngon-view-%C4%91%E1%BA%B9p-v%C3%A0-khung-/773496768520902,https://www.facebook.com/horizondalat/posts/-horizon-coffee-n%C6%A1i-m%C3%A0-bu%E1%BB%95i-s%C3%A1ng-c%E1%BB%A7a-b%E1%BA%A1n-b%E1%BA%AFt-%C4%91%E1%BA%A7u-b%E1%BA%B1ng-v%E1%BB%8B-ngon-view-%C4%91%E1%BA%B9p-v%C3%A0-khung-/773496768520902,,Horizon Coffee – nơi mà buổi sáng của bạn bắt đầu bằng ...,,0,7.0,1142347407742361,,,1,0,no_review_signal
08bca84a5c9512ef2c609e1186b9c81e76a2a680a2896c3dee9388133c848237,dalat_002,facebook,direct_source,https://www.facebook.com/horizondalat/posts/-horizon-coffee-n%C6%A1i-m%C3%A0-bu%E1%BB%95i-s%C3%A1ng-c%E1%BB%A7a-b%E1%BA%A1n-b%E1%BA%AFt-%C4%91%E1%BA%A7u-b%E1%BA%B1ng-v%E1%BB%8B-ngon-view-%C4%91%E1%BA%B9p-v%C3%A0-khung-/773496768520902,https://www.facebook.com/horizondalat/posts/-horizon-coffee-n%C6%A1i-m%C3%A0-bu%E1%BB%95i-s%C3%A1ng-c%E1%BB%A7a-b%E1%BA%A1n-b%E1%BA%AFt-%C4%91%E1%BA%A7u-b%E1%BA%B1ng-v%E1%BB%8B-ngon-view-%C4%91%E1%BA%B9p-v%C3%A0-khung-/773496768520902,,Horizon Coffee – nơi mà buổi sáng của bạn bắt đầu bằng ...,,0,7.0,1283104282730007,,,0,0,no_review_signal
2b11f6a247986c87116927156b310761eaa4213983e3b8a512de0e6bb23573fc,dalat_002,facebook,direct_source,https://www.facebook.com/horizondalat/posts/-horizon-coffee-n%C6%A1i-m%C3%A0-bu%E1%BB%95i-s%C3%A1ng-c%E1%BB%A7a-b%E1%BA%A1n-b%E1%BA%AFt-%C4%91%E1%BA%A7u-b%E1%BA%B1ng-v%E1%BB%8B-ngon-view-%C4%91%E1%BA%B9p-v%C3%A0-khung-/773496768520902,https://www.facebook.com/horizondalat/posts/-horizon-coffee-n%C6%A1i-m%C3%A0-bu%E1%BB%95i-s%C3%A1ng-c%E1%BB%A7a-b%E1%BA%A1n-b%E1%BA%AFt-%C4%91%E1%BA%A7u-b%E1%BA%B1ng-v%E1%BB%8B-ngon-view-%C4%91%E1%BA%B9p-v%C3%A0-khung-/773496768520902,,Horizon Coffee – nơi mà buổi sáng của bạn bắt đầu bằng ...,,0,7.0,1620914535532996,,,0,0,no_review_signal
0d5d41bb14e1dbeda3e06aeb41a944d78f451318542ba30d91756f04979eaad8,dalat_002,facebook,direct_source,https://www.facebook.com/horizondalat/posts/-horizon-coffee-n%C6%A1i-m%C3%A0-bu%E1%BB%95i-s%C3%A1ng-c%E1%BB%A7a-b%E1%BA%A1n-b%E1%BA%AFt-%C4%91%E1%BA%A7u-b%E1%BA%B1ng-v%E1%BB%8B-ngon-view-%C4%91%E1%BA%B9p-v%C3%A0-khung-/773496768520902,https://www.facebook.com/horizondalat/posts/-horizon-coffee-n%C6%A1i-m%C3%A0-bu%E1%BB%95i-s%C3%A1ng-c%E1%BB%A7a-b%E1%BA%A1n-b%E1%BA%AFt-%C4%91%E1%BA%A7u-b%E1%BA%B1ng-v%E1%BB%8B-ngon-view-%C4%91%E1%BA%B9p-v%C3%A0-khung-/773496768520902,,Horizon Coffee – nơi mà buổi sáng của bạn bắt đầu bằng ...,,0,7.0,26668786656111509,,,0,1,greeting_or_page_reply
328761a3935d34e78c430f3511c4354da75306c73d388d041e934c81a5ce1cc6,dalat_002,facebook,direct_source,https://www.facebook.com/horizondalat/posts/-horizon-coffee-n%C6%A1i-m%C3%A0-bu%E1%BB%95i-s%C3%A1ng-c%E1%BB%A7a-b%E1%BA%A1n-b%E1%BA%AFt-%C4%91%E1%BA%A7u-b%E1%BA%B1ng-v%E1%BB%8B-ngon-view-%C4%91%E1%BA%B9p-v%C3%A0-khung-/773496768520902,https://www.facebook.com/horizondalat/posts/-horizon-coffee-n%C6%A1i-m%C3%A0-bu%E1%BB%95i-s%C3%A1ng-c%E1%BB%A7a-b%E1%BA%A1n-b%E1%BA%AFt-%C4%91%E1%BA%A7u-b%E1%BA%B1ng-v%E1%BB%8B-ngon-view-%C4%91%E1%BA%B9p-v%C3%A0-khung-/773496768520902,,Horizon Coffee – nơi mà buổi sáng của bạn bắt đầu bằng ...,,0,7.0,1634032174524020,,,0,1,no_review_signal
6d46b9cf5de46f6350c987e6b46aad691b77d889d0ced6fbe4ecee1a1bf80172,dalat_002,facebook,direct_source,https://www.facebook.com/horizondalat/posts/-horizon-coffee-n%C6%A1i-m%C3%A0-bu%E1%BB%95i-s%C3%A1ng-c%E1%BB%A7a-b%E1%BA%A1n-b%E1%BA%AFt-%C4%91%E1%BA%A7u-b%E1%BA%B1ng-v%E1%BB%8B-ngon-view-%C4%91%E1%BA%B9p-v%C3%A0-khung-/773496768520902,https://www.facebook.com/horizondalat/posts/-horizon-coffee-n%C6%A1i-m%C3%A0-bu%E1%BB%95i-s%C3%A1ng-c%E1%BB%A7a-b%E1%BA%A1n-b%E1%BA%AFt-%C4%91%E1%BA%A7u-b%E1%BA%B1ng-v%E1%BB%8B-ngon-view-%C4%91%E1%BA%B9p-v%C3%A0-khung-/773496768520902,,Horizon Coffee – nơi mà buổi sáng của bạn bắt đầu bằng ...,,0,7.0,1634032174524020,,,0,1,no_review_signal
8e33a29f0579241247240f65ad6836a5ea4b8deae90ba5779c3977f138b50022,dalat_002,facebook,direct_source,https://www.facebook.com/horizondalat/posts/-horizon-coffee-n%C6%A1i-m%C3%A0-bu%E1%BB%95i-s%C3%A1ng-c%E1%BB%A7a-b%E1%BA%A1n-b%E1%BA%AFt-%C4%91%E1%BA%A7u-b%E1%BA%B1ng-v%E1%BB%8B-ngon-view-%C4%91%E1%BA%B9p-v%C3%A0-khung-/773496768520902,https://www.facebook.com/horizondalat/posts/-horizon-coffee-n%C6%A1i-m%C3%A0-bu%E1%BB%95i-s%C3%A1ng-c%E1%BB%A7a-b%E1%BA%A1n-b%E1%BA%AFt-%C4%91%E1%BA%A7u-b%E1%BA%B1ng-v%E1%BB%8B-ngon-view-%C4%91%E1%BA%B9p-v%C3%A0-khung-/773496768520902,,Horizon Coffee – nơi mà buổi sáng của bạn bắt đầu bằng ...,,0,7.0,26609310562053593,,,0,1,greeting_or_page_reply
e0cd95405163e8f45076afcbe8a6a83d113f4bc9ef3d3b600b9e362597933d85,dalat_002,facebook,direct_source,https://www.facebook.com/horizondalat/posts/-horizon-coffee-n%C6%A1i-m%C3%A0-bu%E1%BB%95i-s%C3%A1ng-c%E1%BB%A7a-b%E1%BA%A1n-b%E1%BA%AFt-%C4%91%E1%BA%A7u-b%E1%BA%B1ng-v%E1%BB%8B-ngon-view-%C4%91%E1%BA%B9p-v%C3%A0-khung-/773496768520902,https://www.facebook.com/horizondalat/posts/-horizon-coffee-n%C6%A1i-m%C3%A0-bu%E1%BB%95i-s%C3%A1ng-c%E1%BB%A7a-b%E1%BA%A1n-b%E1%BA%AFt-%C4%91%E1%BA%A7u-b%E1%BA%B1ng-v%E1%BB%8B-ngon-view-%C4%91%E1%BA%B9p-v%C3%A0-khung-/773496768520902,,Horizon Coffee – nơi mà buổi sáng của bạn bắt đầu bằng ...,,0,7.0,1337560624390408,,,0,0,no_review_signal
e606e716fb824c0c28769e4d94ff97df5b597f3fd0b63f138e72ce3f3545bd8d,dalat_002,facebook,direct_source,https://www.facebook.com/horizondalat/posts/-horizon-coffee-n%C6%A1i-m%C3%A0-bu%E1%BB%95i-s%C3%A1ng-c%E1%BB%A7a-b%E1%BA%A1n-b%E1%BA%AFt-%C4%91%E1%BA%A7u-b%E1%BA%B1ng-v%E1%BB%8B-ngon-view-%C4%91%E1%BA%B9p-v%C3%A0-khung-/773496768520902,https://www.facebook.com/horizondalat/posts/-horizon-coffee-n%C6%A1i-m%C3%A0-bu%E1%BB%95i-s%C3%A1ng-c%E1%BB%A7a-b%E1%BA%A1n-b%E1%BA%AFt-%C4%91%E1%BA%A7u-b%E1%BA%B1ng-v%E1%BB%8B-ngon-view-%C4%91%E1%BA%B9p-v%C3%A0-khung-/773496768520902,,Horizon Coffee – nơi mà buổi sáng của bạn bắt đầu bằng ...,,0,7.0,1428157641729745,,,1,0,no_review_signal
842e24342808dfb6d769cc996b24721ef1800c1f205cc2e7fbc6a4f441c28c3a,dalat_002,facebook,direct_source,https://www.facebook.com/horizondalat/posts/-horizon-coffee-n%C6%A1i-m%C3%A0-bu%E1%BB%95i-s%C3%A1ng-c%E1%BB%A7a-b%E1%BA%A1n-b%E1%BA%AFt-%C4%91%E1%BA%A7u-b%E1%BA%B1ng-v%E1%BB%8B-ngon-view-%C4%91%E1%BA%B9p-v%C3%A0-khung-/773496768520902,https://www.facebook.com/horizondalat/posts/-horizon-coffee-n%C6%A1i-m%C3%A0-bu%E1%BB%95i-s%C3%A1ng-c%E1%BB%A7a-b%E1%BA%A1n-b%E1%BA%AFt-%C4%91%E1%BA%A7u-b%E1%BA%B1ng-v%E1%BB%8B-ngon-view-%C4%91%E1%BA%B9p-v%C3%A0-khung-/773496768520902,,Horizon Coffee – nơi mà buổi sáng của bạn bắt đầu bằng ...,,0,7.0,2026975871442281,,,0,0,
ddbf5e93e8f8dbd60440ce5378dc9d3dd43ce747ffffb522bac7fc6164353945,dalat_002,facebook,direct_source,https://www.facebook.com/horizondalat/posts/-horizon-coffee-n%C6%A1i-m%C3%A0-bu%E1%BB%95i-s%C3%A1ng-c%E1%BB%A7a-b%E1%BA%A1n-b%E1%BA%AFt-%C4%91%E1%BA%A7u-b%E1%BA%B1ng-v%E1%BB%8B-ngon-view-%C4%91%E1%BA%B9p-v%C3%A0-khung-/773496768520902,https://www.facebook.com/horizondalat/posts/-horizon-coffee-n%C6%A1i-m%C3%A0-bu%E1%BB%95i-s%C3%A1ng-c%E1%BB%A7a-b%E1%BA%A1n-b%E1%BA%AFt-%C4%91%E1%BA%A7u-b%E1%BA%B1ng-v%E1%BB%8B-ngon-view-%C4%91%E1%BA%B9p-v%C3%A0-khung-/773496768520902,,Horizon Coffee – nơi mà buổi sáng của bạn bắt đầu bằng ...,,0,7.0,857938369912638,,,0,0,too_short
99b03b6983995a92e4589fc2961ec8741d74cf84df0e4e92dcea7cc5617d2285,dalat_002,facebook,direct_source,https://www.facebook.com/horizondalat/posts/-horizon-coffee-n%C6%A1i-m%C3%A0-bu%E1%BB%95i-s%C3%A1ng-c%E1%BB%A7a-b%E1%BA%A1n-b%E1%BA%AFt-%C4%91%E1%BA%A7u-b%E1%BA%B1ng-v%E1%BB%8B-ngon-view-%C4%91%E1%BA%B9p-v%C3%A0-khung-/773496768520902,https://www.facebook.com/horizondalat/posts/-horizon-coffee-n%C6%A1i-m%C3%A0-bu%E1%BB%95i-s%C3%A1ng-c%E1%BB%A7a-b%E1%BA%A1n-b%E1%BA%AFt-%C4%91%E1%BA%A7u-b%E1%BA%B1ng-v%E1%BB%8B-ngon-view-%C4%91%E1%BA%B9p-v%C3%A0-khung-/773496768520902,,Horizon Coffee – nơi mà buổi sáng của bạn bắt đầu bằng ...,,0,7.0,4045165852420738,,,1,0,
9f0dc7a7144ff8f55b20b42d01ba5918abc8ca33ebfda867ed92783d96e84281,dalat_002,facebook,direct_source,https://www.facebook.com/horizondalat/posts/-horizon-coffee-n%C6%A1i-m%C3%A0-bu%E1%BB%95i-s%C3%A1ng-c%E1%BB%A7a-b%E1%BA%A1n-b%E1%BA%AFt-%C4%91%E1%BA%A7u-b%E1%BA%B1ng-v%E1%BB%8B-ngon-view-%C4%91%E1%BA%B9p-v%C3%A0-khung-/773496768520902,https://www.facebook.com/horizondalat/posts/-horizon-coffee-n%C6%A1i-m%C3%A0-bu%E1%BB%95i-s%C3%A1ng-c%E1%BB%A7a-b%E1%BA%A1n-b%E1%BA%AFt-%C4%91%E1%BA%A7u-b%E1%BA%B1ng-v%E1%BB%8B-ngon-view-%C4%91%E1%BA%B9p-v%C3%A0-khung-/773496768520902,,Horizon Coffee – nơi mà buổi sáng của bạn bắt đầu bằng ...,,0,7.0,1285394996563939,,,0,0,
bb6489ca0ae81c121c86bc5480635fa9396b8fd164b04bded5ccf027b9fbc164,dalat_002,facebook,direct_source,https://www.facebook.com/horizondalat/posts/-horizon-coffee-n%C6%A1i-m%C3%A0-bu%E1%BB%95i-s%C3%A1ng-c%E1%BB%A7a-b%E1%BA%A1n-b%E1%BA%AFt-%C4%91%E1%BA%A7u-b%E1%BA%B1ng-v%E1%BB%8B-ngon-view-%C4%91%E1%BA%B9p-v%C3%A0-khung-/773496768520902,https://www.facebook.com/horizondalat/posts/-horizon-coffee-n%C6%A1i-m%C3%A0-bu%E1%BB%95i-s%C3%A1ng-c%E1%BB%A7a-b%E1%BA%A1n-b%E1%BA%AFt-%C4%91%E1%BA%A7u-b%E1%BA%B1ng-v%E1%BB%8B-ngon-view-%C4%91%E1%BA%B9p-v%C3%A0-khung-/773496768520902,,Horizon Coffee – nơi mà buổi sáng của bạn bắt đầu bằng ...,,0,7.0,1318644056528284,,,0,0,too_short
9058be974d9f864c1268808cd632b99e0f2c4585695d0f5bc06861c5a46b810b,dalat_002,facebook,direct_source,https://www.facebook.com/horizondalat/posts/-horizon-coffee-n%C6%A1i-m%C3%A0-bu%E1%BB%95i-s%C3%A1ng-c%E1%BB%A7a-b%E1%BA%A1n-b%E1%BA%AFt-%C4%91%E1%BA%A7u-b%E1%BA%B1ng-v%E1%BB%8B-ngon-view-%C4%91%E1%BA%B9p-v%C3%A0-khung-/773496768520902,https://www.facebook.com/horizondalat/posts/-horizon-coffee-n%C6%A1i-m%C3%A0-bu%E1%BB%95i-s%C3%A1ng-c%E1%BB%A7a-b%E1%BA%A1n-b%E1%BA%AFt-%C4%91%E1%BA%A7u-b%E1%BA%B1ng-v%E1%BB%8B-ngon-view-%C4%91%E1%BA%B9p-v%C3%A0-khung-/773496768520902,,Horizon Coffee – nơi mà buổi sáng của bạn bắt đầu bằng ...,,0,7.0,1489957628801029,,,0,0,junk_question_or_tag
2ef244813af087fdecfaeae82874fe9e32c0ebb7b0374cbe90f53ccf5776172e,dalat_002,facebook,direct_source,https://www.facebook.com/horizondalat/posts/-horizon-coffee-n%C6%A1i-m%C3%A0-bu%E1%BB%95i-s%C3%A1ng-c%E1%BB%A7a-b%E1%BA%A1n-b%E1%BA%AFt-%C4%91%E1%BA%A7u-b%E1%BA%B1ng-v%E1%BB%8B-ngon-view-%C4%91%E1%BA%B9p-v%C3%A0-khung-/773496768520902,https://www.facebook.com/horizondalat/posts/-horizon-coffee-n%C6%A1i-m%C3%A0-bu%E1%BB%95i-s%C3%A1ng-c%E1%BB%A7a-b%E1%BA%A1n-b%E1%BA%AFt-%C4%91%E1%BA%A7u-b%E1%BA%B1ng-v%E1%BB%8B-ngon-view-%C4%91%E1%BA%B9p-v%C3%A0-khung-/773496768520902,,Horizon Coffee – nơi mà buổi sáng của bạn bắt đầu bằng ...,,0,7.0,3981124975366937,,,0,0,too_short
28d59d40ced05d52ffa4c6ab62c61832a7e96f3571cac23140eadf2f5618e764,dalat_002,facebook,direct_source,https://www.facebook.com/horizondalat/posts/-horizon-coffee-n%C6%A1i-m%C3%A0-bu%E1%BB%95i-s%C3%A1ng-c%E1%BB%A7a-b%E1%BA%A1n-b%E1%BA%AFt-%C4%91%E1%BA%A7u-b%E1%BA%B1ng-v%E1%BB%8B-ngon-view-%C4%91%E1%BA%B9p-v%C3%A0-khung-/773496768520902,https://www.facebook.com/horizondalat/posts/-horizon-coffee-n%C6%A1i-m%C3%A0-bu%E1%BB%95i-s%C3%A1ng-c%E1%BB%A7a-b%E1%BA%A1n-b%E1%BA%AFt-%C4%91%E1%BA%A7u-b%E1%BA%B1ng-v%E1%BB%8B-ngon-view-%C4%91%E1%BA%B9p-v%C3%A0-khung-/773496768520902,,Horizon Coffee – nơi mà buổi sáng của bạn bắt đầu bằng ...,,0,7.0,1278112883478239,,,0,0,too_short
2d56065f9ab39b01a0cfd8816339950a29443688d2d146d6943e46f4da3627ee,dalat_002,facebook,direct_source,https://www.facebook.com/horizondalat/posts/-horizon-coffee-n%C6%A1i-m%C3%A0-bu%E1%BB%95i-s%C3%A1ng-c%E1%BB%A7a-b%E1%BA%A1n-b%E1%BA%AFt-%C4%91%E1%BA%A7u-b%E1%BA%B1ng-v%E1%BB%8B-ngon-view-%C4%91%E1%BA%B9p-v%C3%A0-khung-/773496768520902,https://www.facebook.com/horizondalat/posts/-horizon-coffee-n%C6%A1i-m%C3%A0-bu%E1%BB%95i-s%C3%A1ng-c%E1%BB%A7a-b%E1%BA%A1n-b%E1%BA%AFt-%C4%91%E1%BA%A7u-b%E1%BA%B1ng-v%E1%BB%8B-ngon-view-%C4%91%E1%BA%B9p-v%C3%A0-khung-/773496768520902,,Horizon Coffee – nơi mà buổi sáng của bạn bắt đầu bằng ...,,0,7.0,1142347407742361,,,3,1,no_review_signal
a0be25ed0211a8c86f3ae15a850d965aaa73841826343f1f84e61e0006d1cfbe,dalat_002,facebook,direct_source,https://www.facebook.com/horizondalat/posts/-horizon-coffee-n%C6%A1i-m%C3%A0-bu%E1%BB%95i-s%C3%A1ng-c%E1%BB%A7a-b%E1%BA%A1n-b%E1%BA%AFt-%C4%91%E1%BA%A7u-b%E1%BA%B1ng-v%E1%BB%8B-ngon-view-%C4%91%E1%BA%B9p-v%C3%A0-khung-/773496768520902,https://www.facebook.com/horizondalat/posts/-horizon-coffee-n%C6%A1i-m%C3%A0-bu%E1%BB%95i-s%C3%A1ng-c%E1%BB%A7a-b%E1%BA%A1n-b%E1%BA%AFt-%C4%91%E1%BA%A7u-b%E1%BA%B1ng-v%E1%BB%8B-ngon-view-%C4%91%E1%BA%B9p-v%C3%A0-khung-/773496768520902,,Horizon Coffee – nơi mà buổi sáng của bạn bắt đầu bằng ...,,0,7.0,1142347407742361,,,0,2,no_review_signal
2da0f4afccff02e0bb709740e62b3dde00c3d4bc4ed5a275c5286ad09aab0fbb,dalat_002,facebook,direct_source,https://www.facebook.com/horizondalat/posts/-horizon-coffee-n%C6%A1i-m%C3%A0-bu%E1%BB%95i-s%C3%A1ng-c%E1%BB%A7a-b%E1%BA%A1n-b%E1%BA%AFt-%C4%91%E1%BA%A7u-b%E1%BA%B1ng-v%E1%BB%8B-ngon-view-%C4%91%E1%BA%B9p-v%C3%A0-khung-/773496768520902,https://www.facebook.com/horizondalat/posts/-horizon-coffee-n%C6%A1i-m%C3%A0-bu%E1%BB%95i-s%C3%A1ng-c%E1%BB%A7a-b%E1%BA%A1n-b%E1%BA%AFt-%C4%91%E1%BA%A7u-b%E1%BA%B1ng-v%E1%BB%8B-ngon-view-%C4%91%E1%BA%B9p-v%C3%A0-khung-/773496768520902,,Horizon Coffee – nơi mà buổi sáng của bạn bắt đầu bằng ...,,0,7.0,1782186635995082,,,0,1,no_review_signal
cec6e9db15fa0a56b4cb843d4688244dd7b85643d4b0b8464953cfb5c8b470b4,dalat_002,facebook,direct_source,https://www.facebook.com/horizondalat/posts/-horizon-coffee-n%C6%A1i-m%C3%A0-bu%E1%BB%95i-s%C3%A1ng-c%E1%BB%A7a-b%E1%BA%A1n-b%E1%BA%AFt-%C4%91%E1%BA%A7u-b%E1%BA%B1ng-v%E1%BB%8B-ngon-view-%C4%91%E1%BA%B9p-v%C3%A0-khung-/773496768520902,https://www.facebook.com/horizondalat/posts/-horizon-coffee-n%C6%A1i-m%C3%A0-bu%E1%BB%95i-s%C3%A1ng-c%E1%BB%A7a-b%E1%BA%A1n-b%E1%BA%AFt-%C4%91%E1%BA%A7u-b%E1%BA%B1ng-v%E1%BB%8B-ngon-view-%C4%91%E1%BA%B9p-v%C3%A0-khung-/773496768520902,,Horizon Coffee – nơi mà buổi sáng của bạn bắt đầu bằng ...,,0,7.0,1168911478450103,,,0,0,no_review_signal
0001ec113c396f0be668cd774acb8163798833b3dbcd09787bd3411e5e2776ef,dalat_002,facebook,direct_source,https://www.facebook.com/horizondalat/posts/-horizon-coffee-n%C6%A1i-m%C3%A0-bu%E1%BB%95i-s%C3%A1ng-c%E1%BB%A7a-b%E1%BA%A1n-b%E1%BA%AFt-%C4%91%E1%BA%A7u-b%E1%BA%B1ng-v%E1%BB%8B-ngon-view-%C4%91%E1%BA%B9p-v%C3%A0-khung-/773496768520902,https://www.facebook.com/horizondalat/posts/-horizon-coffee-n%C6%A1i-m%C3%A0-bu%E1%BB%95i-s%C3%A1ng-c%E1%BB%A7a-b%E1%BA%A1n-b%E1%BA%AFt-%C4%91%E1%BA%A7u-b%E1%BA%B1ng-v%E1%BB%8B-ngon-view-%C4%91%E1%BA%B9p-v%C3%A0-khung-/773496768520902,,Horizon Coffee – nơi mà buổi sáng của bạn bắt đầu bằng ...,,0,7.0,1488808099134666,,,0,0,no_review_signal
8e0b1d819bab5685d6e2c792eea41ec7b662d49bd6d6a54a3da3a1d2f90b9809,dalat_002,facebook,direct_source,https://www.facebook.com/horizondalat/posts/-horizon-coffee-n%C6%A1i-m%C3%A0-bu%E1%BB%95i-s%C3%A1ng-c%E1%BB%A7a-b%E1%BA%A1n-b%E1%BA%AFt-%C4%91%E1%BA%A7u-b%E1%BA%B1ng-v%E1%BB%8B-ngon-view-%C4%91%E1%BA%B9p-v%C3%A0-khung-/773496768520902,https://www.facebook.com/horizondalat/posts/-horizon-coffee-n%C6%A1i-m%C3%A0-bu%E1%BB%95i-s%C3%A1ng-c%E1%BB%A7a-b%E1%BA%A1n-b%E1%BA%AFt-%C4%91%E1%BA%A7u-b%E1%BA%B1ng-v%E1%BB%8B-ngon-view-%C4%91%E1%BA%B9p-v%C3%A0-khung-/773496768520902,,Horizon Coffee – nơi mà buổi sáng của bạn bắt đầu bằng ...,,0,7.0,1034942375184206,,,0,0,too_short
08d5318b210b399eef593dffca756e5a102a0ee086b0b4f8146050a6ef7c6ad9,dalat_002,facebook,direct_source,https://www.facebook.com/horizondalat/posts/-horizon-coffee-n%C6%A1i-m%C3%A0-bu%E1%BB%95i-s%C3%A1ng-c%E1%BB%A7a-b%E1%BA%A1n-b%E1%BA%AFt-%C4%91%E1%BA%A7u-b%E1%BA%B1ng-v%E1%BB%8B-ngon-view-%C4%91%E1%BA%B9p-v%C3%A0-khung-/773496768520902,https://www.facebook.com/horizondalat/posts/-horizon-coffee-n%C6%A1i-m%C3%A0-bu%E1%BB%95i-s%C3%A1ng-c%E1%BB%A7a-b%E1%BA%A1n-b%E1%BA%AFt-%C4%91%E1%BA%A7u-b%E1%BA%B1ng-v%E1%BB%8B-ngon-view-%C4%91%E1%BA%B9p-v%C3%A0-khung-/773496768520902,,Horizon Coffee – nơi mà buổi sáng của bạn bắt đầu bằng ...,,0,7.0,762456393332441,,,0,0,too_short
52f282221a4e4a3437d8c4fe54ff9ced83114c4855c93970dcacc6930aae7b9b,dalat_002,facebook,direct_source,https://www.facebook.com/horizondalat/posts/-horizon-coffee-n%C6%A1i-m%C3%A0-bu%E1%BB%95i-s%C3%A1ng-c%E1%BB%A7a-b%E1%BA%A1n-b%E1%BA%AFt-%C4%91%E1%BA%A7u-b%E1%BA%B1ng-v%E1%BB%8B-ngon-view-%C4%91%E1%BA%B9p-v%C3%A0-khung-/773496768520902,https://www.facebook.com/horizondalat/posts/-horizon-coffee-n%C6%A1i-m%C3%A0-bu%E1%BB%95i-s%C3%A1ng-c%E1%BB%A7a-b%E1%BA%A1n-b%E1%BA%AFt-%C4%91%E1%BA%A7u-b%E1%BA%B1ng-v%E1%BB%8B-ngon-view-%C4%91%E1%BA%B9p-v%C3%A0-khung-/773496768520902,,Horizon Coffee – nơi mà buổi sáng của bạn bắt đầu bằng ...,,0,7.0,1420698298986178,,,1,0,too_short
76ea046d53ea5b5304033703f20e465b96ec30c12d4cf00b97e2d1752ef75255,dalat_002,facebook,direct_source,https://www.facebook.com/horizondalat/posts/-horizon-coffee-n%C6%A1i-m%C3%A0-bu%E1%BB%95i-s%C3%A1ng-c%E1%BB%A7a-b%E1%BA%A1n-b%E1%BA%AFt-%C4%91%E1%BA%A7u-b%E1%BA%B1ng-v%E1%BB%8B-ngon-view-%C4%91%E1%BA%B9p-v%C3%A0-khung-/773496768520902,https://www.facebook.com/horizondalat/posts/-horizon-coffee-n%C6%A1i-m%C3%A0-bu%E1%BB%95i-s%C3%A1ng-c%E1%BB%A7a-b%E1%BA%A1n-b%E1%BA%AFt-%C4%91%E1%BA%A7u-b%E1%BA%B1ng-v%E1%BB%8B-ngon-view-%C4%91%E1%BA%B9p-v%C3%A0-khung-/773496768520902,,Horizon Coffee – nơi mà buổi sáng của bạn bắt đầu bằng ...,,0,7.0,1096364639364300,,,0,0,too_short
c13e2ac46772fca96364e6c1bdba6d94e33d410cc6a7d439a30b2170299b9d16,dalat_002,facebook,direct_source,https://www.facebook.com/horizondalat/posts/-horizon-coffee-n%C6%A1i-m%C3%A0-bu%E1%BB%95i-s%C3%A1ng-c%E1%BB%A7a-b%E1%BA%A1n-b%E1%BA%AFt-%C4%91%E1%BA%A7u-b%E1%BA%B1ng-v%E1%BB%8B-ngon-view-%C4%91%E1%BA%B9p-v%C3%A0-khung-/773496768520902,https://www.facebook.com/horizondalat/posts/-horizon-coffee-n%C6%A1i-m%C3%A0-bu%E1%BB%95i-s%C3%A1ng-c%E1%BB%A7a-b%E1%BA%A1n-b%E1%BA%AFt-%C4%91%E1%BA%A7u-b%E1%BA%B1ng-v%E1%BB%8B-ngon-view-%C4%91%E1%BA%B9p-v%C3%A0-khung-/773496768520902,,Horizon Coffee – nơi mà buổi sáng của bạn bắt đầu bằng ...,,0,7.0,24619518831014072,,,0,0,too_short
dc243861d91e83f6c8b322d3b10bdd1919b6ed5c1c974b914e0ce46ae6904399,dalat_002,facebook,direct_source,https://www.facebook.com/horizondalat/posts/-horizon-coffee-n%C6%A1i-m%C3%A0-bu%E1%BB%95i-s%C3%A1ng-c%E1%BB%A7a-b%E1%BA%A1n-b%E1%BA%AFt-%C4%91%E1%BA%A7u-b%E1%BA%B1ng-v%E1%BB%8B-ngon-view-%C4%91%E1%BA%B9p-v%C3%A0-khung-/773496768520902,https://www.facebook.com/horizondalat/posts/-horizon-coffee-n%C6%A1i-m%C3%A0-bu%E1%BB%95i-s%C3%A1ng-c%E1%BB%A7a-b%E1%BA%A1n-b%E1%BA%AFt-%C4%91%E1%BA%A7u-b%E1%BA%B1ng-v%E1%BB%8B-ngon-view-%C4%91%E1%BA%B9p-v%C3%A0-khung-/773496768520902,,Horizon Coffee – nơi mà buổi sáng của bạn bắt đầu bằng ...,,0,7.0,800877805839812,,,0,0,too_short
8887967e564bc7c9b8c4f4cb03736612dd52b4d92131955bd48e10c6d27bcb17,dalat_002,facebook,direct_source,https://www.facebook.com/horizondalat/posts/-horizon-coffee-n%C6%A1i-m%C3%A0-bu%E1%BB%95i-s%C3%A1ng-c%E1%BB%A7a-b%E1%BA%A1n-b%E1%BA%AFt-%C4%91%E1%BA%A7u-b%E1%BA%B1ng-v%E1%BB%8B-ngon-view-%C4%91%E1%BA%B9p-v%C3%A0-khung-/773496768520902,https://www.facebook.com/horizondalat/posts/-horizon-coffee-n%C6%A1i-m%C3%A0-bu%E1%BB%95i-s%C3%A1ng-c%E1%BB%A7a-b%E1%BA%A1n-b%E1%BA%AFt-%C4%91%E1%BA%A7u-b%E1%BA%B1ng-v%E1%BB%8B-ngon-view-%C4%91%E1%BA%B9p-v%C3%A0-khung-/773496768520902,,Horizon Coffee – nơi mà buổi sáng của bạn bắt đầu bằng ...,,0,7.0,2266580573758937,,,13,0,
5aa97c6671375fadffda91190d3b891311a20deacc9e87f883194fae62e7ff51,dalat_002,facebook,direct_source,https://www.facebook.com/horizondalat/posts/-horizon-coffee-n%C6%A1i-m%C3%A0-bu%E1%BB%95i-s%C3%A1ng-c%E1%BB%A7a-b%E1%BA%A1n-b%E1%BA%AFt-%C4%91%E1%BA%A7u-b%E1%BA%B1ng-v%E1%BB%8B-ngon-view-%C4%91%E1%BA%B9p-v%C3%A0-khung-/773496768520902,https://www.facebook.com/horizondalat/posts/-horizon-coffee-n%C6%A1i-m%C3%A0-bu%E1%BB%95i-s%C3%A1ng-c%E1%BB%A7a-b%E1%BA%A1n-b%E1%BA%AFt-%C4%91%E1%BA%A7u-b%E1%BA%B1ng-v%E1%BB%8B-ngon-view-%C4%91%E1%BA%B9p-v%C3%A0-khung-/773496768520902,,Horizon Coffee – nơi mà buổi sáng của bạn bắt đầu bằng ...,,0,7.0,1175061994431734,,,0,0,no_review_signal
5955c52a5e589160b22948ba6e878abeefd171ab02ae538e0bee280f038281b4,dalat_002,facebook,direct_source,https://www.facebook.com/horizondalat/posts/-horizon-coffee-n%C6%A1i-m%C3%A0-bu%E1%BB%95i-s%C3%A1ng-c%E1%BB%A7a-b%E1%BA%A1n-b%E1%BA%AFt-%C4%91%E1%BA%A7u-b%E1%BA%B1ng-v%E1%BB%8B-ngon-view-%C4%91%E1%BA%B9p-v%C3%A0-khung-/773496768520902,https://www.facebook.com/horizondalat/posts/-horizon-coffee-n%C6%A1i-m%C3%A0-bu%E1%BB%95i-s%C3%A1ng-c%E1%BB%A7a-b%E1%BA%A1n-b%E1%BA%AFt-%C4%91%E1%BA%A7u-b%E1%BA%B1ng-v%E1%BB%8B-ngon-view-%C4%91%E1%BA%B9p-v%C3%A0-khung-/773496768520902,,Horizon Coffee – nơi mà buổi sáng của bạn bắt đầu bằng ...,,0,7.0,857938369912638,,,0,1,greeting_or_page_reply
d46d39abc8601a97a3e9d3d9b715f0754b229c7717107ba90a5a4b1544f349f0,dalat_002,facebook,direct_source,https://www.facebook.com/horizondalat/posts/-horizon-coffee-n%C6%A1i-m%C3%A0-bu%E1%BB%95i-s%C3%A1ng-c%E1%BB%A7a-b%E1%BA%A1n-b%E1%BA%AFt-%C4%91%E1%BA%A7u-b%E1%BA%B1ng-v%E1%BB%8B-ngon-view-%C4%91%E1%BA%B9p-v%C3%A0-khung-/773496768520902,https://www.facebook.com/horizondalat/posts/-horizon-coffee-n%C6%A1i-m%C3%A0-bu%E1%BB%95i-s%C3%A1ng-c%E1%BB%A7a-b%E1%BA%A1n-b%E1%BA%AFt-%C4%91%E1%BA%A7u-b%E1%BA%B1ng-v%E1%BB%8B-ngon-view-%C4%91%E1%BA%B9p-v%C3%A0-khung-/773496768520902,,Horizon Coffee – nơi mà buổi sáng của bạn bắt đầu bằng ...,,0,7.0,1168911478450103,,,1,1,no_review_signal
7bf52ddf1d0b1620aa994e77aa86ffe0fed2abb7318683cb2d3df3fad10d0e6e,dalat_002,facebook,direct_source,https://www.facebook.com/horizondalat/posts/-horizon-coffee-n%C6%A1i-m%C3%A0-bu%E1%BB%95i-s%C3%A1ng-c%E1%BB%A7a-b%E1%BA%A1n-b%E1%BA%AFt-%C4%91%E1%BA%A7u-b%E1%BA%B1ng-v%E1%BB%8B-ngon-view-%C4%91%E1%BA%B9p-v%C3%A0-khung-/773496768520902,https://www.facebook.com/horizondalat/posts/-horizon-coffee-n%C6%A1i-m%C3%A0-bu%E1%BB%95i-s%C3%A1ng-c%E1%BB%A7a-b%E1%BA%A1n-b%E1%BA%AFt-%C4%91%E1%BA%A7u-b%E1%BA%B1ng-v%E1%BB%8B-ngon-view-%C4%91%E1%BA%B9p-v%C3%A0-khung-/773496768520902,,Horizon Coffee – nơi mà buổi sáng của bạn bắt đầu bằng ...,,0,7.0,1175061994431734,,,0,1,no_review_signal
38762f5e7a2ecd32af2b8e0a019c2c265331728922112e13126dafb4a0e04cfd,dalat_002,facebook,direct_source,https://www.facebook.com/horizondalat/posts/-horizon-coffee-n%C6%A1i-m%C3%A0-bu%E1%BB%95i-s%C3%A1ng-c%E1%BB%A7a-b%E1%BA%A1n-b%E1%BA%AFt-%C4%91%E1%BA%A7u-b%E1%BA%B1ng-v%E1%BB%8B-ngon-view-%C4%91%E1%BA%B9p-v%C3%A0-khung-/773496768520902,https://www.facebook.com/horizondalat/posts/-horizon-coffee-n%C6%A1i-m%C3%A0-bu%E1%BB%95i-s%C3%A1ng-c%E1%BB%A7a-b%E1%BA%A1n-b%E1%BA%AFt-%C4%91%E1%BA%A7u-b%E1%BA%B1ng-v%E1%BB%8B-ngon-view-%C4%91%E1%BA%B9p-v%C3%A0-khung-/773496768520902,,Horizon Coffee – nơi mà buổi sáng của bạn bắt đầu bằng ...,,0,7.0,1313873660519512,,,0,0,no_review_signal
fd62a6c1d6ee434cbbdb5e34d58fc0a957b61f961a9e75175a74d7d22181e47e,dalat_002,facebook,direct_source,https://www.facebook.com/horizondalat/posts/-horizon-coffee-n%C6%A1i-m%C3%A0-bu%E1%BB%95i-s%C3%A1ng-c%E1%BB%A7a-b%E1%BA%A1n-b%E1%BA%AFt-%C4%91%E1%BA%A7u-b%E1%BA%B1ng-v%E1%BB%8B-ngon-view-%C4%91%E1%BA%B9p-v%C3%A0-khung-/773496768520902,https://www.facebook.com/horizondalat/posts/-horizon-coffee-n%C6%A1i-m%C3%A0-bu%E1%BB%95i-s%C3%A1ng-c%E1%BB%A7a-b%E1%BA%A1n-b%E1%BA%AFt-%C4%91%E1%BA%A7u-b%E1%BA%B1ng-v%E1%BB%8B-ngon-view-%C4%91%E1%BA%B9p-v%C3%A0-khung-/773496768520902,,Horizon Coffee – nơi mà buổi sáng của bạn bắt đầu bằng ...,,0,7.0,1293855898947409,,,0,0,
e2c337620ee74c9036aa98d102fdf404a2128208ac58783ae46789d9626f55fd,dalat_002,facebook,direct_source,https://www.facebook.com/horizondalat/posts/-horizon-coffee-n%C6%A1i-m%C3%A0-bu%E1%BB%95i-s%C3%A1ng-c%E1%BB%A7a-b%E1%BA%A1n-b%E1%BA%AFt-%C4%91%E1%BA%A7u-b%E1%BA%B1ng-v%E1%BB%8B-ngon-view-%C4%91%E1%BA%B9p-v%C3%A0-khung-/773496768520902,https://www.facebook.com/horizondalat/posts/-horizon-coffee-n%C6%A1i-m%C3%A0-bu%E1%BB%95i-s%C3%A1ng-c%E1%BB%A7a-b%E1%BA%A1n-b%E1%BA%AFt-%C4%91%E1%BA%A7u-b%E1%BA%B1ng-v%E1%BB%8B-ngon-view-%C4%91%E1%BA%B9p-v%C3%A0-khung-/773496768520902,,Horizon Coffee – nơi mà buổi sáng của bạn bắt đầu bằng ...,,0,7.0,795432336408544,,,0,0,no_review_signal
3291f25a45a69f3ed0856fe548eeeb492e6e6494ff7c2a8b4fbbc95df2a357a2,dalat_002,facebook,direct_source,https://www.facebook.com/horizondalat/posts/-horizon-coffee-n%C6%A1i-m%C3%A0-bu%E1%BB%95i-s%C3%A1ng-c%E1%BB%A7a-b%E1%BA%A1n-b%E1%BA%AFt-%C4%91%E1%BA%A7u-b%E1%BA%B1ng-v%E1%BB%8B-ngon-view-%C4%91%E1%BA%B9p-v%C3%A0-khung-/773496768520902,https://www.facebook.com/horizondalat/posts/-horizon-coffee-n%C6%A1i-m%C3%A0-bu%E1%BB%95i-s%C3%A1ng-c%E1%BB%A7a-b%E1%BA%A1n-b%E1%BA%AFt-%C4%91%E1%BA%A7u-b%E1%BA%B1ng-v%E1%BB%8B-ngon-view-%C4%91%E1%BA%B9p-v%C3%A0-khung-/773496768520902,,Horizon Coffee – nơi mà buổi sáng của bạn bắt đầu bằng ...,,0,7.0,1318709326454788,,,0,0,no_review_signal
1be04608f2a2cb0e980f64ebae7f5856ae00698987430b6519136a4d606d21cc,dalat_002,facebook,direct_source,https://www.facebook.com/horizondalat/posts/-horizon-coffee-n%C6%A1i-m%C3%A0-bu%E1%BB%95i-s%C3%A1ng-c%E1%BB%A7a-b%E1%BA%A1n-b%E1%BA%AFt-%C4%91%E1%BA%A7u-b%E1%BA%B1ng-v%E1%BB%8B-ngon-view-%C4%91%E1%BA%B9p-v%C3%A0-khung-/773496768520902,https://www.facebook.com/horizondalat/posts/-horizon-coffee-n%C6%A1i-m%C3%A0-bu%E1%BB%95i-s%C3%A1ng-c%E1%BB%A7a-b%E1%BA%A1n-b%E1%BA%AFt-%C4%91%E1%BA%A7u-b%E1%BA%B1ng-v%E1%BB%8B-ngon-view-%C4%91%E1%BA%B9p-v%C3%A0-khung-/773496768520902,,Horizon Coffee – nơi mà buổi sáng của bạn bắt đầu bằng ...,,0,7.0,1411340733310909,,,1,0,
2008dcdb1cdc29370cd9987ffc8f4c780782260eecdcf7a1a8a2de11143a2eff,dalat_002,facebook,direct_source,https://www.facebook.com/horizondalat/posts/-horizon-coffee-n%C6%A1i-m%C3%A0-bu%E1%BB%95i-s%C3%A1ng-c%E1%BB%A7a-b%E1%BA%A1n-b%E1%BA%AFt-%C4%91%E1%BA%A7u-b%E1%BA%B1ng-v%E1%BB%8B-ngon-view-%C4%91%E1%BA%B9p-v%C3%A0-khung-/773496768520902,https://www.facebook.com/horizondalat/posts/-horizon-coffee-n%C6%A1i-m%C3%A0-bu%E1%BB%95i-s%C3%A1ng-c%E1%BB%A7a-b%E1%BA%A1n-b%E1%BA%AFt-%C4%91%E1%BA%A7u-b%E1%BA%B1ng-v%E1%BB%8B-ngon-view-%C4%91%E1%BA%B9p-v%C3%A0-khung-/773496768520902,,Horizon Coffee – nơi mà buổi sáng của bạn bắt đầu bằng ...,,0,7.0,1087557330219075,,,0,0,
a9b8ee2a89322467673a0567ac079b79d763daf74bf5e52297b78d754684b16f,dalat_002,facebook,direct_source,https://www.facebook.com/horizondalat/posts/-horizon-coffee-n%C6%A1i-m%C3%A0-bu%E1%BB%95i-s%C3%A1ng-c%E1%BB%A7a-b%E1%BA%A1n-b%E1%BA%AFt-%C4%91%E1%BA%A7u-b%E1%BA%B1ng-v%E1%BB%8B-ngon-view-%C4%91%E1%BA%B9p-v%C3%A0-khung-/773496768520902,https://www.facebook.com/horizondalat/posts/-horizon-coffee-n%C6%A1i-m%C3%A0-bu%E1%BB%95i-s%C3%A1ng-c%E1%BB%A7a-b%E1%BA%A1n-b%E1%BA%AFt-%C4%91%E1%BA%A7u-b%E1%BA%B1ng-v%E1%BB%8B-ngon-view-%C4%91%E1%BA%B9p-v%C3%A0-khung-/773496768520902,,Horizon Coffee – nơi mà buổi sáng của bạn bắt đầu bằng ...,,0,7.0,1286569512971423,,,0,0,too_short
7927c46448e682372dd025f2783928bf6dbe4146c1191649c18fa398d964c45e,dalat_002,facebook,direct_source,https://www.facebook.com/horizondalat/posts/-horizon-coffee-n%C6%A1i-m%C3%A0-bu%E1%BB%95i-s%C3%A1ng-c%E1%BB%A7a-b%E1%BA%A1n-b%E1%BA%AFt-%C4%91%E1%BA%A7u-b%E1%BA%B1ng-v%E1%BB%8B-ngon-view-%C4%91%E1%BA%B9p-v%C3%A0-khung-/773496768520902,https://www.facebook.com/horizondalat/posts/-horizon-coffee-n%C6%A1i-m%C3%A0-bu%E1%BB%95i-s%C3%A1ng-c%E1%BB%A7a-b%E1%BA%A1n-b%E1%BA%AFt-%C4%91%E1%BA%A7u-b%E1%BA%B1ng-v%E1%BB%8B-ngon-view-%C4%91%E1%BA%B9p-v%C3%A0-khung-/773496768520902,,Horizon Coffee – nơi mà buổi sáng của bạn bắt đầu bằng ...,,0,7.0,1332360908453531,,,0,0,
bfa1dc0b4bff9170e1573bfca651ce2b6bbdf793fe38aa364fddc2f61cc58b4b,dalat_002,facebook,direct_source,https://www.facebook.com/horizondalat/posts/-horizon-coffee-n%C6%A1i-m%C3%A0-bu%E1%BB%95i-s%C3%A1ng-c%E1%BB%A7a-b%E1%BA%A1n-b%E1%BA%AFt-%C4%91%E1%BA%A7u-b%E1%BA%B1ng-v%E1%BB%8B-ngon-view-%C4%91%E1%BA%B9p-v%C3%A0-khung-/773496768520902,https://www.facebook.com/horizondalat/posts/-horizon-coffee-n%C6%A1i-m%C3%A0-bu%E1%BB%95i-s%C3%A1ng-c%E1%BB%A7a-b%E1%BA%A1n-b%E1%BA%AFt-%C4%91%E1%BA%A7u-b%E1%BA%B1ng-v%E1%BB%8B-ngon-view-%C4%91%E1%BA%B9p-v%C3%A0-khung-/773496768520902,,Horizon Coffee – nơi mà buổi sáng của bạn bắt đầu bằng ...,,0,7.0,1166708405297295,,,0,0,no_review_signal
9505c160aad7c19c3d2705aba3e93882dd1fd8dd091ef5cbdd8780402c12e659,dalat_002,facebook,direct_source,https://www.facebook.com/horizondalat/posts/-horizon-coffee-n%C6%A1i-m%C3%A0-bu%E1%BB%95i-s%C3%A1ng-c%E1%BB%A7a-b%E1%BA%A1n-b%E1%BA%AFt-%C4%91%E1%BA%A7u-b%E1%BA%B1ng-v%E1%BB%8B-ngon-view-%C4%91%E1%BA%B9p-v%C3%A0-khung-/773496768520902,https://www.facebook.com/horizondalat/posts/-horizon-coffee-n%C6%A1i-m%C3%A0-bu%E1%BB%95i-s%C3%A1ng-c%E1%BB%A7a-b%E1%BA%A1n-b%E1%BA%AFt-%C4%91%E1%BA%A7u-b%E1%BA%B1ng-v%E1%BB%8B-ngon-view-%C4%91%E1%BA%B9p-v%C3%A0-khung-/773496768520902,,Horizon Coffee – nơi mà buổi sáng của bạn bắt đầu bằng ...,,0,7.0,956478889951935,,,1,0,too_short
69d8358954cac4300a8c3aa4273616fd0557b107a2e9e34d949d21b372ce9b92,dalat_002,facebook,direct_source,https://www.facebook.com/horizondalat/posts/-horizon-coffee-n%C6%A1i-m%C3%A0-bu%E1%BB%95i-s%C3%A1ng-c%E1%BB%A7a-b%E1%BA%A1n-b%E1%BA%AFt-%C4%91%E1%BA%A7u-b%E1%BA%B1ng-v%E1%BB%8B-ngon-view-%C4%91%E1%BA%B9p-v%C3%A0-khung-/773496768520902,https://www.facebook.com/horizondalat/posts/-horizon-coffee-n%C6%A1i-m%C3%A0-bu%E1%BB%95i-s%C3%A1ng-c%E1%BB%A7a-b%E1%BA%A1n-b%E1%BA%AFt-%C4%91%E1%BA%A7u-b%E1%BA%B1ng-v%E1%BB%8B-ngon-view-%C4%91%E1%BA%B9p-v%C3%A0-khung-/773496768520902,,Horizon Coffee – nơi mà buổi sáng của bạn bắt đầu bằng ...,,0,7.0,2266580573758937,,,0,1,no_review_signal
51375b3bd967ada481ac598224700c9746ae09fc5170ed3c275ef26ed90aad6d,dalat_002,facebook,direct_source,https://www.facebook.com/horizondalat/posts/-horizon-coffee-n%C6%A1i-m%C3%A0-bu%E1%BB%95i-s%C3%A1ng-c%E1%BB%A7a-b%E1%BA%A1n-b%E1%BA%AFt-%C4%91%E1%BA%A7u-b%E1%BA%B1ng-v%E1%BB%8B-ngon-view-%C4%91%E1%BA%B9p-v%C3%A0-khung-/773496768520902,https://www.facebook.com/horizondalat/posts/-horizon-coffee-n%C6%A1i-m%C3%A0-bu%E1%BB%95i-s%C3%A1ng-c%E1%BB%A7a-b%E1%BA%A1n-b%E1%BA%AFt-%C4%91%E1%BA%A7u-b%E1%BA%B1ng-v%E1%BB%8B-ngon-view-%C4%91%E1%BA%B9p-v%C3%A0-khung-/773496768520902,,Horizon Coffee – nơi mà buổi sáng của bạn bắt đầu bằng ...,,0,7.0,2266580573758937,,,3,1,
8676c235262065a6620110ce38c7cdffe2ca561b21d5394c71656dfb09d659f8,dalat_002,facebook,direct_source,https://www.facebook.com/horizondalat/posts/-horizon-coffee-n%C6%A1i-m%C3%A0-bu%E1%BB%95i-s%C3%A1ng-c%E1%BB%A7a-b%E1%BA%A1n-b%E1%BA%AFt-%C4%91%E1%BA%A7u-b%E1%BA%B1ng-v%E1%BB%8B-ngon-view-%C4%91%E1%BA%B9p-v%C3%A0-khung-/773496768520902,https://www.facebook.com/horizondalat/posts/-horizon-coffee-n%C6%A1i-m%C3%A0-bu%E1%BB%95i-s%C3%A1ng-c%E1%BB%A7a-b%E1%BA%A1n-b%E1%BA%AFt-%C4%91%E1%BA%A7u-b%E1%BA%B1ng-v%E1%BB%8B-ngon-view-%C4%91%E1%BA%B9p-v%C3%A0-khung-/773496768520902,,Horizon Coffee – nơi mà buổi sáng của bạn bắt đầu bằng ...,,0,7.0,2266580573758937,,,1,2,
5b08cc0f135242f715d9bba7bcbd21d58cb4d9876188f0b4a4e35bfbdbca12b5,dalat_002,facebook,direct_source,https://www.facebook.com/horizondalat/posts/-horizon-coffee-n%C6%A1i-m%C3%A0-bu%E1%BB%95i-s%C3%A1ng-c%E1%BB%A7a-b%E1%BA%A1n-b%E1%BA%AFt-%C4%91%E1%BA%A7u-b%E1%BA%B1ng-v%E1%BB%8B-ngon-view-%C4%91%E1%BA%B9p-v%C3%A0-khung-/773496768520902,https://www.facebook.com/horizondalat/posts/-horizon-coffee-n%C6%A1i-m%C3%A0-bu%E1%BB%95i-s%C3%A1ng-c%E1%BB%A7a-b%E1%BA%A1n-b%E1%BA%AFt-%C4%91%E1%BA%A7u-b%E1%BA%B1ng-v%E1%BB%8B-ngon-view-%C4%91%E1%BA%B9p-v%C3%A0-khung-/773496768520902,,Horizon Coffee – nơi mà buổi sáng của bạn bắt đầu bằng ...,,0,7.0,2266580573758937,,,0,1,
3a1a6f2bc889115da56160409df3311a1e3fea377c6ca1e6003235a3c2794417,dalat_002,facebook,direct_source,https://www.facebook.com/horizondalat/posts/-horizon-coffee-n%C6%A1i-m%C3%A0-bu%E1%BB%95i-s%C3%A1ng-c%E1%BB%A7a-b%E1%BA%A1n-b%E1%BA%AFt-%C4%91%E1%BA%A7u-b%E1%BA%B1ng-v%E1%BB%8B-ngon-view-%C4%91%E1%BA%B9p-v%C3%A0-khung-/773496768520902,https://www.facebook.com/horizondalat/posts/-horizon-coffee-n%C6%A1i-m%C3%A0-bu%E1%BB%95i-s%C3%A1ng-c%E1%BB%A7a-b%E1%BA%A1n-b%E1%BA%AFt-%C4%91%E1%BA%A7u-b%E1%BA%B1ng-v%E1%BB%8B-ngon-view-%C4%91%E1%BA%B9p-v%C3%A0-khung-/773496768520902,,Horizon Coffee – nơi mà buổi sáng của bạn bắt đầu bằng ...,,0,7.0,2266580573758937,,,0,1,
540205696a39dd2acc594139d1f0766c9555f2aa810eb08f42de209bcd9ddede,dalat_002,facebook,direct_source,https://www.facebook.com/horizondalat/posts/-horizon-coffee-n%C6%A1i-m%C3%A0-bu%E1%BB%95i-s%C3%A1ng-c%E1%BB%A7a-b%E1%BA%A1n-b%E1%BA%AFt-%C4%91%E1%BA%A7u-b%E1%BA%B1ng-v%E1%BB%8B-ngon-view-%C4%91%E1%BA%B9p-v%C3%A0-khung-/773496768520902,https://www.facebook.com/horizondalat/posts/-horizon-coffee-n%C6%A1i-m%C3%A0-bu%E1%BB%95i-s%C3%A1ng-c%E1%BB%A7a-b%E1%BA%A1n-b%E1%BA%AFt-%C4%91%E1%BA%A7u-b%E1%BA%B1ng-v%E1%BB%8B-ngon-view-%C4%91%E1%BA%B9p-v%C3%A0-khung-/773496768520902,,Horizon Coffee – nơi mà buổi sáng của bạn bắt đầu bằng ...,,0,7.0,2266580573758937,,,0,2,
cd6f77f384872bdb37ff4795444b407b87de68271162507b14c2230bfc05fb1f,dalat_002,facebook,direct_source,https://www.facebook.com/horizondalat/posts/-horizon-coffee-n%C6%A1i-m%C3%A0-bu%E1%BB%95i-s%C3%A1ng-c%E1%BB%A7a-b%E1%BA%A1n-b%E1%BA%AFt-%C4%91%E1%BA%A7u-b%E1%BA%B1ng-v%E1%BB%8B-ngon-view-%C4%91%E1%BA%B9p-v%C3%A0-khung-/773496768520902,https://www.facebook.com/horizondalat/posts/-horizon-coffee-n%C6%A1i-m%C3%A0-bu%E1%BB%95i-s%C3%A1ng-c%E1%BB%A7a-b%E1%BA%A1n-b%E1%BA%AFt-%C4%91%E1%BA%A7u-b%E1%BA%B1ng-v%E1%BB%8B-ngon-view-%C4%91%E1%BA%B9p-v%C3%A0-khung-/773496768520902,,Horizon Coffee – nơi mà buổi sáng của bạn bắt đầu bằng ...,,0,7.0,2266580573758937,,,0,1,
429ffe0c02eddf6e2c61ad513a0de626f7e8d480e92f0896ba45f708b74014c1,dalat_002,facebook,direct_source,https://www.facebook.com/horizondalat/posts/-horizon-coffee-n%C6%A1i-m%C3%A0-bu%E1%BB%95i-s%C3%A1ng-c%E1%BB%A7a-b%E1%BA%A1n-b%E1%BA%AFt-%C4%91%E1%BA%A7u-b%E1%BA%B1ng-v%E1%BB%8B-ngon-view-%C4%91%E1%BA%B9p-v%C3%A0-khung-/773496768520902,https://www.facebook.com/horizondalat/posts/-horizon-coffee-n%C6%A1i-m%C3%A0-bu%E1%BB%95i-s%C3%A1ng-c%E1%BB%A7a-b%E1%BA%A1n-b%E1%BA%AFt-%C4%91%E1%BA%A7u-b%E1%BA%B1ng-v%E1%BB%8B-ngon-view-%C4%91%E1%BA%B9p-v%C3%A0-khung-/773496768520902,,Horizon Coffee – nơi mà buổi sáng của bạn bắt đầu bằng ...,,0,7.0,795432336408544,,,1,1,
642e15adb482151d3ca1aa2910e73e1229f1ec961af7b6ec2816fd715af30bc8,dalat_002,facebook,direct_source,https://www.facebook.com/horizondalat/posts/-horizon-coffee-n%C6%A1i-m%C3%A0-bu%E1%BB%95i-s%C3%A1ng-c%E1%BB%A7a-b%E1%BA%A1n-b%E1%BA%AFt-%C4%91%E1%BA%A7u-b%E1%BA%B1ng-v%E1%BB%8B-ngon-view-%C4%91%E1%BA%B9p-v%C3%A0-khung-/773496768520902,https://www.facebook.com/horizondalat/posts/-horizon-coffee-n%C6%A1i-m%C3%A0-bu%E1%BB%95i-s%C3%A1ng-c%E1%BB%A7a-b%E1%BA%A1n-b%E1%BA%AFt-%C4%91%E1%BA%A7u-b%E1%BA%B1ng-v%E1%BB%8B-ngon-view-%C4%91%E1%BA%B9p-v%C3%A0-khung-/773496768520902,,Horizon Coffee – nơi mà buổi sáng của bạn bắt đầu bằng ...,,0,7.0,1313873660519512,,,0,1,no_review_signal
35e1ff9c4b85da250bd802cae024a8907697c809b8fc6e56bcd2b81fceebab76,dalat_002,facebook,direct_source,https://www.facebook.com/horizondalat/posts/-horizon-coffee-n%C6%A1i-m%C3%A0-bu%E1%BB%95i-s%C3%A1ng-c%E1%BB%A7a-b%E1%BA%A1n-b%E1%BA%AFt-%C4%91%E1%BA%A7u-b%E1%BA%B1ng-v%E1%BB%8B-ngon-view-%C4%91%E1%BA%B9p-v%C3%A0-khung-/773496768520902,https://www.facebook.com/horizondalat/posts/-horizon-coffee-n%C6%A1i-m%C3%A0-bu%E1%BB%95i-s%C3%A1ng-c%E1%BB%A7a-b%E1%BA%A1n-b%E1%BA%AFt-%C4%91%E1%BA%A7u-b%E1%BA%B1ng-v%E1%BB%8B-ngon-view-%C4%91%E1%BA%B9p-v%C3%A0-khung-/773496768520902,,Horizon Coffee – nơi mà buổi sáng của bạn bắt đầu bằng ...,,0,7.0,1990397245108060,,,0,0,too_short
b819afc9518f0312a939d7796af1596c7f873c1b607682492b51c23cd0294dde,dalat_002,facebook,direct_source,https://www.facebook.com/horizondalat/posts/-horizon-coffee-n%C6%A1i-m%C3%A0-bu%E1%BB%95i-s%C3%A1ng-c%E1%BB%A7a-b%E1%BA%A1n-b%E1%BA%AFt-%C4%91%E1%BA%A7u-b%E1%BA%B1ng-v%E1%BB%8B-ngon-view-%C4%91%E1%BA%B9p-v%C3%A0-khung-/773496768520902,https://www.facebook.com/horizondalat/posts/-horizon-coffee-n%C6%A1i-m%C3%A0-bu%E1%BB%95i-s%C3%A1ng-c%E1%BB%A7a-b%E1%BA%A1n-b%E1%BA%AFt-%C4%91%E1%BA%A7u-b%E1%BA%B1ng-v%E1%BB%8B-ngon-view-%C4%91%E1%BA%B9p-v%C3%A0-khung-/773496768520902,,Horizon Coffee – nơi mà buổi sáng của bạn bắt đầu bằng ...,,0,7.0,752852967675460,,,1,0,no_review_signal
e2d122f52322aa06ffae74d8248d8a9000ab5bca820329a14d51643fe58bb2ed,dalat_002,facebook,direct_source,https://www.facebook.com/horizondalat/posts/-horizon-coffee-n%C6%A1i-m%C3%A0-bu%E1%BB%95i-s%C3%A1ng-c%E1%BB%A7a-b%E1%BA%A1n-b%E1%BA%AFt-%C4%91%E1%BA%A7u-b%E1%BA%B1ng-v%E1%BB%8B-ngon-view-%C4%91%E1%BA%B9p-v%C3%A0-khung-/773496768520902,https://www.facebook.com/horizondalat/posts/-horizon-coffee-n%C6%A1i-m%C3%A0-bu%E1%BB%95i-s%C3%A1ng-c%E1%BB%A7a-b%E1%BA%A1n-b%E1%BA%AFt-%C4%91%E1%BA%A7u-b%E1%BA%B1ng-v%E1%BB%8B-ngon-view-%C4%91%E1%BA%B9p-v%C3%A0-khung-/773496768520902,,Horizon Coffee – nơi mà buổi sáng của bạn bắt đầu bằng ...,,0,7.0,1336566691368830,,,0,0,
66743aed70c437f3896903362b055e0e064dd73def449090f42fe96885460510,dalat_002,facebook,direct_source,https://www.facebook.com/horizondalat/posts/-horizon-coffee-n%C6%A1i-m%C3%A0-bu%E1%BB%95i-s%C3%A1ng-c%E1%BB%A7a-b%E1%BA%A1n-b%E1%BA%AFt-%C4%91%E1%BA%A7u-b%E1%BA%B1ng-v%E1%BB%8B-ngon-view-%C4%91%E1%BA%B9p-v%C3%A0-khung-/773496768520902,https://www.facebook.com/horizondalat/posts/-horizon-coffee-n%C6%A1i-m%C3%A0-bu%E1%BB%95i-s%C3%A1ng-c%E1%BB%A7a-b%E1%BA%A1n-b%E1%BA%AFt-%C4%91%E1%BA%A7u-b%E1%BA%B1ng-v%E1%BB%8B-ngon-view-%C4%91%E1%BA%B9p-v%C3%A0-khung-/773496768520902,,Horizon Coffee – nơi mà buổi sáng của bạn bắt đầu bằng ...,,0,7.0,2481973288839283,,,0,0,no_review_signal
7a3e34a225d974446f14d6ed88d418f79566f4ec4aa310959178da60165921a5,dalat_002,facebook,direct_source,https://www.facebook.com/horizondalat/posts/-horizon-coffee-n%C6%A1i-m%C3%A0-bu%E1%BB%95i-s%C3%A1ng-c%E1%BB%A7a-b%E1%BA%A1n-b%E1%BA%AFt-%C4%91%E1%BA%A7u-b%E1%BA%B1ng-v%E1%BB%8B-ngon-view-%C4%91%E1%BA%B9p-v%C3%A0-khung-/773496768520902,https://www.facebook.com/horizondalat/posts/-horizon-coffee-n%C6%A1i-m%C3%A0-bu%E1%BB%95i-s%C3%A1ng-c%E1%BB%A7a-b%E1%BA%A1n-b%E1%BA%AFt-%C4%91%E1%BA%A7u-b%E1%BA%B1ng-v%E1%BB%8B-ngon-view-%C4%91%E1%BA%B9p-v%C3%A0-khung-/773496768520902,,Horizon Coffee – nơi mà buổi sáng của bạn bắt đầu bằng ...,,0,7.0,2236975126823525,,,0,0,
69008175816570864e5741b55f848cea6fc10157d4b88f72d864f2c51d1b6c9a,dalat_002,facebook,direct_source,https://www.facebook.com/horizondalat/posts/-horizon-coffee-n%C6%A1i-m%C3%A0-bu%E1%BB%95i-s%C3%A1ng-c%E1%BB%A7a-b%E1%BA%A1n-b%E1%BA%AFt-%C4%91%E1%BA%A7u-b%E1%BA%B1ng-v%E1%BB%8B-ngon-view-%C4%91%E1%BA%B9p-v%C3%A0-khung-/773496768520902,https://www.facebook.com/horizondalat/posts/-horizon-coffee-n%C6%A1i-m%C3%A0-bu%E1%BB%95i-s%C3%A1ng-c%E1%BB%A7a-b%E1%BA%A1n-b%E1%BA%AFt-%C4%91%E1%BA%A7u-b%E1%BA%B1ng-v%E1%BB%8B-ngon-view-%C4%91%E1%BA%B9p-v%C3%A0-khung-/773496768520902,,Horizon Coffee – nơi mà buổi sáng của bạn bắt đầu bằng ...,,0,7.0,1339976084233968,,,0,0,
01216f6498908d5af21db9a5e7103eed6966064e72ec51679ae60d8ad6f716ba,dalat_002,facebook,direct_source,https://www.facebook.com/horizondalat/posts/-horizon-coffee-n%C6%A1i-m%C3%A0-bu%E1%BB%95i-s%C3%A1ng-c%E1%BB%A7a-b%E1%BA%A1n-b%E1%BA%AFt-%C4%91%E1%BA%A7u-b%E1%BA%B1ng-v%E1%BB%8B-ngon-view-%C4%91%E1%BA%B9p-v%C3%A0-khung-/773496768520902,https://www.facebook.com/horizondalat/posts/-horizon-coffee-n%C6%A1i-m%C3%A0-bu%E1%BB%95i-s%C3%A1ng-c%E1%BB%A7a-b%E1%BA%A1n-b%E1%BA%AFt-%C4%91%E1%BA%A7u-b%E1%BA%B1ng-v%E1%BB%8B-ngon-view-%C4%91%E1%BA%B9p-v%C3%A0-khung-/773496768520902,,Horizon Coffee – nơi mà buổi sáng của bạn bắt đầu bằng ...,,0,7.0,1437511340693107,,,0,0,too_short
54492e866418ed56382287b61e680eb2db73c95ee3870dcd3286959f3334a87f,dalat_002,facebook,direct_source,https://www.facebook.com/horizondalat/posts/-horizon-coffee-n%C6%A1i-m%C3%A0-bu%E1%BB%95i-s%C3%A1ng-c%E1%BB%A7a-b%E1%BA%A1n-b%E1%BA%AFt-%C4%91%E1%BA%A7u-b%E1%BA%B1ng-v%E1%BB%8B-ngon-view-%C4%91%E1%BA%B9p-v%C3%A0-khung-/773496768520902,https://www.facebook.com/horizondalat/posts/-horizon-coffee-n%C6%A1i-m%C3%A0-bu%E1%BB%95i-s%C3%A1ng-c%E1%BB%A7a-b%E1%BA%A1n-b%E1%BA%AFt-%C4%91%E1%BA%A7u-b%E1%BA%B1ng-v%E1%BB%8B-ngon-view-%C4%91%E1%BA%B9p-v%C3%A0-khung-/773496768520902,,Horizon Coffee – nơi mà buổi sáng của bạn bắt đầu bằng ...,,0,7.0,755056124097753,,,1,0,no_review_signal
60f676c444bf3438a9f9682abc1757be152460027ad2d378aed970282361df98,dalat_002,facebook,direct_source,https://www.facebook.com/horizondalat/posts/-horizon-coffee-n%C6%A1i-m%C3%A0-bu%E1%BB%95i-s%C3%A1ng-c%E1%BB%A7a-b%E1%BA%A1n-b%E1%BA%AFt-%C4%91%E1%BA%A7u-b%E1%BA%B1ng-v%E1%BB%8B-ngon-view-%C4%91%E1%BA%B9p-v%C3%A0-khung-/773496768520902,https://www.facebook.com/horizondalat/posts/-horizon-coffee-n%C6%A1i-m%C3%A0-bu%E1%BB%95i-s%C3%A1ng-c%E1%BB%A7a-b%E1%BA%A1n-b%E1%BA%AFt-%C4%91%E1%BA%A7u-b%E1%BA%B1ng-v%E1%BB%8B-ngon-view-%C4%91%E1%BA%B9p-v%C3%A0-khung-/773496768520902,,Horizon Coffee – nơi mà buổi sáng của bạn bắt đầu bằng ...,,0,7.0,1109479587818706,,,0,0,no_review_signal
33b4d259972be6b59c49311133d73d1bdaade983bf48f5f7b8aa3addcd95dfc2,dalat_002,facebook,direct_source,https://www.facebook.com/horizondalat/posts/-horizon-coffee-n%C6%A1i-m%C3%A0-bu%E1%BB%95i-s%C3%A1ng-c%E1%BB%A7a-b%E1%BA%A1n-b%E1%BA%AFt-%C4%91%E1%BA%A7u-b%E1%BA%B1ng-v%E1%BB%8B-ngon-view-%C4%91%E1%BA%B9p-v%C3%A0-khung-/773496768520902,https://www.facebook.com/horizondalat/posts/-horizon-coffee-n%C6%A1i-m%C3%A0-bu%E1%BB%95i-s%C3%A1ng-c%E1%BB%A7a-b%E1%BA%A1n-b%E1%BA%AFt-%C4%91%E1%BA%A7u-b%E1%BA%B1ng-v%E1%BB%8B-ngon-view-%C4%91%E1%BA%B9p-v%C3%A0-khung-/773496768520902,,Horizon Coffee – nơi mà buổi sáng của bạn bắt đầu bằng ...,,0,7.0,1951347315687285,,,0,0,junk_question_or_tag
24ccc67cd9f8e5094324422e1fb2d43fe58cffc48ff96104db385822b3a3e48a,dalat_002,facebook,direct_source,https://www.facebook.com/horizondalat/posts/-horizon-coffee-n%C6%A1i-m%C3%A0-bu%E1%BB%95i-s%C3%A1ng-c%E1%BB%A7a-b%E1%BA%A1n-b%E1%BA%AFt-%C4%91%E1%BA%A7u-b%E1%BA%B1ng-v%E1%BB%8B-ngon-view-%C4%91%E1%BA%B9p-v%C3%A0-khung-/773496768520902,https://www.facebook.com/horizondalat/posts/-horizon-coffee-n%C6%A1i-m%C3%A0-bu%E1%BB%95i-s%C3%A1ng-c%E1%BB%A7a-b%E1%BA%A1n-b%E1%BA%AFt-%C4%91%E1%BA%A7u-b%E1%BA%B1ng-v%E1%BB%8B-ngon-view-%C4%91%E1%BA%B9p-v%C3%A0-khung-/773496768520902,,Horizon Coffee – nơi mà buổi sáng của bạn bắt đầu bằng ...,,0,7.0,755056124097753,,,0,1,no_review_signal
a73629eb94aff4c2c4426b3b8d4e0b93441a86f6bb7f524168d19ff2b4992052,dalat_002,facebook,direct_source,https://www.facebook.com/horizondalat/posts/-horizon-coffee-n%C6%A1i-m%C3%A0-bu%E1%BB%95i-s%C3%A1ng-c%E1%BB%A7a-b%E1%BA%A1n-b%E1%BA%AFt-%C4%91%E1%BA%A7u-b%E1%BA%B1ng-v%E1%BB%8B-ngon-view-%C4%91%E1%BA%B9p-v%C3%A0-khung-/773496768520902,https://www.facebook.com/horizondalat/posts/-horizon-coffee-n%C6%A1i-m%C3%A0-bu%E1%BB%95i-s%C3%A1ng-c%E1%BB%A7a-b%E1%BA%A1n-b%E1%BA%AFt-%C4%91%E1%BA%A7u-b%E1%BA%B1ng-v%E1%BB%8B-ngon-view-%C4%91%E1%BA%B9p-v%C3%A0-khung-/773496768520902,,Horizon Coffee – nơi mà buổi sáng của bạn bắt đầu bằng ...,,0,7.0,755056124097753,,,1,2,
aae2282fe7261ec9e7a1e8fd1bb29ac061cf48ca99974170ce6c7bc8e5570b07,dalat_002,facebook,direct_source,https://www.facebook.com/horizondalat/posts/-horizon-coffee-n%C6%A1i-m%C3%A0-bu%E1%BB%95i-s%C3%A1ng-c%E1%BB%A7a-b%E1%BA%A1n-b%E1%BA%AFt-%C4%91%E1%BA%A7u-b%E1%BA%B1ng-v%E1%BB%8B-ngon-view-%C4%91%E1%BA%B9p-v%C3%A0-khung-/773496768520902,https://www.facebook.com/horizondalat/posts/-horizon-coffee-n%C6%A1i-m%C3%A0-bu%E1%BB%95i-s%C3%A1ng-c%E1%BB%A7a-b%E1%BA%A1n-b%E1%BA%AFt-%C4%91%E1%BA%A7u-b%E1%BA%B1ng-v%E1%BB%8B-ngon-view-%C4%91%E1%BA%B9p-v%C3%A0-khung-/773496768520902,,Horizon Coffee – nơi mà buổi sáng của bạn bắt đầu bằng ...,,0,7.0,752852967675460,,,0,1,
2b23c11430b470bf7252a0ebfeeb0096539d76356c099a420c8a25f781cd42c7,dalat_002,facebook,direct_source,https://www.facebook.com/horizondalat/posts/-horizon-coffee-n%C6%A1i-m%C3%A0-bu%E1%BB%95i-s%C3%A1ng-c%E1%BB%A7a-b%E1%BA%A1n-b%E1%BA%AFt-%C4%91%E1%BA%A7u-b%E1%BA%B1ng-v%E1%BB%8B-ngon-view-%C4%91%E1%BA%B9p-v%C3%A0-khung-/773496768520902,https://www.facebook.com/horizondalat/posts/-horizon-coffee-n%C6%A1i-m%C3%A0-bu%E1%BB%95i-s%C3%A1ng-c%E1%BB%A7a-b%E1%BA%A1n-b%E1%BA%AFt-%C4%91%E1%BA%A7u-b%E1%BA%B1ng-v%E1%BB%8B-ngon-view-%C4%91%E1%BA%B9p-v%C3%A0-khung-/773496768520902,,Horizon Coffee – nơi mà buổi sáng của bạn bắt đầu bằng ...,,0,7.0,1307242970665717,,,0,0,no_review_signal
b83834b3eb6edc384013f3654dbdc6a69e897fa571556a8d4e007ff4569ece4d,dalat_002,facebook,direct_source,https://www.facebook.com/horizondalat/posts/-horizon-coffee-n%C6%A1i-m%C3%A0-bu%E1%BB%95i-s%C3%A1ng-c%E1%BB%A7a-b%E1%BA%A1n-b%E1%BA%AFt-%C4%91%E1%BA%A7u-b%E1%BA%B1ng-v%E1%BB%8B-ngon-view-%C4%91%E1%BA%B9p-v%C3%A0-khung-/773496768520902,https://www.facebook.com/horizondalat/posts/-horizon-coffee-n%C6%A1i-m%C3%A0-bu%E1%BB%95i-s%C3%A1ng-c%E1%BB%A7a-b%E1%BA%A1n-b%E1%BA%AFt-%C4%91%E1%BA%A7u-b%E1%BA%B1ng-v%E1%BB%8B-ngon-view-%C4%91%E1%BA%B9p-v%C3%A0-khung-/773496768520902,,Horizon Coffee – nơi mà buổi sáng của bạn bắt đầu bằng ...,,0,7.0,1860802748117660,,,0,0,too_short
1e7642eb4dded6f7163f21b8550b6f12412efb6d072ff2d147c8d332b9aea040,dalat_002,facebook,direct_source,https://www.facebook.com/horizondalat/posts/-horizon-coffee-n%C6%A1i-m%C3%A0-bu%E1%BB%95i-s%C3%A1ng-c%E1%BB%A7a-b%E1%BA%A1n-b%E1%BA%AFt-%C4%91%E1%BA%A7u-b%E1%BA%B1ng-v%E1%BB%8B-ngon-view-%C4%91%E1%BA%B9p-v%C3%A0-khung-/773496768520902,https://www.facebook.com/horizondalat/posts/-horizon-coffee-n%C6%A1i-m%C3%A0-bu%E1%BB%95i-s%C3%A1ng-c%E1%BB%A7a-b%E1%BA%A1n-b%E1%BA%AFt-%C4%91%E1%BA%A7u-b%E1%BA%B1ng-v%E1%BB%8B-ngon-view-%C4%91%E1%BA%B9p-v%C3%A0-khung-/773496768520902,,Horizon Coffee – nơi mà buổi sáng của bạn bắt đầu bằng ...,,0,7.0,1084997900446378,,,1,0,
83760a4ef1fa38dc3cdf2a7525b97b829e6aa66e64e2bf2d60cea83133378c29,dalat_002,facebook,direct_source,https://www.facebook.com/horizondalat/posts/-horizon-coffee-n%C6%A1i-m%C3%A0-bu%E1%BB%95i-s%C3%A1ng-c%E1%BB%A7a-b%E1%BA%A1n-b%E1%BA%AFt-%C4%91%E1%BA%A7u-b%E1%BA%B1ng-v%E1%BB%8B-ngon-view-%C4%91%E1%BA%B9p-v%C3%A0-khung-/773496768520902,https://www.facebook.com/horizondalat/posts/-horizon-coffee-n%C6%A1i-m%C3%A0-bu%E1%BB%95i-s%C3%A1ng-c%E1%BB%A7a-b%E1%BA%A1n-b%E1%BA%AFt-%C4%91%E1%BA%A7u-b%E1%BA%B1ng-v%E1%BB%8B-ngon-view-%C4%91%E1%BA%B9p-v%C3%A0-khung-/773496768520902,,Horizon Coffee – nơi mà buổi sáng của bạn bắt đầu bằng ...,,0,7.0,2577237969302003,,,0,0,no_review_signal
40a16d8029d0a10dfd20810dc2e1cb4b678a90dea96070175f6e0b4adeeb091f,dalat_002,facebook,direct_source,https://www.facebook.com/horizondalat/posts/-horizon-coffee-n%C6%A1i-m%C3%A0-bu%E1%BB%95i-s%C3%A1ng-c%E1%BB%A7a-b%E1%BA%A1n-b%E1%BA%AFt-%C4%91%E1%BA%A7u-b%E1%BA%B1ng-v%E1%BB%8B-ngon-view-%C4%91%E1%BA%B9p-v%C3%A0-khung-/773496768520902,https://www.facebook.com/horizondalat/posts/-horizon-coffee-n%C6%A1i-m%C3%A0-bu%E1%BB%95i-s%C3%A1ng-c%E1%BB%A7a-b%E1%BA%A1n-b%E1%BA%AFt-%C4%91%E1%BA%A7u-b%E1%BA%B1ng-v%E1%BB%8B-ngon-view-%C4%91%E1%BA%B9p-v%C3%A0-khung-/773496768520902,,Horizon Coffee – nơi mà buổi sáng của bạn bắt đầu bằng ...,,0,7.0,1463793024774425,,,12,0,
f6fbeac7750812cd9dd5f3db2fa472454958ed067e51b8546a8fc079ec7d0634,dalat_002,facebook,direct_source,https://www.facebook.com/horizondalat/posts/-horizon-coffee-n%C6%A1i-m%C3%A0-bu%E1%BB%95i-s%C3%A1ng-c%E1%BB%A7a-b%E1%BA%A1n-b%E1%BA%AFt-%C4%91%E1%BA%A7u-b%E1%BA%B1ng-v%E1%BB%8B-ngon-view-%C4%91%E1%BA%B9p-v%C3%A0-khung-/773496768520902,https://www.facebook.com/horizondalat/posts/-horizon-coffee-n%C6%A1i-m%C3%A0-bu%E1%BB%95i-s%C3%A1ng-c%E1%BB%A7a-b%E1%BA%A1n-b%E1%BA%AFt-%C4%91%E1%BA%A7u-b%E1%BA%B1ng-v%E1%BB%8B-ngon-view-%C4%91%E1%BA%B9p-v%C3%A0-khung-/773496768520902,,Horizon Coffee – nơi mà buổi sáng của bạn bắt đầu bằng ...,,0,7.0,1951105628976767,,,0,0,too_short
5c25d03a506242855920297b35c052b76a91584ba2a3d5407aed64ff84d94b13,dalat_002,facebook,direct_source,https://www.facebook.com/horizondalat/posts/-horizon-coffee-n%C6%A1i-m%C3%A0-bu%E1%BB%95i-s%C3%A1ng-c%E1%BB%A7a-b%E1%BA%A1n-b%E1%BA%AFt-%C4%91%E1%BA%A7u-b%E1%BA%B1ng-v%E1%BB%8B-ngon-view-%C4%91%E1%BA%B9p-v%C3%A0-khung-/773496768520902,https://www.facebook.com/horizondalat/posts/-horizon-coffee-n%C6%A1i-m%C3%A0-bu%E1%BB%95i-s%C3%A1ng-c%E1%BB%A7a-b%E1%BA%A1n-b%E1%BA%AFt-%C4%91%E1%BA%A7u-b%E1%BA%B1ng-v%E1%BB%8B-ngon-view-%C4%91%E1%BA%B9p-v%C3%A0-khung-/773496768520902,,Horizon Coffee – nơi mà buổi sáng của bạn bắt đầu bằng ...,,0,7.0,3094128104093996,,,0,0,too_short
7b92bd6c1318e1fa2a47f1bac282a2116f9b17e41e3a76f388d3eefb83f6c207,dalat_002,facebook,direct_source,https://www.facebook.com/horizondalat/posts/-horizon-coffee-n%C6%A1i-m%C3%A0-bu%E1%BB%95i-s%C3%A1ng-c%E1%BB%A7a-b%E1%BA%A1n-b%E1%BA%AFt-%C4%91%E1%BA%A7u-b%E1%BA%B1ng-v%E1%BB%8B-ngon-view-%C4%91%E1%BA%B9p-v%C3%A0-khung-/773496768520902,https://www.facebook.com/horizondalat/posts/-horizon-coffee-n%C6%A1i-m%C3%A0-bu%E1%BB%95i-s%C3%A1ng-c%E1%BB%A7a-b%E1%BA%A1n-b%E1%BA%AFt-%C4%91%E1%BA%A7u-b%E1%BA%B1ng-v%E1%BB%8B-ngon-view-%C4%91%E1%BA%B9p-v%C3%A0-khung-/773496768520902,,Horizon Coffee – nơi mà buổi sáng của bạn bắt đầu bằng ...,,0,7.0,817438553971236,,,5,0,
caab3eeccbf14be618aa4606737d2965c306f34ff2dce3ab154e9da13a77a9a4,dalat_002,facebook,direct_source,https://www.facebook.com/horizondalat/posts/-horizon-coffee-n%C6%A1i-m%C3%A0-bu%E1%BB%95i-s%C3%A1ng-c%E1%BB%A7a-b%E1%BA%A1n-b%E1%BA%AFt-%C4%91%E1%BA%A7u-b%E1%BA%B1ng-v%E1%BB%8B-ngon-view-%C4%91%E1%BA%B9p-v%C3%A0-khung-/773496768520902,https://www.facebook.com/horizondalat/posts/-horizon-coffee-n%C6%A1i-m%C3%A0-bu%E1%BB%95i-s%C3%A1ng-c%E1%BB%A7a-b%E1%BA%A1n-b%E1%BA%AFt-%C4%91%E1%BA%A7u-b%E1%BA%B1ng-v%E1%BB%8B-ngon-view-%C4%91%E1%BA%B9p-v%C3%A0-khung-/773496768520902,,Horizon Coffee – nơi mà buổi sáng của bạn bắt đầu bằng ...,,0,7.0,757692273685340,,,0,0,
e8acf49948e088a495753fc2db2eff2d90eeeabf946f82fb73a1b8d13f3a11fb,dalat_002,facebook,direct_source,https://www.facebook.com/horizondalat/posts/-horizon-coffee-n%C6%A1i-m%C3%A0-bu%E1%BB%95i-s%C3%A1ng-c%E1%BB%A7a-b%E1%BA%A1n-b%E1%BA%AFt-%C4%91%E1%BA%A7u-b%E1%BA%B1ng-v%E1%BB%8B-ngon-view-%C4%91%E1%BA%B9p-v%C3%A0-khung-/773496768520902,https://www.facebook.com/horizondalat/posts/-horizon-coffee-n%C6%A1i-m%C3%A0-bu%E1%BB%95i-s%C3%A1ng-c%E1%BB%A7a-b%E1%BA%A1n-b%E1%BA%AFt-%C4%91%E1%BA%A7u-b%E1%BA%B1ng-v%E1%BB%8B-ngon-view-%C4%91%E1%BA%B9p-v%C3%A0-khung-/773496768520902,,Horizon Coffee – nơi mà buổi sáng của bạn bắt đầu bằng ...,,0,7.0,24269167266087892,,,0,0,too_short
79fd06c219d6d667fb8a6d09be88ba918d77da9e32c566e4a7b8a02eba3bd24d,dalat_002,facebook,direct_source,https://www.facebook.com/horizondalat/posts/-horizon-coffee-n%C6%A1i-m%C3%A0-bu%E1%BB%95i-s%C3%A1ng-c%E1%BB%A7a-b%E1%BA%A1n-b%E1%BA%AFt-%C4%91%E1%BA%A7u-b%E1%BA%B1ng-v%E1%BB%8B-ngon-view-%C4%91%E1%BA%B9p-v%C3%A0-khung-/773496768520902,https://www.facebook.com/horizondalat/posts/-horizon-coffee-n%C6%A1i-m%C3%A0-bu%E1%BB%95i-s%C3%A1ng-c%E1%BB%A7a-b%E1%BA%A1n-b%E1%BA%AFt-%C4%91%E1%BA%A7u-b%E1%BA%B1ng-v%E1%BB%8B-ngon-view-%C4%91%E1%BA%B9p-v%C3%A0-khung-/773496768520902,,Horizon Coffee – nơi mà buổi sáng của bạn bắt đầu bằng ...,,0,7.0,817438553971236,,,0,1,no_review_signal
c7bb75b2dc042c56f12e8f8e79011044d14fed487d57d11f68d731fc738e2927,dalat_002,facebook,direct_source,https://www.facebook.com/horizondalat/posts/-horizon-coffee-n%C6%A1i-m%C3%A0-bu%E1%BB%95i-s%C3%A1ng-c%E1%BB%A7a-b%E1%BA%A1n-b%E1%BA%AFt-%C4%91%E1%BA%A7u-b%E1%BA%B1ng-v%E1%BB%8B-ngon-view-%C4%91%E1%BA%B9p-v%C3%A0-khung-/773496768520902,https://www.facebook.com/horizondalat/posts/-horizon-coffee-n%C6%A1i-m%C3%A0-bu%E1%BB%95i-s%C3%A1ng-c%E1%BB%A7a-b%E1%BA%A1n-b%E1%BA%AFt-%C4%91%E1%BA%A7u-b%E1%BA%B1ng-v%E1%BB%8B-ngon-view-%C4%91%E1%BA%B9p-v%C3%A0-khung-/773496768520902,,Horizon Coffee – nơi mà buổi sáng của bạn bắt đầu bằng ...,,0,7.0,2577237969302003,,,1,1,no_review_signal
a8981ff88811e99ccb27301be127a7017b2ac0e9506a37e413fd4606ac71049d,dalat_002,facebook,direct_source,https://www.facebook.com/horizondalat/posts/-horizon-coffee-n%C6%A1i-m%C3%A0-bu%E1%BB%95i-s%C3%A1ng-c%E1%BB%A7a-b%E1%BA%A1n-b%E1%BA%AFt-%C4%91%E1%BA%A7u-b%E1%BA%B1ng-v%E1%BB%8B-ngon-view-%C4%91%E1%BA%B9p-v%C3%A0-khung-/773496768520902,https://www.facebook.com/horizondalat/posts/-horizon-coffee-n%C6%A1i-m%C3%A0-bu%E1%BB%95i-s%C3%A1ng-c%E1%BB%A7a-b%E1%BA%A1n-b%E1%BA%AFt-%C4%91%E1%BA%A7u-b%E1%BA%B1ng-v%E1%BB%8B-ngon-view-%C4%91%E1%BA%B9p-v%C3%A0-khung-/773496768520902,,Horizon Coffee – nơi mà buổi sáng của bạn bắt đầu bằng ...,,0,7.0,1463793024774425,,,0,1,
db2ed01edba333633a9ccc476ba190d8cf9e01ff45c15f7332294f8af689815c,dalat_002,facebook,direct_source,https://www.facebook.com/horizondalat/posts/-horizon-coffee-n%C6%A1i-m%C3%A0-bu%E1%BB%95i-s%C3%A1ng-c%E1%BB%A7a-b%E1%BA%A1n-b%E1%BA%AFt-%C4%91%E1%BA%A7u-b%E1%BA%B1ng-v%E1%BB%8B-ngon-view-%C4%91%E1%BA%B9p-v%C3%A0-khung-/773496768520902,https://www.facebook.com/horizondalat/posts/-horizon-coffee-n%C6%A1i-m%C3%A0-bu%E1%BB%95i-s%C3%A1ng-c%E1%BB%A7a-b%E1%BA%A1n-b%E1%BA%AFt-%C4%91%E1%BA%A7u-b%E1%BA%B1ng-v%E1%BB%8B-ngon-view-%C4%91%E1%BA%B9p-v%C3%A0-khung-/773496768520902,,Horizon Coffee – nơi mà buổi sáng của bạn bắt đầu bằng ...,,0,7.0,1463793024774425,,,1,1,
ca7e1d60a39da6f94fa32a257bbdc514eb75d18ac8f8c097bb2d222fad0d1871,dalat_002,facebook,direct_source,https://www.facebook.com/horizondalat/posts/-horizon-coffee-n%C6%A1i-m%C3%A0-bu%E1%BB%95i-s%C3%A1ng-c%E1%BB%A7a-b%E1%BA%A1n-b%E1%BA%AFt-%C4%91%E1%BA%A7u-b%E1%BA%B1ng-v%E1%BB%8B-ngon-view-%C4%91%E1%BA%B9p-v%C3%A0-khung-/773496768520902,https://www.facebook.com/horizondalat/posts/-horizon-coffee-n%C6%A1i-m%C3%A0-bu%E1%BB%95i-s%C3%A1ng-c%E1%BB%A7a-b%E1%BA%A1n-b%E1%BA%AFt-%C4%91%E1%BA%A7u-b%E1%BA%B1ng-v%E1%BB%8B-ngon-view-%C4%91%E1%BA%B9p-v%C3%A0-khung-/773496768520902,,Horizon Coffee – nơi mà buổi sáng của bạn bắt đầu bằng ...,,0,7.0,1298140678651004,,,0,0,
11fd2ace99057c130710b963e9be1a2e67283733cf09242d81e983cde8ed5501,dalat_002,facebook,direct_source,https://www.facebook.com/horizondalat/posts/-horizon-coffee-n%C6%A1i-m%C3%A0-bu%E1%BB%95i-s%C3%A1ng-c%E1%BB%A7a-b%E1%BA%A1n-b%E1%BA%AFt-%C4%91%E1%BA%A7u-b%E1%BA%B1ng-v%E1%BB%8B-ngon-view-%C4%91%E1%BA%B9p-v%C3%A0-khung-/773496768520902,https://www.facebook.com/horizondalat/posts/-horizon-coffee-n%C6%A1i-m%C3%A0-bu%E1%BB%95i-s%C3%A1ng-c%E1%BB%A7a-b%E1%BA%A1n-b%E1%BA%AFt-%C4%91%E1%BA%A7u-b%E1%BA%B1ng-v%E1%BB%8B-ngon-view-%C4%91%E1%BA%B9p-v%C3%A0-khung-/773496768520902,,Horizon Coffee – nơi mà buổi sáng của bạn bắt đầu bằng ...,,0,7.0,1489983672273931,,,0,0,no_review_signal
194563511410639af7063235dbc583992799494a17e4b49a81ef839820dfef5b,dalat_002,facebook,direct_source,https://www.facebook.com/horizondalat/posts/-horizon-coffee-n%C6%A1i-m%C3%A0-bu%E1%BB%95i-s%C3%A1ng-c%E1%BB%A7a-b%E1%BA%A1n-b%E1%BA%AFt-%C4%91%E1%BA%A7u-b%E1%BA%B1ng-v%E1%BB%8B-ngon-view-%C4%91%E1%BA%B9p-v%C3%A0-khung-/773496768520902,https://www.facebook.com/horizondalat/posts/-horizon-coffee-n%C6%A1i-m%C3%A0-bu%E1%BB%95i-s%C3%A1ng-c%E1%BB%A7a-b%E1%BA%A1n-b%E1%BA%AFt-%C4%91%E1%BA%A7u-b%E1%BA%B1ng-v%E1%BB%8B-ngon-view-%C4%91%E1%BA%B9p-v%C3%A0-khung-/773496768520902,,Horizon Coffee – nơi mà buổi sáng của bạn bắt đầu bằng ...,,0,7.0,1732385414070647,,,0,0,no_review_signal
16a54d4243ffcb71f02bff2badc494c63e5b6b49124b5129b3b7cbb11aac4959,dalat_002,facebook,direct_source,https://www.facebook.com/horizondalat/posts/-horizon-coffee-n%C6%A1i-m%C3%A0-bu%E1%BB%95i-s%C3%A1ng-c%E1%BB%A7a-b%E1%BA%A1n-b%E1%BA%AFt-%C4%91%E1%BA%A7u-b%E1%BA%B1ng-v%E1%BB%8B-ngon-view-%C4%91%E1%BA%B9p-v%C3%A0-khung-/773496768520902,https://www.facebook.com/horizondalat/posts/-horizon-coffee-n%C6%A1i-m%C3%A0-bu%E1%BB%95i-s%C3%A1ng-c%E1%BB%A7a-b%E1%BA%A1n-b%E1%BA%AFt-%C4%91%E1%BA%A7u-b%E1%BA%B1ng-v%E1%BB%8B-ngon-view-%C4%91%E1%BA%B9p-v%C3%A0-khung-/773496768520902,,Horizon Coffee – nơi mà buổi sáng của bạn bắt đầu bằng ...,,0,7.0,1053291183317316,,,0,0,too_short
5b95786b270cd47f61285d0a5e0a1ec15204f1a0a8cd812d70f38562fd1c973d,dalat_002,facebook,direct_source,https://www.facebook.com/horizondalat/posts/-horizon-coffee-n%C6%A1i-m%C3%A0-bu%E1%BB%95i-s%C3%A1ng-c%E1%BB%A7a-b%E1%BA%A1n-b%E1%BA%AFt-%C4%91%E1%BA%A7u-b%E1%BA%B1ng-v%E1%BB%8B-ngon-view-%C4%91%E1%BA%B9p-v%C3%A0-khung-/773496768520902,https://www.facebook.com/horizondalat/posts/-horizon-coffee-n%C6%A1i-m%C3%A0-bu%E1%BB%95i-s%C3%A1ng-c%E1%BB%A7a-b%E1%BA%A1n-b%E1%BA%AFt-%C4%91%E1%BA%A7u-b%E1%BA%B1ng-v%E1%BB%8B-ngon-view-%C4%91%E1%BA%B9p-v%C3%A0-khung-/773496768520902,,Horizon Coffee – nơi mà buổi sáng của bạn bắt đầu bằng ...,,0,7.0,1274323997765967,,,0,0,no_review_signal
6b693453b2e88f6c7885aef9130d74cef6b2393a5c11d1be1e6679c59c8a2343,dalat_002,facebook,direct_source,https://www.facebook.com/horizondalat/posts/-horizon-coffee-n%C6%A1i-m%C3%A0-bu%E1%BB%95i-s%C3%A1ng-c%E1%BB%A7a-b%E1%BA%A1n-b%E1%BA%AFt-%C4%91%E1%BA%A7u-b%E1%BA%B1ng-v%E1%BB%8B-ngon-view-%C4%91%E1%BA%B9p-v%C3%A0-khung-/773496768520902,https://www.facebook.com/horizondalat/posts/-horizon-coffee-n%C6%A1i-m%C3%A0-bu%E1%BB%95i-s%C3%A1ng-c%E1%BB%A7a-b%E1%BA%A1n-b%E1%BA%AFt-%C4%91%E1%BA%A7u-b%E1%BA%B1ng-v%E1%BB%8B-ngon-view-%C4%91%E1%BA%B9p-v%C3%A0-khung-/773496768520902,,Horizon Coffee – nơi mà buổi sáng của bạn bắt đầu bằng ...,,0,7.0,1178789767633691,,,0,0,
09cd0bc37c0f6a9a9b8e1b1822d88f314383a4fa2347cc8c9462295dc3758df9,dalat_002,facebook,direct_source,https://www.facebook.com/horizondalat/posts/-horizon-coffee-n%C6%A1i-m%C3%A0-bu%E1%BB%95i-s%C3%A1ng-c%E1%BB%A7a-b%E1%BA%A1n-b%E1%BA%AFt-%C4%91%E1%BA%A7u-b%E1%BA%B1ng-v%E1%BB%8B-ngon-view-%C4%91%E1%BA%B9p-v%C3%A0-khung-/773496768520902,https://www.facebook.com/horizondalat/posts/-horizon-coffee-n%C6%A1i-m%C3%A0-bu%E1%BB%95i-s%C3%A1ng-c%E1%BB%A7a-b%E1%BA%A1n-b%E1%BA%AFt-%C4%91%E1%BA%A7u-b%E1%BA%B1ng-v%E1%BB%8B-ngon-view-%C4%91%E1%BA%B9p-v%C3%A0-khung-/773496768520902,,Horizon Coffee – nơi mà buổi sáng của bạn bắt đầu bằng ...,,0,7.0,1496637341499033,,,2,0,no_review_signal
6779433a41f38739027f5e7296188957e6f2da4c294a6cd82c37ae289a34e9df,dalat_002,facebook,direct_source,https://www.facebook.com/horizondalat/posts/-horizon-coffee-n%C6%A1i-m%C3%A0-bu%E1%BB%95i-s%C3%A1ng-c%E1%BB%A7a-b%E1%BA%A1n-b%E1%BA%AFt-%C4%91%E1%BA%A7u-b%E1%BA%B1ng-v%E1%BB%8B-ngon-view-%C4%91%E1%BA%B9p-v%C3%A0-khung-/773496768520902,https://www.facebook.com/horizondalat/posts/-horizon-coffee-n%C6%A1i-m%C3%A0-bu%E1%BB%95i-s%C3%A1ng-c%E1%BB%A7a-b%E1%BA%A1n-b%E1%BA%AFt-%C4%91%E1%BA%A7u-b%E1%BA%B1ng-v%E1%BB%8B-ngon-view-%C4%91%E1%BA%B9p-v%C3%A0-khung-/773496768520902,,Horizon Coffee – nơi mà buổi sáng của bạn bắt đầu bằng ...,,0,7.0,781659534583027,,,1,0,
f31c1cd3ce7eae1e2bc65dcb0bcd02a622160b31349145208de3c68c5ffb637d,dalat_002,facebook,direct_source,https://www.facebook.com/horizondalat/posts/-horizon-coffee-n%C6%A1i-m%C3%A0-bu%E1%BB%95i-s%C3%A1ng-c%E1%BB%A7a-b%E1%BA%A1n-b%E1%BA%AFt-%C4%91%E1%BA%A7u-b%E1%BA%B1ng-v%E1%BB%8B-ngon-view-%C4%91%E1%BA%B9p-v%C3%A0-khung-/773496768520902,https://www.facebook.com/horizondalat/posts/-horizon-coffee-n%C6%A1i-m%C3%A0-bu%E1%BB%95i-s%C3%A1ng-c%E1%BB%A7a-b%E1%BA%A1n-b%E1%BA%AFt-%C4%91%E1%BA%A7u-b%E1%BA%B1ng-v%E1%BB%8B-ngon-view-%C4%91%E1%BA%B9p-v%C3%A0-khung-/773496768520902,,Horizon Coffee – nơi mà buổi sáng của bạn bắt đầu bằng ...,,0,7.0,821145257014052,,,1,0,too_short
6e1c2dcfc5a18a7a67ecd1eb5506fcac9a28222bfd40e3d98e6eb63d3f6cef53,dalat_002,facebook,direct_source,https://www.facebook.com/horizondalat/posts/-horizon-coffee-n%C6%A1i-m%C3%A0-bu%E1%BB%95i-s%C3%A1ng-c%E1%BB%A7a-b%E1%BA%A1n-b%E1%BA%AFt-%C4%91%E1%BA%A7u-b%E1%BA%B1ng-v%E1%BB%8B-ngon-view-%C4%91%E1%BA%B9p-v%C3%A0-khung-/773496768520902,https://www.facebook.com/horizondalat/posts/-horizon-coffee-n%C6%A1i-m%C3%A0-bu%E1%BB%95i-s%C3%A1ng-c%E1%BB%A7a-b%E1%BA%A1n-b%E1%BA%AFt-%C4%91%E1%BA%A7u-b%E1%BA%B1ng-v%E1%BB%8B-ngon-view-%C4%91%E1%BA%B9p-v%C3%A0-khung-/773496768520902,,Horizon Coffee – nơi mà buổi sáng của bạn bắt đầu bằng ...,,0,7.0,4773382669555164,,,1,0,
1527bfadb532eb4fd4ce85292baf34932e320976e74af409c4dc0729b3c07802,dalat_002,facebook,direct_source,https://www.facebook.com/horizondalat/posts/-horizon-coffee-n%C6%A1i-m%C3%A0-bu%E1%BB%95i-s%C3%A1ng-c%E1%BB%A7a-b%E1%BA%A1n-b%E1%BA%AFt-%C4%91%E1%BA%A7u-b%E1%BA%B1ng-v%E1%BB%8B-ngon-view-%C4%91%E1%BA%B9p-v%C3%A0-khung-/773496768520902,https://www.facebook.com/horizondalat/posts/-horizon-coffee-n%C6%A1i-m%C3%A0-bu%E1%BB%95i-s%C3%A1ng-c%E1%BB%A7a-b%E1%BA%A1n-b%E1%BA%AFt-%C4%91%E1%BA%A7u-b%E1%BA%B1ng-v%E1%BB%8B-ngon-view-%C4%91%E1%BA%B9p-v%C3%A0-khung-/773496768520902,,Horizon Coffee – nơi mà buổi sáng của bạn bắt đầu bằng ...,,0,7.0,805442988591541,,,1,0,no_review_signal
238098c9ff9a1a24d5b34916933f9f2679355e5630ad2bf239c943346a901c45,dalat_002,facebook,direct_source,https://www.facebook.com/horizondalat/posts/-horizon-coffee-n%C6%A1i-m%C3%A0-bu%E1%BB%95i-s%C3%A1ng-c%E1%BB%A7a-b%E1%BA%A1n-b%E1%BA%AFt-%C4%91%E1%BA%A7u-b%E1%BA%B1ng-v%E1%BB%8B-ngon-view-%C4%91%E1%BA%B9p-v%C3%A0-khung-/773496768520902,https://www.facebook.com/horizondalat/posts/-horizon-coffee-n%C6%A1i-m%C3%A0-bu%E1%BB%95i-s%C3%A1ng-c%E1%BB%A7a-b%E1%BA%A1n-b%E1%BA%AFt-%C4%91%E1%BA%A7u-b%E1%BA%B1ng-v%E1%BB%8B-ngon-view-%C4%91%E1%BA%B9p-v%C3%A0-khung-/773496768520902,,Horizon Coffee – nơi mà buổi sáng của bạn bắt đầu bằng ...,,0,7.0,1317861743085893,,,1,0,
d672ad57b179d585108c9a2db478fa0fd647294e7807f97c7a5f189a43f1b620,dalat_002,facebook,direct_source,https://www.facebook.com/horizondalat/posts/-horizon-coffee-n%C6%A1i-m%C3%A0-bu%E1%BB%95i-s%C3%A1ng-c%E1%BB%A7a-b%E1%BA%A1n-b%E1%BA%AFt-%C4%91%E1%BA%A7u-b%E1%BA%B1ng-v%E1%BB%8B-ngon-view-%C4%91%E1%BA%B9p-v%C3%A0-khung-/773496768520902,https://www.facebook.com/horizondalat/posts/-horizon-coffee-n%C6%A1i-m%C3%A0-bu%E1%BB%95i-s%C3%A1ng-c%E1%BB%A7a-b%E1%BA%A1n-b%E1%BA%AFt-%C4%91%E1%BA%A7u-b%E1%BA%B1ng-v%E1%BB%8B-ngon-view-%C4%91%E1%BA%B9p-v%C3%A0-khung-/773496768520902,,Horizon Coffee – nơi mà buổi sáng của bạn bắt đầu bằng ...,,0,7.0,1253731472847805,,,1,0,
bfd10531407434d04bbf4c8c7a6c695daf0b6d385d17ac0f511ccb9a40d24c95,dalat_002,facebook,direct_source,https://www.facebook.com/horizondalat/posts/-horizon-coffee-n%C6%A1i-m%C3%A0-bu%E1%BB%95i-s%C3%A1ng-c%E1%BB%A7a-b%E1%BA%A1n-b%E1%BA%AFt-%C4%91%E1%BA%A7u-b%E1%BA%B1ng-v%E1%BB%8B-ngon-view-%C4%91%E1%BA%B9p-v%C3%A0-khung-/773496768520902,https://www.facebook.com/horizondalat/posts/-horizon-coffee-n%C6%A1i-m%C3%A0-bu%E1%BB%95i-s%C3%A1ng-c%E1%BB%A7a-b%E1%BA%A1n-b%E1%BA%AFt-%C4%91%E1%BA%A7u-b%E1%BA%B1ng-v%E1%BB%8B-ngon-view-%C4%91%E1%BA%B9p-v%C3%A0-khung-/773496768520902,,Horizon Coffee – nơi mà buổi sáng của bạn bắt đầu bằng ...,,0,7.0,1090343703184406,,,1,0,no_review_signal
c6467b7534c8d97a28e8ecc462f10df82a1cbc633302a29c7c48a4c69e8febfe,dalat_002,facebook,direct_source,https://www.facebook.com/horizondalat/posts/-horizon-coffee-n%C6%A1i-m%C3%A0-bu%E1%BB%95i-s%C3%A1ng-c%E1%BB%A7a-b%E1%BA%A1n-b%E1%BA%AFt-%C4%91%E1%BA%A7u-b%E1%BA%B1ng-v%E1%BB%8B-ngon-view-%C4%91%E1%BA%B9p-v%C3%A0-khung-/773496768520902,https://www.facebook.com/horizondalat/posts/-horizon-coffee-n%C6%A1i-m%C3%A0-bu%E1%BB%95i-s%C3%A1ng-c%E1%BB%A7a-b%E1%BA%A1n-b%E1%BA%AFt-%C4%91%E1%BA%A7u-b%E1%BA%B1ng-v%E1%BB%8B-ngon-view-%C4%91%E1%BA%B9p-v%C3%A0-khung-/773496768520902,,Horizon Coffee – nơi mà buổi sáng của bạn bắt đầu bằng ...,,0,7.0,827115393312870,,,1,0,no_review_signal
0f936b6c9821be50fbe5018d71f797335692432a3aaea301b45b0e9790468bad,dalat_002,facebook,direct_source,https://www.facebook.com/horizondalat/posts/-horizon-coffee-n%C6%A1i-m%C3%A0-bu%E1%BB%95i-s%C3%A1ng-c%E1%BB%A7a-b%E1%BA%A1n-b%E1%BA%AFt-%C4%91%E1%BA%A7u-b%E1%BA%B1ng-v%E1%BB%8B-ngon-view-%C4%91%E1%BA%B9p-v%C3%A0-khung-/773496768520902,https://www.facebook.com/horizondalat/posts/-horizon-coffee-n%C6%A1i-m%C3%A0-bu%E1%BB%95i-s%C3%A1ng-c%E1%BB%A7a-b%E1%BA%A1n-b%E1%BA%AFt-%C4%91%E1%BA%A7u-b%E1%BA%B1ng-v%E1%BB%8B-ngon-view-%C4%91%E1%BA%B9p-v%C3%A0-khung-/773496768520902,,Horizon Coffee – nơi mà buổi sáng của bạn bắt đầu bằng ...,,0,7.0,1201735315118167,,,1,0,
c907aafe987f53e4baba6ba638dc0e12196df58e74b06a9374c3217ccd64f505,dalat_002,facebook,direct_source,https://www.facebook.com/horizondalat/posts/-horizon-coffee-n%C6%A1i-m%C3%A0-bu%E1%BB%95i-s%C3%A1ng-c%E1%BB%A7a-b%E1%BA%A1n-b%E1%BA%AFt-%C4%91%E1%BA%A7u-b%E1%BA%B1ng-v%E1%BB%8B-ngon-view-%C4%91%E1%BA%B9p-v%C3%A0-khung-/773496768520902,https://www.facebook.com/horizondalat/posts/-horizon-coffee-n%C6%A1i-m%C3%A0-bu%E1%BB%95i-s%C3%A1ng-c%E1%BB%A7a-b%E1%BA%A1n-b%E1%BA%AFt-%C4%91%E1%BA%A7u-b%E1%BA%B1ng-v%E1%BB%8B-ngon-view-%C4%91%E1%BA%B9p-v%C3%A0-khung-/773496768520902,,Horizon Coffee – nơi mà buổi sáng của bạn bắt đầu bằng ...,,0,7.0,2609884599356713,,,1,0,junk_question_or_tag
b5bcdab7d05f22399703570e2b3675abf43b0f4e4879d57a58a1810647819845,dalat_002,facebook,direct_source,https://www.facebook.com/horizondalat/posts/-horizon-coffee-n%C6%A1i-m%C3%A0-bu%E1%BB%95i-s%C3%A1ng-c%E1%BB%A7a-b%E1%BA%A1n-b%E1%BA%AFt-%C4%91%E1%BA%A7u-b%E1%BA%B1ng-v%E1%BB%8B-ngon-view-%C4%91%E1%BA%B9p-v%C3%A0-khung-/773496768520902,https://www.facebook.com/horizondalat/posts/-horizon-coffee-n%C6%A1i-m%C3%A0-bu%E1%BB%95i-s%C3%A1ng-c%E1%BB%A7a-b%E1%BA%A1n-b%E1%BA%AFt-%C4%91%E1%BA%A7u-b%E1%BA%B1ng-v%E1%BB%8B-ngon-view-%C4%91%E1%BA%B9p-v%C3%A0-khung-/773496768520902,,Horizon Coffee – nơi mà buổi sáng của bạn bắt đầu bằng ...,,0,7.0,1262906482569570,,,0,0,too_short
aa0d83289cef5b9ae82b679c419f0381e69b18262ad22f5cee7e64832286e1a6,dalat_002,facebook,direct_source,https://www.facebook.com/horizondalat/posts/-horizon-coffee-n%C6%A1i-m%C3%A0-bu%E1%BB%95i-s%C3%A1ng-c%E1%BB%A7a-b%E1%BA%A1n-b%E1%BA%AFt-%C4%91%E1%BA%A7u-b%E1%BA%B1ng-v%E1%BB%8B-ngon-view-%C4%91%E1%BA%B9p-v%C3%A0-khung-/773496768520902,https://www.facebook.com/horizondalat/posts/-horizon-coffee-n%C6%A1i-m%C3%A0-bu%E1%BB%95i-s%C3%A1ng-c%E1%BB%A7a-b%E1%BA%A1n-b%E1%BA%AFt-%C4%91%E1%BA%A7u-b%E1%BA%B1ng-v%E1%BB%8B-ngon-view-%C4%91%E1%BA%B9p-v%C3%A0-khung-/773496768520902,,Horizon Coffee – nơi mà buổi sáng của bạn bắt đầu bằng ...,,0,7.0,978243954551895,,,0,0,
2760aa61e438377c40af6d3e9e6151305545426a43ba2b21ed2c689f7c611aaa,dalat_002,facebook,direct_source,https://www.facebook.com/horizondalat/posts/-horizon-coffee-n%C6%A1i-m%C3%A0-bu%E1%BB%95i-s%C3%A1ng-c%E1%BB%A7a-b%E1%BA%A1n-b%E1%BA%AFt-%C4%91%E1%BA%A7u-b%E1%BA%B1ng-v%E1%BB%8B-ngon-view-%C4%91%E1%BA%B9p-v%C3%A0-khung-/773496768520902,https://www.facebook.com/horizondalat/posts/-horizon-coffee-n%C6%A1i-m%C3%A0-bu%E1%BB%95i-s%C3%A1ng-c%E1%BB%A7a-b%E1%BA%A1n-b%E1%BA%AFt-%C4%91%E1%BA%A7u-b%E1%BA%B1ng-v%E1%BB%8B-ngon-view-%C4%91%E1%BA%B9p-v%C3%A0-khung-/773496768520902,,Horizon Coffee – nơi mà buổi sáng của bạn bắt đầu bằng ...,,0,7.0,921407734057754,,,0,0,no_review_signal
be38bb109eb00ba11769d781c6a52292ccc6da21d9e3bc9d5be4394139b690e6,dalat_002,facebook,direct_source,https://www.facebook.com/horizondalat/posts/-horizon-coffee-n%C6%A1i-m%C3%A0-bu%E1%BB%95i-s%C3%A1ng-c%E1%BB%A7a-b%E1%BA%A1n-b%E1%BA%AFt-%C4%91%E1%BA%A7u-b%E1%BA%B1ng-v%E1%BB%8B-ngon-view-%C4%91%E1%BA%B9p-v%C3%A0-khung-/773496768520902,https://www.facebook.com/horizondalat/posts/-horizon-coffee-n%C6%A1i-m%C3%A0-bu%E1%BB%95i-s%C3%A1ng-c%E1%BB%A7a-b%E1%BA%A1n-b%E1%BA%AFt-%C4%91%E1%BA%A7u-b%E1%BA%B1ng-v%E1%BB%8B-ngon-view-%C4%91%E1%BA%B9p-v%C3%A0-khung-/773496768520902,,Horizon Coffee – nơi mà buổi sáng của bạn bắt đầu bằng ...,,0,7.0,4317517421868978,,,0,0,no_review_signal
ef7572fab594ade26a0cf42e32119199390d0604c510262f341e7d824ac9ddfa,dalat_002,facebook,direct_source,https://www.facebook.com/horizondalat/posts/-horizon-coffee-n%C6%A1i-m%C3%A0-bu%E1%BB%95i-s%C3%A1ng-c%E1%BB%A7a-b%E1%BA%A1n-b%E1%BA%AFt-%C4%91%E1%BA%A7u-b%E1%BA%B1ng-v%E1%BB%8B-ngon-view-%C4%91%E1%BA%B9p-v%C3%A0-khung-/773496768520902,https://www.facebook.com/horizondalat/posts/-horizon-coffee-n%C6%A1i-m%C3%A0-bu%E1%BB%95i-s%C3%A1ng-c%E1%BB%A7a-b%E1%BA%A1n-b%E1%BA%AFt-%C4%91%E1%BA%A7u-b%E1%BA%B1ng-v%E1%BB%8B-ngon-view-%C4%91%E1%BA%B9p-v%C3%A0-khung-/773496768520902,,Horizon Coffee – nơi mà buổi sáng của bạn bắt đầu bằng ...,,0,7.0,1508591210666419,,,0,0,too_short
0df6393c3ba3fc84a8f46922105cb7680f09a8702dfa3ea127e30df163d3de2c,dalat_002,facebook,direct_source,https://www.facebook.com/horizondalat/posts/-horizon-coffee-n%C6%A1i-m%C3%A0-bu%E1%BB%95i-s%C3%A1ng-c%E1%BB%A7a-b%E1%BA%A1n-b%E1%BA%AFt-%C4%91%E1%BA%A7u-b%E1%BA%B1ng-v%E1%BB%8B-ngon-view-%C4%91%E1%BA%B9p-v%C3%A0-khung-/773496768520902,https://www.facebook.com/horizondalat/posts/-horizon-coffee-n%C6%A1i-m%C3%A0-bu%E1%BB%95i-s%C3%A1ng-c%E1%BB%A7a-b%E1%BA%A1n-b%E1%BA%AFt-%C4%91%E1%BA%A7u-b%E1%BA%B1ng-v%E1%BB%8B-ngon-view-%C4%91%E1%BA%B9p-v%C3%A0-khung-/773496768520902,,Horizon Coffee – nơi mà buổi sáng của bạn bắt đầu bằng ...,,0,7.0,979055424601076,,,0,0,
0b6397fd8325594e2cc7ed512f4548c9032aaa35ae06b6d5a8bfa2b2126b7f48,dalat_002,facebook,direct_source,https://www.facebook.com/horizondalat/posts/-horizon-coffee-n%C6%A1i-m%C3%A0-bu%E1%BB%95i-s%C3%A1ng-c%E1%BB%A7a-b%E1%BA%A1n-b%E1%BA%AFt-%C4%91%E1%BA%A7u-b%E1%BA%B1ng-v%E1%BB%8B-ngon-view-%C4%91%E1%BA%B9p-v%C3%A0-khung-/773496768520902,https://www.facebook.com/horizondalat/posts/-horizon-coffee-n%C6%A1i-m%C3%A0-bu%E1%BB%95i-s%C3%A1ng-c%E1%BB%A7a-b%E1%BA%A1n-b%E1%BA%AFt-%C4%91%E1%BA%A7u-b%E1%BA%B1ng-v%E1%BB%8B-ngon-view-%C4%91%E1%BA%B9p-v%C3%A0-khung-/773496768520902,,Horizon Coffee – nơi mà buổi sáng của bạn bắt đầu bằng ...,,0,7.0,1317330320459447,,,0,0,too_short
46474d418ab1770b992aef5d588a90fe32b1219432c8df93e7b8899215116706,dalat_002,facebook,direct_source,https://www.facebook.com/horizondalat/posts/-horizon-coffee-n%C6%A1i-m%C3%A0-bu%E1%BB%95i-s%C3%A1ng-c%E1%BB%A7a-b%E1%BA%A1n-b%E1%BA%AFt-%C4%91%E1%BA%A7u-b%E1%BA%B1ng-v%E1%BB%8B-ngon-view-%C4%91%E1%BA%B9p-v%C3%A0-khung-/773496768520902,https://www.facebook.com/horizondalat/posts/-horizon-coffee-n%C6%A1i-m%C3%A0-bu%E1%BB%95i-s%C3%A1ng-c%E1%BB%A7a-b%E1%BA%A1n-b%E1%BA%AFt-%C4%91%E1%BA%A7u-b%E1%BA%B1ng-v%E1%BB%8B-ngon-view-%C4%91%E1%BA%B9p-v%C3%A0-khung-/773496768520902,,Horizon Coffee – nơi mà buổi sáng của bạn bắt đầu bằng ...,,0,7.0,1499569588371615,,,0,0,no_review_signal
4d0ea88d08b0b3a7f18f661672dbb49b3caa994be5eaba7a9537af5e7cc827c5,dalat_002,facebook,direct_source,https://www.facebook.com/horizondalat/posts/-horizon-coffee-n%C6%A1i-m%C3%A0-bu%E1%BB%95i-s%C3%A1ng-c%E1%BB%A7a-b%E1%BA%A1n-b%E1%BA%AFt-%C4%91%E1%BA%A7u-b%E1%BA%B1ng-v%E1%BB%8B-ngon-view-%C4%91%E1%BA%B9p-v%C3%A0-khung-/773496768520902,https://www.facebook.com/horizondalat/posts/-horizon-coffee-n%C6%A1i-m%C3%A0-bu%E1%BB%95i-s%C3%A1ng-c%E1%BB%A7a-b%E1%BA%A1n-b%E1%BA%AFt-%C4%91%E1%BA%A7u-b%E1%BA%B1ng-v%E1%BB%8B-ngon-view-%C4%91%E1%BA%B9p-v%C3%A0-khung-/773496768520902,,Horizon Coffee – nơi mà buổi sáng của bạn bắt đầu bằng ...,,0,7.0,1540757764143105,,,0,0,no_review_signal
92abab343031e8a5d21728b31710aaac1907cc16259c02b0a889be2ba1f6a02a,dalat_002,facebook,direct_source,https://www.facebook.com/horizondalat/posts/-horizon-coffee-n%C6%A1i-m%C3%A0-bu%E1%BB%95i-s%C3%A1ng-c%E1%BB%A7a-b%E1%BA%A1n-b%E1%BA%AFt-%C4%91%E1%BA%A7u-b%E1%BA%B1ng-v%E1%BB%8B-ngon-view-%C4%91%E1%BA%B9p-v%C3%A0-khung-/773496768520902,https://www.facebook.com/horizondalat/posts/-horizon-coffee-n%C6%A1i-m%C3%A0-bu%E1%BB%95i-s%C3%A1ng-c%E1%BB%A7a-b%E1%BA%A1n-b%E1%BA%AFt-%C4%91%E1%BA%A7u-b%E1%BA%B1ng-v%E1%BB%8B-ngon-view-%C4%91%E1%BA%B9p-v%C3%A0-khung-/773496768520902,,Horizon Coffee – nơi mà buổi sáng của bạn bắt đầu bằng ...,,0,7.0,1941659309818196,,,0,0,
2c3e24224d4fb712a1fec0de2cb229c8204e644d7510136ee55f15e27da36260,dalat_002,facebook,direct_source,https://www.facebook.com/horizondalat/posts/-horizon-coffee-n%C6%A1i-m%C3%A0-bu%E1%BB%95i-s%C3%A1ng-c%E1%BB%A7a-b%E1%BA%A1n-b%E1%BA%AFt-%C4%91%E1%BA%A7u-b%E1%BA%B1ng-v%E1%BB%8B-ngon-view-%C4%91%E1%BA%B9p-v%C3%A0-khung-/773496768520902,https://www.facebook.com/horizondalat/posts/-horizon-coffee-n%C6%A1i-m%C3%A0-bu%E1%BB%95i-s%C3%A1ng-c%E1%BB%A7a-b%E1%BA%A1n-b%E1%BA%AFt-%C4%91%E1%BA%A7u-b%E1%BA%B1ng-v%E1%BB%8B-ngon-view-%C4%91%E1%BA%B9p-v%C3%A0-khung-/773496768520902,,Horizon Coffee – nơi mà buổi sáng của bạn bắt đầu bằng ...,,0,7.0,1215592600493871,,,0,0,
0c1844455d7f6206c916cd265294f08715b78c6fc8758281c1d0502703bd1f5d,dalat_002,facebook,direct_source,https://www.facebook.com/horizondalat/posts/-horizon-coffee-n%C6%A1i-m%C3%A0-bu%E1%BB%95i-s%C3%A1ng-c%E1%BB%A7a-b%E1%BA%A1n-b%E1%BA%AFt-%C4%91%E1%BA%A7u-b%E1%BA%B1ng-v%E1%BB%8B-ngon-view-%C4%91%E1%BA%B9p-v%C3%A0-khung-/773496768520902,https://www.facebook.com/horizondalat/posts/-horizon-coffee-n%C6%A1i-m%C3%A0-bu%E1%BB%95i-s%C3%A1ng-c%E1%BB%A7a-b%E1%BA%A1n-b%E1%BA%AFt-%C4%91%E1%BA%A7u-b%E1%BA%B1ng-v%E1%BB%8B-ngon-view-%C4%91%E1%BA%B9p-v%C3%A0-khung-/773496768520902,,Horizon Coffee – nơi mà buổi sáng của bạn bắt đầu bằng ...,,0,7.0,955100057432812,,,0,0,
99293f358669b8bc31a6af269676738b9756dced09bbe5c2e37ba9b8e3bf74b1,dalat_002,facebook,direct_source,https://www.facebook.com/horizondalat/posts/-horizon-coffee-n%C6%A1i-m%C3%A0-bu%E1%BB%95i-s%C3%A1ng-c%E1%BB%A7a-b%E1%BA%A1n-b%E1%BA%AFt-%C4%91%E1%BA%A7u-b%E1%BA%B1ng-v%E1%BB%8B-ngon-view-%C4%91%E1%BA%B9p-v%C3%A0-khung-/773496768520902,https://www.facebook.com/horizondalat/posts/-horizon-coffee-n%C6%A1i-m%C3%A0-bu%E1%BB%95i-s%C3%A1ng-c%E1%BB%A7a-b%E1%BA%A1n-b%E1%BA%AFt-%C4%91%E1%BA%A7u-b%E1%BA%B1ng-v%E1%BB%8B-ngon-view-%C4%91%E1%BA%B9p-v%C3%A0-khung-/773496768520902,,Horizon Coffee – nơi mà buổi sáng của bạn bắt đầu bằng ...,,0,7.0,1541646007484014,,,0,0,too_short
afca6576464d42791d6c9d2fb088a9b727ed5b7fabb38166153a5c39b2cda68a,dalat_002,facebook,direct_source,https://www.facebook.com/horizondalat/posts/-horizon-coffee-n%C6%A1i-m%C3%A0-bu%E1%BB%95i-s%C3%A1ng-c%E1%BB%A7a-b%E1%BA%A1n-b%E1%BA%AFt-%C4%91%E1%BA%A7u-b%E1%BA%B1ng-v%E1%BB%8B-ngon-view-%C4%91%E1%BA%B9p-v%C3%A0-khung-/773496768520902,https://www.facebook.com/horizondalat/posts/-horizon-coffee-n%C6%A1i-m%C3%A0-bu%E1%BB%95i-s%C3%A1ng-c%E1%BB%A7a-b%E1%BA%A1n-b%E1%BA%AFt-%C4%91%E1%BA%A7u-b%E1%BA%B1ng-v%E1%BB%8B-ngon-view-%C4%91%E1%BA%B9p-v%C3%A0-khung-/773496768520902,,Horizon Coffee – nơi mà buổi sáng của bạn bắt đầu bằng ...,,0,7.0,1990397245108060,,,0,1,no_review_signal
